artifact_version,source_identity_key,prior_manifest_row_number,prior_manifest_sha256,prior_disposition,final_disposition,material,source_variant_id,historical_sku,historical_product_title,historical_variant_title,canonical_variant_id,continuity_role,continuity_pair_id,continuity_predecessor_variant_id,continuity_successor_variant_id,continuity_sale_periods_overlap,continuity_gap_days,continuity_evidence,terminal_exclusion_reason_code,raw_row_count,first_sale_date,last_sale_date,net_units,absolute_units,net_sales,absolute_sales,evidence_classification,evidence_version,owner_approval_basis,production_sales_backfill_id
PHASE4_TERMINAL_DISPOSITION_V1,0|1809623|FRONTERA CAB MERLOT|1.5L,1,95fe0c7902efc337bb51ba0b5a2f974f9b2ac76d7221a25e7dcd52a8cd28d287,LEAVE_UNRESOLVED,EXCLUDE_UNATTRIBUTABLE,true,0,1809623,Frontera Cabernet Sauvignon - Merlot,1.5L,,,,,,,,,HISTORICAL_IDENTITY_UNATTRIBUTABLE_AFTER_EXHAUSTIVE_REVIEW,33,2024-12-20,2025-09-23,60.0000,60.0000,589.40,589.40,U0_NO_SAFE_CANONICAL_ATTRIBUTION_AFTER_EXHAUSTIVE_REVIEW,phase4-terminal-disposition-evidence-v1,OWNER_AUTHORIZATION_2026-08-21_PHASE4_TERMINAL_PACKET,d389079c-eabf-49b5-a245-40a207025fd7
PHASE4_TERMINAL_DISPOSITION_V1,0|18949|LIFEVINE CHARDONNAY|750ML,2,95fe0c7902efc337bb51ba0b5a2f974f9b2ac76d7221a25e7dcd52a8cd28d287,LEAVE_UNRESOLVED,EXCLUDE_UNATTRIBUTABLE,true,0,18949,Lifevine Chardonnay,750ML,,,,,,,,,HISTORICAL_IDENTITY_UNATTRIBUTABLE_AFTER_EXHAUSTIVE_REVIEW,22,2024-12-24,2026-03-26,35.0000,35.0000,546.13,546.13,U0_NO_SAFE_CANONICAL_ATTRIBUTION_AFTER_EXHAUSTIVE_REVIEW,phase4-terminal-disposition-evidence-v1,OWNER_AUTHORIZATION_2026-08-21_PHASE4_TERMINAL_PACKET,d389079c-eabf-49b5-a245-40a207025fd7
PHASE4_TERMINAL_DISPOSITION_V1,0|19114|A AND J CAB|750ML,3,95fe0c7902efc337bb51ba0b5a2f974f9b2ac76d7221a25e7dcd52a8cd28d287,LEAVE_UNRESOLVED,EXCLUDE_UNATTRIBUTABLE,true,0,19114,A&J Cabernet Sauvignon,750ML,,,,,,,,,HISTORICAL_IDENTITY_UNATTRIBUTABLE_AFTER_EXHAUSTIVE_REVIEW,12,2024-12-16,2025-04-08,12.0000,12.0000,71.28,71.28,U0_NO_SAFE_CANONICAL_ATTRIBUTION_AFTER_EXHAUSTIVE_REVIEW,phase4-terminal-disposition-evidence-v1,OWNER_AUTHORIZATION_2026-08-21_PHASE4_TERMINAL_PACKET,d389079c-eabf-49b5-a245-40a207025fd7
PHASE4_TERMINAL_DISPOSITION_V1,0|19115|A AND J CAB|1.5L,4,95fe0c7902efc337bb51ba0b5a2f974f9b2ac76d7221a25e7dcd52a8cd28d287,LEAVE_UNRESOLVED,EXCLUDE_UNATTRIBUTABLE,true,0,19115,A&J Cabernet Sauvignon,1.5L,,,,,,,,,HISTORICAL_IDENTITY_UNATTRIBUTABLE_AFTER_EXHAUSTIVE_REVIEW,14,2024-12-23,2025-10-10,16.0000,16.0000,144.90,144.90,U0_NO_SAFE_CANONICAL_ATTRIBUTION_AFTER_EXHAUSTIVE_REVIEW,phase4-terminal-disposition-evidence-v1,OWNER_AUTHORIZATION_2026-08-21_PHASE4_TERMINAL_PACKET,d389079c-eabf-49b5-a245-40a207025fd7
PHASE4_TERMINAL_DISPOSITION_V1,0|19125|A AND J PN|750ML,5,95fe0c7902efc337bb51ba0b5a2f974f9b2ac76d7221a25e7dcd52a8cd28d287,LEAVE_UNRESOLVED,EXCLUDE_UNATTRIBUTABLE,true,0,19125,A&J Pinot Noir,750ML,,,,,,,,,HISTORICAL_IDENTITY_UNATTRIBUTABLE_AFTER_EXHAUSTIVE_REVIEW,9,2024-11-28,2025-10-05,12.0000,12.0000,69.79,69.79,U0_NO_SAFE_CANONICAL_ATTRIBUTION_AFTER_EXHAUSTIVE_REVIEW,phase4-terminal-disposition-evidence-v1,OWNER_AUTHORIZATION_2026-08-21_PHASE4_TERMINAL_PACKET,d389079c-eabf-49b5-a245-40a207025fd7
PHASE4_TERMINAL_DISPOSITION_V1,0|19126|A AND J PN|1.5L,6,95fe0c7902efc337bb51ba0b5a2f974f9b2ac76d7221a25e7dcd52a8cd28d287,LEAVE_UNRESOLVED,EXCLUDE_UNATTRIBUTABLE,true,0,19126,A&J Pinot Noir,1.5L,,,,,,,,,HISTORICAL_IDENTITY_UNATTRIBUTABLE_AFTER_EXHAUSTIVE_REVIEW,15,2025-01-02,2025-10-28,16.0000,16.0000,129.96,129.96,U0_NO_SAFE_CANONICAL_ATTRIBUTION_AFTER_EXHAUSTIVE_REVIEW,phase4-terminal-disposition-evidence-v1,OWNER_AUTHORIZATION_2026-08-21_PHASE4_TERMINAL_PACKET,d389079c-eabf-49b5-a245-40a207025fd7
PHASE4_TERMINAL_DISPOSITION_V1,0|19933|SUN CRUISER VARIETY|355ML,7,95fe0c7902efc337bb51ba0b5a2f974f9b2ac76d7221a25e7dcd52a8cd28d287,LEAVE_UNRESOLVED,EXCLUDE_UNATTRIBUTABLE,true,0,19933,Sun Cruiser Variety,355ML,,,,,,,,,HISTORICAL_IDENTITY_UNATTRIBUTABLE_AFTER_EXHAUSTIVE_REVIEW,9,2024-12-12,2025-08-17,9.0000,9.0000,179.91,179.91,U0_NO_SAFE_CANONICAL_ATTRIBUTION_AFTER_EXHAUSTIVE_REVIEW,phase4-terminal-disposition-evidence-v1,OWNER_AUTHORIZATION_2026-08-21_PHASE4_TERMINAL_PACKET,d389079c-eabf-49b5-a245-40a207025fd7
PHASE4_TERMINAL_DISPOSITION_V1,0|19933|SUN CRUISER VARIETY|8PK 12OZ CANS,8,95fe0c7902efc337bb51ba0b5a2f974f9b2ac76d7221a25e7dcd52a8cd28d287,LEAVE_UNRESOLVED,EXCLUDE_UNATTRIBUTABLE,true,0,19933,Sun Cruiser Variety,8pk-12oz Cans,,,,,,,,,HISTORICAL_IDENTITY_UNATTRIBUTABLE_AFTER_EXHAUSTIVE_REVIEW,3,2025-10-25,2026-01-10,6.0000,6.0000,119.94,119.94,U0_NO_SAFE_CANONICAL_ATTRIBUTION_AFTER_EXHAUSTIVE_REVIEW,phase4-terminal-disposition-evidence-v1,OWNER_AUTHORIZATION_2026-08-21_PHASE4_TERMINAL_PACKET,d389079c-eabf-49b5-a245-40a207025fd7
PHASE4_TERMINAL_DISPOSITION_V1,0|209135|FOX RUN SEMI DRY RIESLING|750ML,9,95fe0c7902efc337bb51ba0b5a2f974f9b2ac76d7221a25e7dcd52a8cd28d287,LEAVE_UNRESOLVED,EXCLUDE_UNATTRIBUTABLE,true,0,209135,Fox Run Semi Dry Riesling,750ML,,,,,,,,,HISTORICAL_IDENTITY_UNATTRIBUTABLE_AFTER_EXHAUSTIVE_REVIEW,52,2024-12-13,2026-04-02,54.0000,54.0000,863.46,863.46,U0_NO_SAFE_CANONICAL_ATTRIBUTION_AFTER_EXHAUSTIVE_REVIEW,phase4-terminal-disposition-evidence-v1,OWNER_AUTHORIZATION_2026-08-21_PHASE4_TERMINAL_PACKET,d389079c-eabf-49b5-a245-40a207025fd7
PHASE4_TERMINAL_DISPOSITION_V1,0|2208|BRILLA DELLE VENEZIE PG|750ML,10,95fe0c7902efc337bb51ba0b5a2f974f9b2ac76d7221a25e7dcd52a8cd28d287,LEAVE_UNRESOLVED,EXCLUDE_UNATTRIBUTABLE,true,0,2208,Brilla Delle Venezie Pinot Grigio,750ML,,,,,,,,,HISTORICAL_IDENTITY_UNATTRIBUTABLE_AFTER_EXHAUSTIVE_REVIEW,62,2024-12-02,2025-12-01,72.0000,72.0000,932.05,932.05,U0_NO_SAFE_CANONICAL_ATTRIBUTION_AFTER_EXHAUSTIVE_REVIEW,phase4-terminal-disposition-evidence-v1,OWNER_AUTHORIZATION_2026-08-21_PHASE4_TERMINAL_PACKET,d389079c-eabf-49b5-a245-40a207025fd7
PHASE4_TERMINAL_DISPOSITION_V1,0|300010|CUTWATER WHISKEY LEMONADE|12OZ,11,95fe0c7902efc337bb51ba0b5a2f974f9b2ac76d7221a25e7dcd52a8cd28d287,LEAVE_UNRESOLVED,EXCLUDE_UNATTRIBUTABLE,true,0,300010,Cutwater Whiskey Lemonade,12oz,,,,,,,,,HISTORICAL_IDENTITY_UNATTRIBUTABLE_AFTER_EXHAUSTIVE_REVIEW,14,2025-03-20,2025-08-26,15.0000,15.0000,194.85,194.85,U0_NO_SAFE_CANONICAL_ATTRIBUTION_AFTER_EXHAUSTIVE_REVIEW,phase4-terminal-disposition-evidence-v1,OWNER_AUTHORIZATION_2026-08-21_PHASE4_TERMINAL_PACKET,d389079c-eabf-49b5-a245-40a207025fd7
PHASE4_TERMINAL_DISPOSITION_V1,0|300010|CUTWATER WHISKEY LEMONADE|4PK 12OZ CANS,12,95fe0c7902efc337bb51ba0b5a2f974f9b2ac76d7221a25e7dcd52a8cd28d287,LEAVE_UNRESOLVED,EXCLUDE_UNATTRIBUTABLE,true,0,300010,Cutwater Whiskey Lemonade,4pk-12oz Cans,,,,,,,,,HISTORICAL_IDENTITY_UNATTRIBUTABLE_AFTER_EXHAUSTIVE_REVIEW,2,2025-08-30,2025-09-08,2.0000,2.0000,25.98,25.98,U0_NO_SAFE_CANONICAL_ATTRIBUTION_AFTER_EXHAUSTIVE_REVIEW,phase4-terminal-disposition-evidence-v1,OWNER_AUTHORIZATION_2026-08-21_PHASE4_TERMINAL_PACKET,d389079c-eabf-49b5-a245-40a207025fd7
PHASE4_TERMINAL_DISPOSITION_V1,0|3001320|VOLCAN DE MI TIERRA BLANCO|750ML,13,95fe0c7902efc337bb51ba0b5a2f974f9b2ac76d7221a25e7dcd52a8cd28d287,LEAVE_UNRESOLVED,EXCLUDE_UNATTRIBUTABLE,true,0,3001320,Volcan De Mi Tierra Blanco,750ML,,,,,,,,,HISTORICAL_IDENTITY_UNATTRIBUTABLE_AFTER_EXHAUSTIVE_REVIEW,3,2025-02-14,2025-07-18,3.0000,3.0000,156.10,156.10,U0_NO_SAFE_CANONICAL_ATTRIBUTION_AFTER_EXHAUSTIVE_REVIEW,phase4-terminal-disposition-evidence-v1,OWNER_AUTHORIZATION_2026-08-21_PHASE4_TERMINAL_PACKET,d389079c-eabf-49b5-a245-40a207025fd7
PHASE4_TERMINAL_DISPOSITION_V1,0|3003070|PRIMO AMORE MOSCATO PUGLIA IGT|750ML,14,95fe0c7902efc337bb51ba0b5a2f974f9b2ac76d7221a25e7dcd52a8cd28d287,LEAVE_UNRESOLVED,EXCLUDE_UNATTRIBUTABLE,true,0,3003070,Primo Amore Moscato Puglia IGT,750ML,,,,,,,,,HISTORICAL_IDENTITY_UNATTRIBUTABLE_AFTER_EXHAUSTIVE_REVIEW,33,2025-02-28,2026-03-13,38.0000,38.0000,483.62,483.62,U0_NO_SAFE_CANONICAL_ATTRIBUTION_AFTER_EXHAUSTIVE_REVIEW,phase4-terminal-disposition-evidence-v1,OWNER_AUTHORIZATION_2026-08-21_PHASE4_TERMINAL_PACKET,d389079c-eabf-49b5-a245-40a207025fd7
PHASE4_TERMINAL_DISPOSITION_V1,0|3003070|ZONIN PRIMO AMORE MOSCATO PUGLIA IGT|750ML,15,95fe0c7902efc337bb51ba0b5a2f974f9b2ac76d7221a25e7dcd52a8cd28d287,LEAVE_UNRESOLVED,EXCLUDE_UNATTRIBUTABLE,true,0,3003070,Zonin Primo Amore Moscato Puglia IGT,750ML,,,,,,,,,HISTORICAL_IDENTITY_UNATTRIBUTABLE_AFTER_EXHAUSTIVE_REVIEW,9,2024-11-28,2025-01-12,10.0000,10.0000,117.27,117.27,U0_NO_SAFE_CANONICAL_ATTRIBUTION_AFTER_EXHAUSTIVE_REVIEW,phase4-terminal-disposition-evidence-v1,OWNER_AUTHORIZATION_2026-08-21_PHASE4_TERMINAL_PACKET,d389079c-eabf-49b5-a245-40a207025fd7
PHASE4_TERMINAL_DISPOSITION_V1,0|3003424|SOUTHERN TIER VODKA MADRAS|4 PACK,16,95fe0c7902efc337bb51ba0b5a2f974f9b2ac76d7221a25e7dcd52a8cd28d287,LEAVE_UNRESOLVED,EXCLUDE_UNATTRIBUTABLE,true,0,3003424,Southern Tier Vodka Madras,4 Pack,,,,,,,,,HISTORICAL_IDENTITY_UNATTRIBUTABLE_AFTER_EXHAUSTIVE_REVIEW,8,2024-12-14,2025-07-29,8.0000,8.0000,111.92,111.92,U0_NO_SAFE_CANONICAL_ATTRIBUTION_AFTER_EXHAUSTIVE_REVIEW,phase4-terminal-disposition-evidence-v1,OWNER_AUTHORIZATION_2026-08-21_PHASE4_TERMINAL_PACKET,d389079c-eabf-49b5-a245-40a207025fd7
PHASE4_TERMINAL_DISPOSITION_V1,0|3003424|SOUTHERN TIER VODKA MADRAS|4PK 12OZ CANS,17,95fe0c7902efc337bb51ba0b5a2f974f9b2ac76d7221a25e7dcd52a8cd28d287,LEAVE_UNRESOLVED,EXCLUDE_UNATTRIBUTABLE,true,0,3003424,Southern Tier Vodka Madras,4pk-12oz Cans,,,,,,,,,HISTORICAL_IDENTITY_UNATTRIBUTABLE_AFTER_EXHAUSTIVE_REVIEW,7,2025-09-05,2026-05-22,16.0000,16.0000,215.63,215.63,U0_NO_SAFE_CANONICAL_ATTRIBUTION_AFTER_EXHAUSTIVE_REVIEW,phase4-terminal-disposition-evidence-v1,OWNER_AUTHORIZATION_2026-08-21_PHASE4_TERMINAL_PACKET,d389079c-eabf-49b5-a245-40a207025fd7
PHASE4_TERMINAL_DISPOSITION_V1,0|3004074|ARBOR MIST RASPBERRY PINK MOSCATO|1.5L,18,95fe0c7902efc337bb51ba0b5a2f974f9b2ac76d7221a25e7dcd52a8cd28d287,LEAVE_UNRESOLVED,EXCLUDE_UNATTRIBUTABLE,true,0,3004074,Arbor Mist Raspberry Pink Moscato,1.5L,,,,,,,,,HISTORICAL_IDENTITY_UNATTRIBUTABLE_AFTER_EXHAUSTIVE_REVIEW,6,2025-01-09,2025-12-14,6.0000,6.0000,59.94,59.94,U0_NO_SAFE_CANONICAL_ATTRIBUTION_AFTER_EXHAUSTIVE_REVIEW,phase4-terminal-disposition-evidence-v1,OWNER_AUTHORIZATION_2026-08-21_PHASE4_TERMINAL_PACKET,d389079c-eabf-49b5-a245-40a207025fd7
PHASE4_TERMINAL_DISPOSITION_V1,0|3005011|WOODINVILLE STRAIGHT BOURBON WHISKEY|750ML,19,95fe0c7902efc337bb51ba0b5a2f974f9b2ac76d7221a25e7dcd52a8cd28d287,LEAVE_UNRESOLVED,EXCLUDE_UNATTRIBUTABLE,true,0,3005011,Woodinville Straight Bourbon Whiskey,750ML,,,,,,,,,HISTORICAL_IDENTITY_UNATTRIBUTABLE_AFTER_EXHAUSTIVE_REVIEW,11,2024-12-22,2025-12-31,12.0000,12.0000,475.89,475.89,U0_NO_SAFE_CANONICAL_ATTRIBUTION_AFTER_EXHAUSTIVE_REVIEW,phase4-terminal-disposition-evidence-v1,OWNER_AUTHORIZATION_2026-08-21_PHASE4_TERMINAL_PACKET,d389079c-eabf-49b5-a245-40a207025fd7
PHASE4_TERMINAL_DISPOSITION_V1,0|3005013|WOODINVILLE STRAIGHT RYE WHISKEY|750ML,20,95fe0c7902efc337bb51ba0b5a2f974f9b2ac76d7221a25e7dcd52a8cd28d287,LEAVE_UNRESOLVED,EXCLUDE_UNATTRIBUTABLE,true,0,3005013,Woodinville Straight Rye Whiskey,750ML,,,,,,,,,HISTORICAL_IDENTITY_UNATTRIBUTABLE_AFTER_EXHAUSTIVE_REVIEW,8,2024-12-21,2025-12-11,12.0000,12.0000,491.37,491.37,U0_NO_SAFE_CANONICAL_ATTRIBUTION_AFTER_EXHAUSTIVE_REVIEW,phase4-terminal-disposition-evidence-v1,OWNER_AUTHORIZATION_2026-08-21_PHASE4_TERMINAL_PACKET,d389079c-eabf-49b5-a245-40a207025fd7
PHASE4_TERMINAL_DISPOSITION_V1,0|3005365|PENELOPE FOUR GRAIN BARREL STRENGTH STRAIGHT BOURBON|750ML,21,95fe0c7902efc337bb51ba0b5a2f974f9b2ac76d7221a25e7dcd52a8cd28d287,LEAVE_UNRESOLVED,EXCLUDE_UNATTRIBUTABLE,true,0,3005365,Penelope Four Grain Barrel Strength Straight Bourbon,750ML,,,,,,,,,HISTORICAL_IDENTITY_UNATTRIBUTABLE_AFTER_EXHAUSTIVE_REVIEW,6,2024-12-23,2026-01-20,6.0000,6.0000,389.65,389.65,U0_NO_SAFE_CANONICAL_ATTRIBUTION_AFTER_EXHAUSTIVE_REVIEW,phase4-terminal-disposition-evidence-v1,OWNER_AUTHORIZATION_2026-08-21_PHASE4_TERMINAL_PACKET,d389079c-eabf-49b5-a245-40a207025fd7
PHASE4_TERMINAL_DISPOSITION_V1,0|3006147|MILAM AND GREENE PORT CASK STRAIGHT RYE|750ML,22,95fe0c7902efc337bb51ba0b5a2f974f9b2ac76d7221a25e7dcd52a8cd28d287,LEAVE_UNRESOLVED,EXCLUDE_UNATTRIBUTABLE,true,0,3006147,Milam & Greene Port Cask Straight Rye,750ML,,,,,,,,,HISTORICAL_IDENTITY_UNATTRIBUTABLE_AFTER_EXHAUSTIVE_REVIEW,2,2024-12-12,2025-08-17,2.0000,2.0000,105.98,105.98,U0_NO_SAFE_CANONICAL_ATTRIBUTION_AFTER_EXHAUSTIVE_REVIEW,phase4-terminal-disposition-evidence-v1,OWNER_AUTHORIZATION_2026-08-21_PHASE4_TERMINAL_PACKET,d389079c-eabf-49b5-a245-40a207025fd7
PHASE4_TERMINAL_DISPOSITION_V1,0|3006243|HUDSON WHISKEY NY BRIGHT LIGHTS BIG BOURBON|750ML,23,95fe0c7902efc337bb51ba0b5a2f974f9b2ac76d7221a25e7dcd52a8cd28d287,LEAVE_UNRESOLVED,EXCLUDE_UNATTRIBUTABLE,true,0,3006243,"Hudson Whiskey NY Bright Lights, Big Bourbon",750ML,,,,,,,,,HISTORICAL_IDENTITY_UNATTRIBUTABLE_AFTER_EXHAUSTIVE_REVIEW,3,2025-02-10,2026-04-10,3.0000,3.0000,125.97,125.97,U0_NO_SAFE_CANONICAL_ATTRIBUTION_AFTER_EXHAUSTIVE_REVIEW,phase4-terminal-disposition-evidence-v1,OWNER_AUTHORIZATION_2026-08-21_PHASE4_TERMINAL_PACKET,d389079c-eabf-49b5-a245-40a207025fd7
PHASE4_TERMINAL_DISPOSITION_V1,0|3006244|HUDSON WHISKEY NY DO THE RYE THING|750ML,24,95fe0c7902efc337bb51ba0b5a2f974f9b2ac76d7221a25e7dcd52a8cd28d287,LEAVE_UNRESOLVED,EXCLUDE_UNATTRIBUTABLE,true,0,3006244,Hudson Whiskey NY Do The Rye Thing,750ML,,,,,,,,,HISTORICAL_IDENTITY_UNATTRIBUTABLE_AFTER_EXHAUSTIVE_REVIEW,6,2024-12-24,2026-01-30,9.0000,9.0000,343.95,343.95,U0_NO_SAFE_CANONICAL_ATTRIBUTION_AFTER_EXHAUSTIVE_REVIEW,phase4-terminal-disposition-evidence-v1,OWNER_AUTHORIZATION_2026-08-21_PHASE4_TERMINAL_PACKET,d389079c-eabf-49b5-a245-40a207025fd7
PHASE4_TERMINAL_DISPOSITION_V1,0|3006285|VOLCAN DE MI TIERRA REPOSADO|750ML,25,95fe0c7902efc337bb51ba0b5a2f974f9b2ac76d7221a25e7dcd52a8cd28d287,LEAVE_UNRESOLVED,EXCLUDE_UNATTRIBUTABLE,true,0,3006285,Volcan De Mi Tierra Reposado,750ML,,,,,,,,,HISTORICAL_IDENTITY_UNATTRIBUTABLE_AFTER_EXHAUSTIVE_REVIEW,3,2025-02-11,2025-12-24,3.0000,3.0000,188.47,188.47,U0_NO_SAFE_CANONICAL_ATTRIBUTION_AFTER_EXHAUSTIVE_REVIEW,phase4-terminal-disposition-evidence-v1,OWNER_AUTHORIZATION_2026-08-21_PHASE4_TERMINAL_PACKET,d389079c-eabf-49b5-a245-40a207025fd7
PHASE4_TERMINAL_DISPOSITION_V1,0|3006449|MILAM AND GREENE SINGLE BARREL STRAIGHT|750ML,26,95fe0c7902efc337bb51ba0b5a2f974f9b2ac76d7221a25e7dcd52a8cd28d287,LEAVE_UNRESOLVED,EXCLUDE_UNATTRIBUTABLE,true,0,3006449,Milam & Greene Single Barrel Straight,750ML,,,,,,,,,HISTORICAL_IDENTITY_UNATTRIBUTABLE_AFTER_EXHAUSTIVE_REVIEW,2,2024-12-24,2026-06-03,2.0000,2.0000,139.98,139.98,U0_NO_SAFE_CANONICAL_ATTRIBUTION_AFTER_EXHAUSTIVE_REVIEW,phase4-terminal-disposition-evidence-v1,OWNER_AUTHORIZATION_2026-08-21_PHASE4_TERMINAL_PACKET,d389079c-eabf-49b5-a245-40a207025fd7
PHASE4_TERMINAL_DISPOSITION_V1,0|3009333|BAREFOOT BRIGHT AND BREEZY CHARDONNAY|750ML,27,95fe0c7902efc337bb51ba0b5a2f974f9b2ac76d7221a25e7dcd52a8cd28d287,LEAVE_UNRESOLVED,EXCLUDE_UNATTRIBUTABLE,true,0,3009333,Barefoot Bright & Breezy Chardonnay,750ML,,,,,,,,,HISTORICAL_IDENTITY_UNATTRIBUTABLE_AFTER_EXHAUSTIVE_REVIEW,9,2024-12-23,2025-09-26,12.0000,12.0000,83.19,83.19,U0_NO_SAFE_CANONICAL_ATTRIBUTION_AFTER_EXHAUSTIVE_REVIEW,phase4-terminal-disposition-evidence-v1,OWNER_AUTHORIZATION_2026-08-21_PHASE4_TERMINAL_PACKET,d389079c-eabf-49b5-a245-40a207025fd7
PHASE4_TERMINAL_DISPOSITION_V1,0|3009334|BAREFOOT BRIGHT AND BREEZY PG|750ML,28,95fe0c7902efc337bb51ba0b5a2f974f9b2ac76d7221a25e7dcd52a8cd28d287,LEAVE_UNRESOLVED,EXCLUDE_UNATTRIBUTABLE,true,0,3009334,Barefoot Bright & Breezy Pinot Grigio,750ML,,,,,,,,,HISTORICAL_IDENTITY_UNATTRIBUTABLE_AFTER_EXHAUSTIVE_REVIEW,11,2024-12-23,2025-12-07,12.0000,12.0000,83.88,83.88,U0_NO_SAFE_CANONICAL_ATTRIBUTION_AFTER_EXHAUSTIVE_REVIEW,phase4-terminal-disposition-evidence-v1,OWNER_AUTHORIZATION_2026-08-21_PHASE4_TERMINAL_PACKET,d389079c-eabf-49b5-a245-40a207025fd7
PHASE4_TERMINAL_DISPOSITION_V1,0|3010086|BLACK BOX BRILLIANT CAB|3L,29,95fe0c7902efc337bb51ba0b5a2f974f9b2ac76d7221a25e7dcd52a8cd28d287,LEAVE_UNRESOLVED,EXCLUDE_UNATTRIBUTABLE,true,0,3010086,Black Box Brilliant Cabernet Sauvignon,3L,,,,,,,,,HISTORICAL_IDENTITY_UNATTRIBUTABLE_AFTER_EXHAUSTIVE_REVIEW,6,2025-01-06,2025-10-14,6.0000,6.0000,119.94,119.94,U0_NO_SAFE_CANONICAL_ATTRIBUTION_AFTER_EXHAUSTIVE_REVIEW,phase4-terminal-disposition-evidence-v1,OWNER_AUTHORIZATION_2026-08-21_PHASE4_TERMINAL_PACKET,d389079c-eabf-49b5-a245-40a207025fd7
PHASE4_TERMINAL_DISPOSITION_V1,0|3010636|BUSHMILLS PROHIBITION|750ML,30,95fe0c7902efc337bb51ba0b5a2f974f9b2ac76d7221a25e7dcd52a8cd28d287,LEAVE_UNRESOLVED,EXCLUDE_UNATTRIBUTABLE,true,0,3010636,BUSHMILLS  PROHIBITION,750ML,,,,,,,,,HISTORICAL_IDENTITY_UNATTRIBUTABLE_AFTER_EXHAUSTIVE_REVIEW,31,2024-12-30,2025-07-31,36.0000,36.0000,717.65,717.65,U0_NO_SAFE_CANONICAL_ATTRIBUTION_AFTER_EXHAUSTIVE_REVIEW,phase4-terminal-disposition-evidence-v1,OWNER_AUTHORIZATION_2026-08-21_PHASE4_TERMINAL_PACKET,d389079c-eabf-49b5-a245-40a207025fd7
PHASE4_TERMINAL_DISPOSITION_V1,0|3010650|FISHERS ISLAND LEMONADE 8 PACK 2.0|12OZ,31,95fe0c7902efc337bb51ba0b5a2f974f9b2ac76d7221a25e7dcd52a8cd28d287,LEAVE_UNRESOLVED,MAP_TO_CANONICAL,true,0,3010650,Fishers Island Lemonade 8 Pack 2.0,12oz,41716813103179,,,,,,,,,1,2025-06-27,2025-06-27,1.0000,1.0000,29.99,29.99,OWNER_APPROVED_MAP_EXCEPTION,phase4-terminal-disposition-evidence-v1,OWNER_AUTHORIZATION_2026-08-21_PHASE4_TERMINAL_PACKET,d389079c-eabf-49b5-a245-40a207025fd7
PHASE4_TERMINAL_DISPOSITION_V1,0|3010650|FISHERS ISLAND LEMONADE 8 PACK 2.0|8PK 12OZ CANS,32,95fe0c7902efc337bb51ba0b5a2f974f9b2ac76d7221a25e7dcd52a8cd28d287,LEAVE_UNRESOLVED,MAP_TO_CANONICAL,true,0,3010650,Fishers Island Lemonade 8 Pack 2.0,8pk-12oz Cans,41716813103179,,,,,,,,,2,2025-09-07,2026-03-21,2.0000,2.0000,59.98,59.98,OWNER_APPROVED_MAP_EXCEPTION,phase4-terminal-disposition-evidence-v1,OWNER_AUTHORIZATION_2026-08-21_PHASE4_TERMINAL_PACKET,d389079c-eabf-49b5-a245-40a207025fd7
PHASE4_TERMINAL_DISPOSITION_V1,0|3011080|COOPERSTOWN DISTILLERY HALL OF CHAMPIONS|750ML,33,95fe0c7902efc337bb51ba0b5a2f974f9b2ac76d7221a25e7dcd52a8cd28d287,LEAVE_UNRESOLVED,EXCLUDE_UNATTRIBUTABLE,true,0,3011080,"Cooperstown Distillery, Hall Of Champions",750ML,,,,,,,,,HISTORICAL_IDENTITY_UNATTRIBUTABLE_AFTER_EXHAUSTIVE_REVIEW,6,2025-02-13,2025-12-04,6.0000,6.0000,344.85,344.85,U0_NO_SAFE_CANONICAL_ATTRIBUTION_AFTER_EXHAUSTIVE_REVIEW,phase4-terminal-disposition-evidence-v1,OWNER_AUTHORIZATION_2026-08-21_PHASE4_TERMINAL_PACKET,d389079c-eabf-49b5-a245-40a207025fd7
PHASE4_TERMINAL_DISPOSITION_V1,0|3011498|CHICKEN COCK KENTUCKY STRAIGHT BOURBON|750ML,34,95fe0c7902efc337bb51ba0b5a2f974f9b2ac76d7221a25e7dcd52a8cd28d287,LEAVE_UNRESOLVED,EXCLUDE_UNATTRIBUTABLE,true,0,3011498,Chicken Cock Kentucky Straight Bourbon,750ML,,,,,,,,,HISTORICAL_IDENTITY_UNATTRIBUTABLE_AFTER_EXHAUSTIVE_REVIEW,5,2025-01-17,2026-02-07,6.0000,6.0000,359.94,359.94,U0_NO_SAFE_CANONICAL_ATTRIBUTION_AFTER_EXHAUSTIVE_REVIEW,phase4-terminal-disposition-evidence-v1,OWNER_AUTHORIZATION_2026-08-21_PHASE4_TERMINAL_PACKET,d389079c-eabf-49b5-a245-40a207025fd7
PHASE4_TERMINAL_DISPOSITION_V1,0|3011499|CHICKEN COCK KENTUCKY STRAIGHT RYE WHISKEY|750ML,35,95fe0c7902efc337bb51ba0b5a2f974f9b2ac76d7221a25e7dcd52a8cd28d287,LEAVE_UNRESOLVED,EXCLUDE_UNATTRIBUTABLE,true,0,3011499,Chicken Cock Kentucky Straight Rye Whiskey,750ML,,,,,,,,,HISTORICAL_IDENTITY_UNATTRIBUTABLE_AFTER_EXHAUSTIVE_REVIEW,6,2025-12-31,2026-06-20,6.0000,6.0000,359.94,359.94,U0_NO_SAFE_CANONICAL_ATTRIBUTION_AFTER_EXHAUSTIVE_REVIEW,phase4-terminal-disposition-evidence-v1,OWNER_AUTHORIZATION_2026-08-21_PHASE4_TERMINAL_PACKET,d389079c-eabf-49b5-a245-40a207025fd7
PHASE4_TERMINAL_DISPOSITION_V1,0|3011511|TEQUILA KOMOS REPOSADO ROSA|750ML,36,95fe0c7902efc337bb51ba0b5a2f974f9b2ac76d7221a25e7dcd52a8cd28d287,LEAVE_UNRESOLVED,EXCLUDE_UNATTRIBUTABLE,true,0,3011511,Tequila Komos Reposado Rosa,750ML,,,,,,,,,HISTORICAL_IDENTITY_UNATTRIBUTABLE_AFTER_EXHAUSTIVE_REVIEW,1,2026-03-26,2026-03-26,1.0000,1.0000,108.00,108.00,U0_NO_SAFE_CANONICAL_ATTRIBUTION_AFTER_EXHAUSTIVE_REVIEW,phase4-terminal-disposition-evidence-v1,OWNER_AUTHORIZATION_2026-08-21_PHASE4_TERMINAL_PACKET,d389079c-eabf-49b5-a245-40a207025fd7
PHASE4_TERMINAL_DISPOSITION_V1,0|3011871|VIBE BY VENDANGE STRAWBERRY LIMEADE|500ML,37,95fe0c7902efc337bb51ba0b5a2f974f9b2ac76d7221a25e7dcd52a8cd28d287,LEAVE_UNRESOLVED,EXCLUDE_UNATTRIBUTABLE,true,0,3011871,Vibe by Vendange Strawberry Limeade,500ML,,,,,,,,,HISTORICAL_IDENTITY_UNATTRIBUTABLE_AFTER_EXHAUSTIVE_REVIEW,10,2025-01-24,2026-02-09,12.0000,12.0000,35.88,35.88,U0_NO_SAFE_CANONICAL_ATTRIBUTION_AFTER_EXHAUSTIVE_REVIEW,phase4-terminal-disposition-evidence-v1,OWNER_AUTHORIZATION_2026-08-21_PHASE4_TERMINAL_PACKET,d389079c-eabf-49b5-a245-40a207025fd7
PHASE4_TERMINAL_DISPOSITION_V1,0|3012337|HIGH NOON TEQUILA VARIETY PACK|12OZ,38,95fe0c7902efc337bb51ba0b5a2f974f9b2ac76d7221a25e7dcd52a8cd28d287,LEAVE_UNRESOLVED,EXCLUDE_UNATTRIBUTABLE,true,0,3012337,High Noon Tequila Variety Pack,12oz,,,,,,,,,HISTORICAL_IDENTITY_UNATTRIBUTABLE_AFTER_EXHAUSTIVE_REVIEW,1,2024-11-28,2024-11-28,1.0000,1.0000,21.99,21.99,OWNER_APPROVED_HIGH_NOON_TEQUILA_UNATTRIBUTABLE_FIESTA_PROHIBITED,phase4-terminal-disposition-evidence-v1,OWNER_AUTHORIZATION_2026-08-21_PHASE4_TERMINAL_PACKET,d389079c-eabf-49b5-a245-40a207025fd7
PHASE4_TERMINAL_DISPOSITION_V1,0|3014125|ORIN SWIFT ABSTRACT RED|750ML,39,95fe0c7902efc337bb51ba0b5a2f974f9b2ac76d7221a25e7dcd52a8cd28d287,LEAVE_UNRESOLVED,EXCLUDE_UNATTRIBUTABLE,true,0,3014125,Orin Swift Abstract Red,750ML,,,,,,,,,HISTORICAL_IDENTITY_UNATTRIBUTABLE_AFTER_EXHAUSTIVE_REVIEW,10,2024-12-31,2025-11-05,12.0000,12.0000,479.88,479.88,U0_NO_SAFE_CANONICAL_ATTRIBUTION_AFTER_EXHAUSTIVE_REVIEW,phase4-terminal-disposition-evidence-v1,OWNER_AUTHORIZATION_2026-08-21_PHASE4_TERMINAL_PACKET,d389079c-eabf-49b5-a245-40a207025fd7
PHASE4_TERMINAL_DISPOSITION_V1,0|3014259|BANFI BELNERO PROPER RED RESERVE|750ML,40,95fe0c7902efc337bb51ba0b5a2f974f9b2ac76d7221a25e7dcd52a8cd28d287,LEAVE_UNRESOLVED,EXCLUDE_UNATTRIBUTABLE,true,0,3014259,Banfi belnero proper red reserve,750ML,,,,,,,,,HISTORICAL_IDENTITY_UNATTRIBUTABLE_AFTER_EXHAUSTIVE_REVIEW,12,2024-12-16,2026-02-07,12.0000,12.0000,323.88,323.88,U0_NO_SAFE_CANONICAL_ATTRIBUTION_AFTER_EXHAUSTIVE_REVIEW,phase4-terminal-disposition-evidence-v1,OWNER_AUTHORIZATION_2026-08-21_PHASE4_TERMINAL_PACKET,d389079c-eabf-49b5-a245-40a207025fd7
PHASE4_TERMINAL_DISPOSITION_V1,0|3014391|VEUVE CLICQUOT RICH ROSE|750ML,41,95fe0c7902efc337bb51ba0b5a2f974f9b2ac76d7221a25e7dcd52a8cd28d287,LEAVE_UNRESOLVED,EXCLUDE_UNATTRIBUTABLE,true,0,3014391,Veuve Clicquot Rich Rose,750ML,,,,,,,,,HISTORICAL_IDENTITY_UNATTRIBUTABLE_AFTER_EXHAUSTIVE_REVIEW,3,2025-12-07,2026-05-19,3.0000,3.0000,246.47,246.47,U0_NO_SAFE_CANONICAL_ATTRIBUTION_AFTER_EXHAUSTIVE_REVIEW,phase4-terminal-disposition-evidence-v1,OWNER_AUTHORIZATION_2026-08-21_PHASE4_TERMINAL_PACKET,d389079c-eabf-49b5-a245-40a207025fd7
PHASE4_TERMINAL_DISPOSITION_V1,0|3014701|HIGH NOON TEQUILA VARIETY 8 PACK|12OZ,42,95fe0c7902efc337bb51ba0b5a2f974f9b2ac76d7221a25e7dcd52a8cd28d287,LEAVE_UNRESOLVED,EXCLUDE_UNATTRIBUTABLE,true,0,3014701,High Noon Tequila Variety 8 Pack,12oz,,,,,,,,,HISTORICAL_IDENTITY_UNATTRIBUTABLE_AFTER_EXHAUSTIVE_REVIEW,23,2024-12-04,2025-08-22,27.0000,27.0000,593.73,593.73,OWNER_APPROVED_HIGH_NOON_TEQUILA_UNATTRIBUTABLE_FIESTA_PROHIBITED,phase4-terminal-disposition-evidence-v1,OWNER_AUTHORIZATION_2026-08-21_PHASE4_TERMINAL_PACKET,d389079c-eabf-49b5-a245-40a207025fd7
PHASE4_TERMINAL_DISPOSITION_V1,0|3014701|HIGH NOON TEQUILA VARIETY 8 PACK|8PK 12OZ CANS,43,95fe0c7902efc337bb51ba0b5a2f974f9b2ac76d7221a25e7dcd52a8cd28d287,LEAVE_UNRESOLVED,EXCLUDE_UNATTRIBUTABLE,true,0,3014701,High Noon Tequila Variety 8 Pack,8pk-12oz Cans,,,,,,,,,HISTORICAL_IDENTITY_UNATTRIBUTABLE_AFTER_EXHAUSTIVE_REVIEW,17,2025-09-29,2026-06-21,18.0000,18.0000,395.82,395.82,OWNER_APPROVED_HIGH_NOON_TEQUILA_UNATTRIBUTABLE_FIESTA_PROHIBITED,phase4-terminal-disposition-evidence-v1,OWNER_AUTHORIZATION_2026-08-21_PHASE4_TERMINAL_PACKET,d389079c-eabf-49b5-a245-40a207025fd7
PHASE4_TERMINAL_DISPOSITION_V1,0|3014833|ESTANCIA CHARDONNAY CALIFORNIA|750ML,44,95fe0c7902efc337bb51ba0b5a2f974f9b2ac76d7221a25e7dcd52a8cd28d287,LEAVE_UNRESOLVED,EXCLUDE_UNATTRIBUTABLE,true,0,3014833,Estancia Chardonnay California,750ML,,,,,,,,,HISTORICAL_IDENTITY_UNATTRIBUTABLE_AFTER_EXHAUSTIVE_REVIEW,11,2024-11-30,2025-11-27,12.0000,12.0000,160.27,160.27,U0_NO_SAFE_CANONICAL_ATTRIBUTION_AFTER_EXHAUSTIVE_REVIEW,phase4-terminal-disposition-evidence-v1,OWNER_AUTHORIZATION_2026-08-21_PHASE4_TERMINAL_PACKET,d389079c-eabf-49b5-a245-40a207025fd7
PHASE4_TERMINAL_DISPOSITION_V1,0|3015057|CHICKEN COCK SMALL BATCH BOURBON|750ML,45,95fe0c7902efc337bb51ba0b5a2f974f9b2ac76d7221a25e7dcd52a8cd28d287,LEAVE_UNRESOLVED,EXCLUDE_UNATTRIBUTABLE,true,0,3015057,Chicken cock small batch bourbon,750ML,,,,,,,,,HISTORICAL_IDENTITY_UNATTRIBUTABLE_AFTER_EXHAUSTIVE_REVIEW,6,2024-11-28,2025-12-05,6.0000,6.0000,419.94,419.94,U0_NO_SAFE_CANONICAL_ATTRIBUTION_AFTER_EXHAUSTIVE_REVIEW,phase4-terminal-disposition-evidence-v1,OWNER_AUTHORIZATION_2026-08-21_PHASE4_TERMINAL_PACKET,d389079c-eabf-49b5-a245-40a207025fd7
PHASE4_TERMINAL_DISPOSITION_V1,0|3015563|GARRISON BROTHERS BALMORHEA TEXAS STRAIGHT|750ML,46,95fe0c7902efc337bb51ba0b5a2f974f9b2ac76d7221a25e7dcd52a8cd28d287,LEAVE_UNRESOLVED,EXCLUDE_UNATTRIBUTABLE,true,0,3015563,Garrison Brothers Balmorhea Texas Straight,750ML,,,,,,,,,HISTORICAL_IDENTITY_UNATTRIBUTABLE_AFTER_EXHAUSTIVE_REVIEW,1,2025-07-18,2025-07-18,1.0000,1.0000,180.00,180.00,U0_NO_SAFE_CANONICAL_ATTRIBUTION_AFTER_EXHAUSTIVE_REVIEW,phase4-terminal-disposition-evidence-v1,OWNER_AUTHORIZATION_2026-08-21_PHASE4_TERMINAL_PACKET,d389079c-eabf-49b5-a245-40a207025fd7
PHASE4_TERMINAL_DISPOSITION_V1,0|3015848|JACK DANIEL S NO. 7 WITH CHERRY|12OZ,47,95fe0c7902efc337bb51ba0b5a2f974f9b2ac76d7221a25e7dcd52a8cd28d287,LEAVE_UNRESOLVED,EXCLUDE_UNATTRIBUTABLE,true,0,3015848,Jack Daniel's No. 7 With  Cherry,12oz,,,,,,,,,HISTORICAL_IDENTITY_UNATTRIBUTABLE_AFTER_EXHAUSTIVE_REVIEW,9,2025-03-15,2025-08-26,11.0000,11.0000,140.31,140.31,U0_NO_SAFE_CANONICAL_ATTRIBUTION_AFTER_EXHAUSTIVE_REVIEW,phase4-terminal-disposition-evidence-v1,OWNER_AUTHORIZATION_2026-08-21_PHASE4_TERMINAL_PACKET,d389079c-eabf-49b5-a245-40a207025fd7
PHASE4_TERMINAL_DISPOSITION_V1,0|3015848|JACK DANIEL S NO. 7 WITH CHERRY|355ML,48,95fe0c7902efc337bb51ba0b5a2f974f9b2ac76d7221a25e7dcd52a8cd28d287,LEAVE_UNRESOLVED,EXCLUDE_UNATTRIBUTABLE,true,0,3015848,Jack Daniel's No. 7 With  Cherry,355ML,,,,,,,,,HISTORICAL_IDENTITY_UNATTRIBUTABLE_AFTER_EXHAUSTIVE_REVIEW,3,2024-12-15,2024-12-31,3.0000,3.0000,38.97,38.97,U0_NO_SAFE_CANONICAL_ATTRIBUTION_AFTER_EXHAUSTIVE_REVIEW,phase4-terminal-disposition-evidence-v1,OWNER_AUTHORIZATION_2026-08-21_PHASE4_TERMINAL_PACKET,d389079c-eabf-49b5-a245-40a207025fd7
PHASE4_TERMINAL_DISPOSITION_V1,0|3015848|JACK DANIEL S NO. 7 WITH CHERRY|4PK 12OZ CANS,49,95fe0c7902efc337bb51ba0b5a2f974f9b2ac76d7221a25e7dcd52a8cd28d287,LEAVE_UNRESOLVED,EXCLUDE_UNATTRIBUTABLE,true,0,3015848,Jack Daniel's No. 7 With  Cherry,4pk-12oz Cans,,,,,,,,,HISTORICAL_IDENTITY_UNATTRIBUTABLE_AFTER_EXHAUSTIVE_REVIEW,13,2025-09-02,2026-05-31,15.0000,15.0000,192.89,192.89,U0_NO_SAFE_CANONICAL_ATTRIBUTION_AFTER_EXHAUSTIVE_REVIEW,phase4-terminal-disposition-evidence-v1,OWNER_AUTHORIZATION_2026-08-21_PHASE4_TERMINAL_PACKET,d389079c-eabf-49b5-a245-40a207025fd7
PHASE4_TERMINAL_DISPOSITION_V1,0|3015862|ARGIANO TOSCANA NON CONFUNDITUR|750ML,50,95fe0c7902efc337bb51ba0b5a2f974f9b2ac76d7221a25e7dcd52a8cd28d287,LEAVE_UNRESOLVED,EXCLUDE_UNATTRIBUTABLE,true,0,3015862,Argiano Toscana Non Confunditur,750ML,,,,,,,,,HISTORICAL_IDENTITY_UNATTRIBUTABLE_AFTER_EXHAUSTIVE_REVIEW,11,2024-12-24,2026-04-10,12.0000,12.0000,237.45,237.45,U0_NO_SAFE_CANONICAL_ATTRIBUTION_AFTER_EXHAUSTIVE_REVIEW,phase4-terminal-disposition-evidence-v1,OWNER_AUTHORIZATION_2026-08-21_PHASE4_TERMINAL_PACKET,d389079c-eabf-49b5-a245-40a207025fd7
PHASE4_TERMINAL_DISPOSITION_V1,0|3016059|DOC HOLLIDAY 7YRS SINGLE BARREL CASK STRENGTH BOURBON|750ML,51,95fe0c7902efc337bb51ba0b5a2f974f9b2ac76d7221a25e7dcd52a8cd28d287,LEAVE_UNRESOLVED,EXCLUDE_UNATTRIBUTABLE,true,0,3016059,Doc Holliday 7Yrs Single Barrel Cask Strength Bourbon,750ML,,,,,,,,,HISTORICAL_IDENTITY_UNATTRIBUTABLE_AFTER_EXHAUSTIVE_REVIEW,1,2024-12-10,2024-12-10,2.0000,2.0000,242.98,242.98,U0_NO_SAFE_CANONICAL_ATTRIBUTION_AFTER_EXHAUSTIVE_REVIEW,phase4-terminal-disposition-evidence-v1,OWNER_AUTHORIZATION_2026-08-21_PHASE4_TERMINAL_PACKET,d389079c-eabf-49b5-a245-40a207025fd7
PHASE4_TERMINAL_DISPOSITION_V1,0|3016059|DOC HOLLIDAY STRAIGHT 7 YR BOURBON|750ML,52,95fe0c7902efc337bb51ba0b5a2f974f9b2ac76d7221a25e7dcd52a8cd28d287,LEAVE_UNRESOLVED,EXCLUDE_UNATTRIBUTABLE,true,0,3016059,Doc Holliday Straight 7 Yr Bourbon,750ML,,,,,,,,,HISTORICAL_IDENTITY_UNATTRIBUTABLE_AFTER_EXHAUSTIVE_REVIEW,4,2025-04-22,2025-12-16,4.0000,4.0000,439.96,439.96,U0_NO_SAFE_CANONICAL_ATTRIBUTION_AFTER_EXHAUSTIVE_REVIEW,phase4-terminal-disposition-evidence-v1,OWNER_AUTHORIZATION_2026-08-21_PHASE4_TERMINAL_PACKET,d389079c-eabf-49b5-a245-40a207025fd7
PHASE4_TERMINAL_DISPOSITION_V1,0|3016652|SKYSIDE CAB|750ML,53,95fe0c7902efc337bb51ba0b5a2f974f9b2ac76d7221a25e7dcd52a8cd28d287,LEAVE_UNRESOLVED,EXCLUDE_UNATTRIBUTABLE,true,0,3016652,Skyside Cabernet Sauvignon,750ML,,,,,,,,,HISTORICAL_IDENTITY_UNATTRIBUTABLE_AFTER_EXHAUSTIVE_REVIEW,43,2024-12-02,2025-05-05,59.0000,59.0000,820.49,820.49,U0_NO_SAFE_CANONICAL_ATTRIBUTION_AFTER_EXHAUSTIVE_REVIEW,phase4-terminal-disposition-evidence-v1,OWNER_AUTHORIZATION_2026-08-21_PHASE4_TERMINAL_PACKET,d389079c-eabf-49b5-a245-40a207025fd7
PHASE4_TERMINAL_DISPOSITION_V1,0|606163|PINNACLE WHIPPED CREAM VODKA|1L,54,95fe0c7902efc337bb51ba0b5a2f974f9b2ac76d7221a25e7dcd52a8cd28d287,LEAVE_UNRESOLVED,EXCLUDE_UNATTRIBUTABLE,true,0,606163,PINNACLE WHIPPED CREAM VODKA,1L,,,,,,,,,HISTORICAL_IDENTITY_UNATTRIBUTABLE_AFTER_EXHAUSTIVE_REVIEW,12,2024-12-19,2026-06-27,12.0000,12.0000,199.82,199.82,U0_NO_SAFE_CANONICAL_ATTRIBUTION_AFTER_EXHAUSTIVE_REVIEW,phase4-terminal-disposition-evidence-v1,OWNER_AUTHORIZATION_2026-08-21_PHASE4_TERMINAL_PACKET,d389079c-eabf-49b5-a245-40a207025fd7
PHASE4_TERMINAL_DISPOSITION_V1,0|634648|MAKER S MARK THE HEART RELEASE|750ML,55,95fe0c7902efc337bb51ba0b5a2f974f9b2ac76d7221a25e7dcd52a8cd28d287,LEAVE_UNRESOLVED,EXCLUDE_UNATTRIBUTABLE,true,0,634648,MAKER'S MARK THE HEART RELEASE,750ML,,,,,,,,,HISTORICAL_IDENTITY_UNATTRIBUTABLE_AFTER_EXHAUSTIVE_REVIEW,1,2024-12-24,2024-12-24,1.0000,1.0000,119.99,119.99,U0_NO_SAFE_CANONICAL_ATTRIBUTION_AFTER_EXHAUSTIVE_REVIEW,phase4-terminal-disposition-evidence-v1,OWNER_AUTHORIZATION_2026-08-21_PHASE4_TERMINAL_PACKET,d389079c-eabf-49b5-a245-40a207025fd7
PHASE4_TERMINAL_DISPOSITION_V1,0|644817|ELIJAH CRAIG 11YRS 2M BARREL PROOF|750ML,56,95fe0c7902efc337bb51ba0b5a2f974f9b2ac76d7221a25e7dcd52a8cd28d287,LEAVE_UNRESOLVED,EXCLUDE_UNATTRIBUTABLE,true,0,644817,ELIJAH CRAIG 11YRS 2M BARREL PROOF,750ML,,,,,,,,,HISTORICAL_IDENTITY_UNATTRIBUTABLE_AFTER_EXHAUSTIVE_REVIEW,3,2024-12-13,2024-12-28,3.0000,3.0000,389.97,389.97,U0_NO_SAFE_CANONICAL_ATTRIBUTION_AFTER_EXHAUSTIVE_REVIEW,phase4-terminal-disposition-evidence-v1,OWNER_AUTHORIZATION_2026-08-21_PHASE4_TERMINAL_PACKET,d389079c-eabf-49b5-a245-40a207025fd7
PHASE4_TERMINAL_DISPOSITION_V1,0|644817|ELIJAH CRAIG STRAIGHT BARREL PROOF 10 YR 118.2|750ML,57,95fe0c7902efc337bb51ba0b5a2f974f9b2ac76d7221a25e7dcd52a8cd28d287,LEAVE_UNRESOLVED,EXCLUDE_UNATTRIBUTABLE,true,0,644817,Elijah Craig Straight Barrel Proof 10 yr 118.2,750ML,,,,,,,,,HISTORICAL_IDENTITY_UNATTRIBUTABLE_AFTER_EXHAUSTIVE_REVIEW,5,2025-05-22,2026-05-16,6.0000,6.0000,489.94,489.94,U0_NO_SAFE_CANONICAL_ATTRIBUTION_AFTER_EXHAUSTIVE_REVIEW,phase4-terminal-disposition-evidence-v1,OWNER_AUTHORIZATION_2026-08-21_PHASE4_TERMINAL_PACKET,d389079c-eabf-49b5-a245-40a207025fd7
PHASE4_TERMINAL_DISPOSITION_V1,0|9001741|CLARENDELLE BORDEAUX WHITE|750ML,58,95fe0c7902efc337bb51ba0b5a2f974f9b2ac76d7221a25e7dcd52a8cd28d287,LEAVE_UNRESOLVED,EXCLUDE_UNATTRIBUTABLE,true,0,9001741,Clarendelle Bordeaux White,750ML,,,,,,,,,HISTORICAL_IDENTITY_UNATTRIBUTABLE_AFTER_EXHAUSTIVE_REVIEW,12,2024-11-29,2025-12-31,12.0000,12.0000,225.95,225.95,U0_NO_SAFE_CANONICAL_ATTRIBUTION_AFTER_EXHAUSTIVE_REVIEW,phase4-terminal-disposition-evidence-v1,OWNER_AUTHORIZATION_2026-08-21_PHASE4_TERMINAL_PACKET,d389079c-eabf-49b5-a245-40a207025fd7
PHASE4_TERMINAL_DISPOSITION_V1,0|9087722|BLACK BOX RIESLING|3L,59,95fe0c7902efc337bb51ba0b5a2f974f9b2ac76d7221a25e7dcd52a8cd28d287,LEAVE_UNRESOLVED,EXCLUDE_UNATTRIBUTABLE,true,0,9087722,Black Box Riesling,3L,,,,,,,,,HISTORICAL_IDENTITY_UNATTRIBUTABLE_AFTER_EXHAUSTIVE_REVIEW,18,2024-12-31,2026-03-11,18.0000,18.0000,359.82,359.82,U0_NO_SAFE_CANONICAL_ATTRIBUTION_AFTER_EXHAUSTIVE_REVIEW,phase4-terminal-disposition-evidence-v1,OWNER_AUTHORIZATION_2026-08-21_PHASE4_TERMINAL_PACKET,d389079c-eabf-49b5-a245-40a207025fd7
PHASE4_TERMINAL_DISPOSITION_V1,0|9100905|DON MIGUEL GASCON MALBEC RESERVA|750ML,60,95fe0c7902efc337bb51ba0b5a2f974f9b2ac76d7221a25e7dcd52a8cd28d287,LEAVE_UNRESOLVED,EXCLUDE_UNATTRIBUTABLE,true,0,9100905,Don Miguel Gascon Malbec Reserva,750ML,,,,,,,,,HISTORICAL_IDENTITY_UNATTRIBUTABLE_AFTER_EXHAUSTIVE_REVIEW,6,2024-12-15,2025-08-15,6.0000,6.0000,126.45,126.45,U0_NO_SAFE_CANONICAL_ATTRIBUTION_AFTER_EXHAUSTIVE_REVIEW,phase4-terminal-disposition-evidence-v1,OWNER_AUTHORIZATION_2026-08-21_PHASE4_TERMINAL_PACKET,d389079c-eabf-49b5-a245-40a207025fd7
PHASE4_TERMINAL_DISPOSITION_V1,0|9240897|19 CRIMES THE BANISHED DARK RED SOUTH EASTERN AUSTRALIA|750ML,61,95fe0c7902efc337bb51ba0b5a2f974f9b2ac76d7221a25e7dcd52a8cd28d287,LEAVE_UNRESOLVED,EXCLUDE_UNATTRIBUTABLE,true,0,9240897,19 Crimes The Banished Dark Red South Eastern Australia,750ML,,,,,,,,,HISTORICAL_IDENTITY_UNATTRIBUTABLE_AFTER_EXHAUSTIVE_REVIEW,1,2024-11-29,2024-11-29,1.0000,1.0000,10.99,10.99,U0_NO_SAFE_CANONICAL_ATTRIBUTION_AFTER_EXHAUSTIVE_REVIEW,phase4-terminal-disposition-evidence-v1,OWNER_AUTHORIZATION_2026-08-21_PHASE4_TERMINAL_PACKET,d389079c-eabf-49b5-a245-40a207025fd7
PHASE4_TERMINAL_DISPOSITION_V1,0|9240897|19 CRIMES THE BANISHED DARK RED|750ML,62,95fe0c7902efc337bb51ba0b5a2f974f9b2ac76d7221a25e7dcd52a8cd28d287,LEAVE_UNRESOLVED,EXCLUDE_UNATTRIBUTABLE,true,0,9240897,19 Crimes The Banished Dark Red,750ML,,,,,,,,,HISTORICAL_IDENTITY_UNATTRIBUTABLE_AFTER_EXHAUSTIVE_REVIEW,20,2024-12-23,2025-12-16,22.0000,22.0000,235.37,235.37,U0_NO_SAFE_CANONICAL_ATTRIBUTION_AFTER_EXHAUSTIVE_REVIEW,phase4-terminal-disposition-evidence-v1,OWNER_AUTHORIZATION_2026-08-21_PHASE4_TERMINAL_PACKET,d389079c-eabf-49b5-a245-40a207025fd7
PHASE4_TERMINAL_DISPOSITION_V1,0||19 CRIMES MONSTER CAB|750ML,63,95fe0c7902efc337bb51ba0b5a2f974f9b2ac76d7221a25e7dcd52a8cd28d287,LEAVE_UNRESOLVED,EXCLUDE_UNATTRIBUTABLE,true,0,,19 Crimes Monster Cabernet Sauvignon,750ML,,,,,,,,,HISTORICAL_IDENTITY_UNATTRIBUTABLE_AFTER_EXHAUSTIVE_REVIEW,10,2025-09-26,2025-10-25,12.0000,12.0000,131.88,131.88,U0_NO_SAFE_CANONICAL_ATTRIBUTION_AFTER_EXHAUSTIVE_REVIEW,phase4-terminal-disposition-evidence-v1,OWNER_AUTHORIZATION_2026-08-21_PHASE4_TERMINAL_PACKET,d389079c-eabf-49b5-a245-40a207025fd7
PHASE4_TERMINAL_DISPOSITION_V1,0||19 CRIMES MONSTERS RED BLEND|750ML,64,95fe0c7902efc337bb51ba0b5a2f974f9b2ac76d7221a25e7dcd52a8cd28d287,LEAVE_UNRESOLVED,EXCLUDE_UNATTRIBUTABLE,true,0,,19 Crimes Monsters Red Blend,750ML,,,,,,,,,HISTORICAL_IDENTITY_UNATTRIBUTABLE_AFTER_EXHAUSTIVE_REVIEW,12,2025-09-26,2025-11-15,12.0000,12.0000,130.79,130.79,U0_NO_SAFE_CANONICAL_ATTRIBUTION_AFTER_EXHAUSTIVE_REVIEW,phase4-terminal-disposition-evidence-v1,OWNER_AUTHORIZATION_2026-08-21_PHASE4_TERMINAL_PACKET,d389079c-eabf-49b5-a245-40a207025fd7
PHASE4_TERMINAL_DISPOSITION_V1,0||99 BANANA|50ML,65,95fe0c7902efc337bb51ba0b5a2f974f9b2ac76d7221a25e7dcd52a8cd28d287,LEAVE_UNRESOLVED,EXCLUDE_UNATTRIBUTABLE,true,0,,99 Banana,50ML,,,,,,,,,HISTORICAL_IDENTITY_UNATTRIBUTABLE_AFTER_EXHAUSTIVE_REVIEW,8,2025-10-12,2025-12-10,24.0000,24.0000,23.76,23.76,U0_NO_SAFE_CANONICAL_ATTRIBUTION_AFTER_EXHAUSTIVE_REVIEW,phase4-terminal-disposition-evidence-v1,OWNER_AUTHORIZATION_2026-08-21_PHASE4_TERMINAL_PACKET,d389079c-eabf-49b5-a245-40a207025fd7
PHASE4_TERMINAL_DISPOSITION_V1,0||ALLOCATED BOURBON|,66,95fe0c7902efc337bb51ba0b5a2f974f9b2ac76d7221a25e7dcd52a8cd28d287,LEAVE_UNRESOLVED,EXCLUDE_UNATTRIBUTABLE,true,0,,Allocated Bourbon,,,,,,,,,,HISTORICAL_IDENTITY_UNATTRIBUTABLE_AFTER_EXHAUSTIVE_REVIEW,1,2026-04-14,2026-04-14,1.0000,1.0000,660.00,660.00,U0_NO_SAFE_CANONICAL_ATTRIBUTION_AFTER_EXHAUSTIVE_REVIEW,phase4-terminal-disposition-evidence-v1,OWNER_AUTHORIZATION_2026-08-21_PHASE4_TERMINAL_PACKET,d389079c-eabf-49b5-a245-40a207025fd7
PHASE4_TERMINAL_DISPOSITION_V1,0||AMARO MONTENEGRO|,67,95fe0c7902efc337bb51ba0b5a2f974f9b2ac76d7221a25e7dcd52a8cd28d287,LEAVE_UNRESOLVED,MAP_TO_CANONICAL,true,0,,Amaro montenegro,,41157273321547,,,,,,,,,1,2026-06-16,2026-06-16,1.0000,1.0000,47.00,47.00,OWNER_APPROVED_MAP_EXCEPTION,phase4-terminal-disposition-evidence-v1,OWNER_AUTHORIZATION_2026-08-21_PHASE4_TERMINAL_PACKET,d389079c-eabf-49b5-a245-40a207025fd7
PHASE4_TERMINAL_DISPOSITION_V1,0||ARIZONA HARD VODKA TEA 8 PACK|12OZ,68,95fe0c7902efc337bb51ba0b5a2f974f9b2ac76d7221a25e7dcd52a8cd28d287,LEAVE_UNRESOLVED,EXCLUDE_UNATTRIBUTABLE,true,0,,Arizona Hard Vodka Tea 8  Pack,12oz,,,,,,,,,HISTORICAL_IDENTITY_UNATTRIBUTABLE_AFTER_EXHAUSTIVE_REVIEW,2,2025-06-14,2025-07-03,2.0000,2.0000,39.98,39.98,U0_NO_SAFE_CANONICAL_ATTRIBUTION_AFTER_EXHAUSTIVE_REVIEW,phase4-terminal-disposition-evidence-v1,OWNER_AUTHORIZATION_2026-08-21_PHASE4_TERMINAL_PACKET,d389079c-eabf-49b5-a245-40a207025fd7
PHASE4_TERMINAL_DISPOSITION_V1,0||ARIZONA HARD VODKA TEA 8 PACK|8PK 12OZ CANS,69,95fe0c7902efc337bb51ba0b5a2f974f9b2ac76d7221a25e7dcd52a8cd28d287,LEAVE_UNRESOLVED,EXCLUDE_UNATTRIBUTABLE,true,0,,Arizona Hard Vodka Tea 8  Pack,8pk-12oz Cans,,,,,,,,,HISTORICAL_IDENTITY_UNATTRIBUTABLE_AFTER_EXHAUSTIVE_REVIEW,4,2025-10-06,2025-12-31,4.0000,4.0000,79.96,79.96,U0_NO_SAFE_CANONICAL_ATTRIBUTION_AFTER_EXHAUSTIVE_REVIEW,phase4-terminal-disposition-evidence-v1,OWNER_AUTHORIZATION_2026-08-21_PHASE4_TERMINAL_PACKET,d389079c-eabf-49b5-a245-40a207025fd7
PHASE4_TERMINAL_DISPOSITION_V1,0||BABICH WINES SB MARLBOROUGH|750ML,70,95fe0c7902efc337bb51ba0b5a2f974f9b2ac76d7221a25e7dcd52a8cd28d287,LEAVE_UNRESOLVED,EXCLUDE_UNATTRIBUTABLE,true,0,,Babich Wines Sauvignon Blanc Marlborough,750ML,,,,,,,,,HISTORICAL_IDENTITY_UNATTRIBUTABLE_AFTER_EXHAUSTIVE_REVIEW,21,2024-12-10,2025-11-20,24.0000,24.0000,367.77,367.77,U0_NO_SAFE_CANONICAL_ATTRIBUTION_AFTER_EXHAUSTIVE_REVIEW,phase4-terminal-disposition-evidence-v1,OWNER_AUTHORIZATION_2026-08-21_PHASE4_TERMINAL_PACKET,d389079c-eabf-49b5-a245-40a207025fd7
PHASE4_TERMINAL_DISPOSITION_V1,0||BAG|,72,95fe0c7902efc337bb51ba0b5a2f974f9b2ac76d7221a25e7dcd52a8cd28d287,LEAVE_UNRESOLVED,EXCLUDE_UNATTRIBUTABLE,true,0,,Bag,,,,,,,,,,HISTORICAL_IDENTITY_UNATTRIBUTABLE_AFTER_EXHAUSTIVE_REVIEW,1,2024-12-31,2024-12-31,1.0000,1.0000,3.99,3.99,U0_NO_SAFE_CANONICAL_ATTRIBUTION_AFTER_EXHAUSTIVE_REVIEW,phase4-terminal-disposition-evidence-v1,OWNER_AUTHORIZATION_2026-08-21_PHASE4_TERMINAL_PACKET,d389079c-eabf-49b5-a245-40a207025fd7
PHASE4_TERMINAL_DISPOSITION_V1,0||BARTENURA LYCHEE MOSCATO|4PK 250ML CANS,75,95fe0c7902efc337bb51ba0b5a2f974f9b2ac76d7221a25e7dcd52a8cd28d287,LEAVE_UNRESOLVED,EXCLUDE_UNATTRIBUTABLE,true,0,,Bartenura Lychee Moscato,4pk-250ML Cans,,,,,,,,,HISTORICAL_IDENTITY_UNATTRIBUTABLE_AFTER_EXHAUSTIVE_REVIEW,11,2026-01-23,2026-04-10,11.0000,11.0000,175.89,175.89,U0_NO_SAFE_CANONICAL_ATTRIBUTION_AFTER_EXHAUSTIVE_REVIEW,phase4-terminal-disposition-evidence-v1,OWNER_AUTHORIZATION_2026-08-21_PHASE4_TERMINAL_PACKET,d389079c-eabf-49b5-a245-40a207025fd7
PHASE4_TERMINAL_DISPOSITION_V1,0||BATASIOLO BARBERA D ALBA|750ML,76,95fe0c7902efc337bb51ba0b5a2f974f9b2ac76d7221a25e7dcd52a8cd28d287,LEAVE_UNRESOLVED,EXCLUDE_UNATTRIBUTABLE,true,0,,Batasiolo Barbera D'Alba,750ML,,,,,,,,,HISTORICAL_IDENTITY_UNATTRIBUTABLE_AFTER_EXHAUSTIVE_REVIEW,16,2025-02-13,2026-02-28,19.0000,19.0000,360.81,360.81,U0_NO_SAFE_CANONICAL_ATTRIBUTION_AFTER_EXHAUSTIVE_REVIEW,phase4-terminal-disposition-evidence-v1,OWNER_AUTHORIZATION_2026-08-21_PHASE4_TERMINAL_PACKET,d389079c-eabf-49b5-a245-40a207025fd7
PHASE4_TERMINAL_DISPOSITION_V1,0||BATASIOLOASBARBERA D ALBA|750ML,77,95fe0c7902efc337bb51ba0b5a2f974f9b2ac76d7221a25e7dcd52a8cd28d287,LEAVE_UNRESOLVED,EXCLUDE_UNATTRIBUTABLE,true,0,,BatasioloÃŠBarbera D'Alba,750ML,,,,,,,,,HISTORICAL_IDENTITY_UNATTRIBUTABLE_AFTER_EXHAUSTIVE_REVIEW,4,2024-12-20,2025-02-09,5.0000,5.0000,94.95,94.95,U0_NO_SAFE_CANONICAL_ATTRIBUTION_AFTER_EXHAUSTIVE_REVIEW,phase4-terminal-disposition-evidence-v1,OWNER_AUTHORIZATION_2026-08-21_PHASE4_TERMINAL_PACKET,d389079c-eabf-49b5-a245-40a207025fd7
PHASE4_TERMINAL_DISPOSITION_V1,0||BAUCHANTS|,78,95fe0c7902efc337bb51ba0b5a2f974f9b2ac76d7221a25e7dcd52a8cd28d287,LEAVE_UNRESOLVED,EXCLUDE_UNATTRIBUTABLE,true,0,,Bauchants,,,,,,,,,,HISTORICAL_IDENTITY_UNATTRIBUTABLE_AFTER_EXHAUSTIVE_REVIEW,1,2024-12-10,2024-12-10,1.0000,1.0000,26.99,26.99,U0_NO_SAFE_CANONICAL_ATTRIBUTION_AFTER_EXHAUSTIVE_REVIEW,phase4-terminal-disposition-evidence-v1,OWNER_AUTHORIZATION_2026-08-21_PHASE4_TERMINAL_PACKET,d389079c-eabf-49b5-a245-40a207025fd7
PHASE4_TERMINAL_DISPOSITION_V1,0||BEZEL CHARDONNAY|750ML,79,95fe0c7902efc337bb51ba0b5a2f974f9b2ac76d7221a25e7dcd52a8cd28d287,LEAVE_UNRESOLVED,EXCLUDE_UNATTRIBUTABLE,true,0,,Bezel Chardonnay,750ML,,,,,,,,,HISTORICAL_IDENTITY_UNATTRIBUTABLE_AFTER_EXHAUSTIVE_REVIEW,3,2025-11-10,2025-11-17,6.0000,6.0000,149.94,149.94,U0_NO_SAFE_CANONICAL_ATTRIBUTION_AFTER_EXHAUSTIVE_REVIEW,phase4-terminal-disposition-evidence-v1,OWNER_AUTHORIZATION_2026-08-21_PHASE4_TERMINAL_PACKET,d389079c-eabf-49b5-a245-40a207025fd7
PHASE4_TERMINAL_DISPOSITION_V1,0||BILLS GLASSES W JACK DANIELS 750 ML|,80,95fe0c7902efc337bb51ba0b5a2f974f9b2ac76d7221a25e7dcd52a8cd28d287,LEAVE_UNRESOLVED,EXCLUDE_UNATTRIBUTABLE,true,0,,Bills Glasses w Jack Daniels  750 ml,,,,,,,,,,HISTORICAL_IDENTITY_UNATTRIBUTABLE_AFTER_EXHAUSTIVE_REVIEW,1,2026-02-06,2026-02-06,1.0000,1.0000,31.99,31.99,U0_NO_SAFE_CANONICAL_ATTRIBUTION_AFTER_EXHAUSTIVE_REVIEW,phase4-terminal-disposition-evidence-v1,OWNER_AUTHORIZATION_2026-08-21_PHASE4_TERMINAL_PACKET,d389079c-eabf-49b5-a245-40a207025fd7
PHASE4_TERMINAL_DISPOSITION_V1,0||BOTA BOX BREEZE SAUV BLANC|,81,95fe0c7902efc337bb51ba0b5a2f974f9b2ac76d7221a25e7dcd52a8cd28d287,LEAVE_UNRESOLVED,EXCLUDE_UNATTRIBUTABLE,true,0,,Bota box breeze sauv blanc,,,,,,,,,,HISTORICAL_IDENTITY_UNATTRIBUTABLE_AFTER_EXHAUSTIVE_REVIEW,1,2026-03-16,2026-03-16,1.0000,1.0000,19.99,19.99,U0_NO_SAFE_CANONICAL_ATTRIBUTION_AFTER_EXHAUSTIVE_REVIEW,phase4-terminal-disposition-evidence-v1,OWNER_AUTHORIZATION_2026-08-21_PHASE4_TERMINAL_PACKET,d389079c-eabf-49b5-a245-40a207025fd7
PHASE4_TERMINAL_DISPOSITION_V1,0||BOTA BOX BREEZE SB|,82,95fe0c7902efc337bb51ba0b5a2f974f9b2ac76d7221a25e7dcd52a8cd28d287,LEAVE_UNRESOLVED,EXCLUDE_UNATTRIBUTABLE,true,0,,Bota box breeze SB,,,,,,,,,,HISTORICAL_IDENTITY_UNATTRIBUTABLE_AFTER_EXHAUSTIVE_REVIEW,1,2026-04-09,2026-04-09,1.0000,1.0000,19.99,19.99,U0_NO_SAFE_CANONICAL_ATTRIBUTION_AFTER_EXHAUSTIVE_REVIEW,phase4-terminal-disposition-evidence-v1,OWNER_AUTHORIZATION_2026-08-21_PHASE4_TERMINAL_PACKET,d389079c-eabf-49b5-a245-40a207025fd7
PHASE4_TERMINAL_DISPOSITION_V1,0||BOTA BOX BREEZE SUA BLANC|,83,95fe0c7902efc337bb51ba0b5a2f974f9b2ac76d7221a25e7dcd52a8cd28d287,LEAVE_UNRESOLVED,EXCLUDE_UNATTRIBUTABLE,true,0,,Bota box breeze sua blanc,,,,,,,,,,HISTORICAL_IDENTITY_UNATTRIBUTABLE_AFTER_EXHAUSTIVE_REVIEW,1,2026-04-17,2026-04-17,1.0000,1.0000,19.99,19.99,U0_NO_SAFE_CANONICAL_ATTRIBUTION_AFTER_EXHAUSTIVE_REVIEW,phase4-terminal-disposition-evidence-v1,OWNER_AUTHORIZATION_2026-08-21_PHASE4_TERMINAL_PACKET,d389079c-eabf-49b5-a245-40a207025fd7
PHASE4_TERMINAL_DISPOSITION_V1,0||BOTA BOX DRY ROSE|3L,84,95fe0c7902efc337bb51ba0b5a2f974f9b2ac76d7221a25e7dcd52a8cd28d287,LEAVE_UNRESOLVED,EXCLUDE_UNATTRIBUTABLE,true,0,,Bota Box Dry Rose,3L,,,,,,,,,HISTORICAL_IDENTITY_UNATTRIBUTABLE_AFTER_EXHAUSTIVE_REVIEW,23,2024-12-30,2026-05-06,24.0000,24.0000,479.76,479.76,U0_NO_SAFE_CANONICAL_ATTRIBUTION_AFTER_EXHAUSTIVE_REVIEW,phase4-terminal-disposition-evidence-v1,OWNER_AUTHORIZATION_2026-08-21_PHASE4_TERMINAL_PACKET,d389079c-eabf-49b5-a245-40a207025fd7
PHASE4_TERMINAL_DISPOSITION_V1,0||BRADY S IRISH CREAM|1L,85,95fe0c7902efc337bb51ba0b5a2f974f9b2ac76d7221a25e7dcd52a8cd28d287,LEAVE_UNRESOLVED,EXCLUDE_UNATTRIBUTABLE,true,0,,Brady's Irish Cream,1L,,,,,,,,,HISTORICAL_IDENTITY_UNATTRIBUTABLE_AFTER_EXHAUSTIVE_REVIEW,12,2024-12-10,2025-12-19,12.0000,12.0000,179.88,179.88,U0_NO_SAFE_CANONICAL_ATTRIBUTION_AFTER_EXHAUSTIVE_REVIEW,phase4-terminal-disposition-evidence-v1,OWNER_AUTHORIZATION_2026-08-21_PHASE4_TERMINAL_PACKET,d389079c-eabf-49b5-a245-40a207025fd7
PHASE4_TERMINAL_DISPOSITION_V1,0||BRILLA|,86,95fe0c7902efc337bb51ba0b5a2f974f9b2ac76d7221a25e7dcd52a8cd28d287,LEAVE_UNRESOLVED,EXCLUDE_UNATTRIBUTABLE,true,0,,Brilla,,,,,,,,,,HISTORICAL_IDENTITY_UNATTRIBUTABLE_AFTER_EXHAUSTIVE_REVIEW,1,2026-03-24,2026-03-24,1.0000,1.0000,5.99,5.99,U0_NO_SAFE_CANONICAL_ATTRIBUTION_AFTER_EXHAUSTIVE_REVIEW,phase4-terminal-disposition-evidence-v1,OWNER_AUTHORIZATION_2026-08-21_PHASE4_TERMINAL_PACKET,d389079c-eabf-49b5-a245-40a207025fd7
PHASE4_TERMINAL_DISPOSITION_V1,0||CALUMET|,88,95fe0c7902efc337bb51ba0b5a2f974f9b2ac76d7221a25e7dcd52a8cd28d287,LEAVE_UNRESOLVED,EXCLUDE_UNATTRIBUTABLE,true,0,,Calumet,,,,,,,,,,HISTORICAL_IDENTITY_UNATTRIBUTABLE_AFTER_EXHAUSTIVE_REVIEW,1,2025-08-02,2025-08-02,1.0000,1.0000,99.99,99.99,U0_NO_SAFE_CANONICAL_ATTRIBUTION_AFTER_EXHAUSTIVE_REVIEW,phase4-terminal-disposition-evidence-v1,OWNER_AUTHORIZATION_2026-08-21_PHASE4_TERMINAL_PACKET,d389079c-eabf-49b5-a245-40a207025fd7
PHASE4_TERMINAL_DISPOSITION_V1,0||CAPARZO BRUNELLO DI MONTALCINO|750ML,90,95fe0c7902efc337bb51ba0b5a2f974f9b2ac76d7221a25e7dcd52a8cd28d287,LEAVE_UNRESOLVED,EXCLUDE_UNATTRIBUTABLE,true,0,,Caparzo Brunello di Montalcino,750ML,,,,,,,,,HISTORICAL_IDENTITY_UNATTRIBUTABLE_AFTER_EXHAUSTIVE_REVIEW,3,2024-12-13,2026-03-21,3.0000,3.0000,144.97,144.97,U0_NO_SAFE_CANONICAL_ATTRIBUTION_AFTER_EXHAUSTIVE_REVIEW,phase4-terminal-disposition-evidence-v1,OWNER_AUTHORIZATION_2026-08-21_PHASE4_TERMINAL_PACKET,d389079c-eabf-49b5-a245-40a207025fd7
PHASE4_TERMINAL_DISPOSITION_V1,0||CASA AZUL ORGANIC BLANCO TEQUILA 100 PURO DE AGAVE|750ML,91,95fe0c7902efc337bb51ba0b5a2f974f9b2ac76d7221a25e7dcd52a8cd28d287,LEAVE_UNRESOLVED,EXCLUDE_UNATTRIBUTABLE,true,0,,Casa Azul Organic Blanco Tequila 100% Puro De Agave,750ML,,,,,,,,,HISTORICAL_IDENTITY_UNATTRIBUTABLE_AFTER_EXHAUSTIVE_REVIEW,1,2024-11-28,2024-11-28,2.0000,2.0000,89.88,89.88,U0_NO_SAFE_CANONICAL_ATTRIBUTION_AFTER_EXHAUSTIVE_REVIEW,phase4-terminal-disposition-evidence-v1,OWNER_AUTHORIZATION_2026-08-21_PHASE4_TERMINAL_PACKET,d389079c-eabf-49b5-a245-40a207025fd7
PHASE4_TERMINAL_DISPOSITION_V1,0||CASA AZUL ORGANIC BLANCO TEQUILA|750ML,92,95fe0c7902efc337bb51ba0b5a2f974f9b2ac76d7221a25e7dcd52a8cd28d287,LEAVE_UNRESOLVED,EXCLUDE_UNATTRIBUTABLE,true,0,,Casa Azul Organic Blanco Tequila,750ML,,,,,,,,,HISTORICAL_IDENTITY_UNATTRIBUTABLE_AFTER_EXHAUSTIVE_REVIEW,4,2025-08-09,2026-01-25,4.0000,4.0000,173.97,173.97,U0_NO_SAFE_CANONICAL_ATTRIBUTION_AFTER_EXHAUSTIVE_REVIEW,phase4-terminal-disposition-evidence-v1,OWNER_AUTHORIZATION_2026-08-21_PHASE4_TERMINAL_PACKET,d389079c-eabf-49b5-a245-40a207025fd7
PHASE4_TERMINAL_DISPOSITION_V1,0||CASA AZUL TEQUILA SODA VARIETY PACK|12OZ,93,95fe0c7902efc337bb51ba0b5a2f974f9b2ac76d7221a25e7dcd52a8cd28d287,LEAVE_UNRESOLVED,EXCLUDE_UNATTRIBUTABLE,true,0,,Casa Azul Tequila Soda Variety Pack,12oz,,,,,,,,,HISTORICAL_IDENTITY_UNATTRIBUTABLE_AFTER_EXHAUSTIVE_REVIEW,3,2025-01-11,2025-08-12,3.0000,3.0000,65.97,65.97,U0_NO_SAFE_CANONICAL_ATTRIBUTION_AFTER_EXHAUSTIVE_REVIEW,phase4-terminal-disposition-evidence-v1,OWNER_AUTHORIZATION_2026-08-21_PHASE4_TERMINAL_PACKET,d389079c-eabf-49b5-a245-40a207025fd7
PHASE4_TERMINAL_DISPOSITION_V1,0||COELUS JOVEN TEMPRANILLO|750ML,94,95fe0c7902efc337bb51ba0b5a2f974f9b2ac76d7221a25e7dcd52a8cd28d287,LEAVE_UNRESOLVED,EXCLUDE_UNATTRIBUTABLE,true,0,,Coelus Joven Tempranillo,750ML,,,,,,,,,HISTORICAL_IDENTITY_UNATTRIBUTABLE_AFTER_EXHAUSTIVE_REVIEW,11,2025-04-10,2025-09-19,12.0000,12.0000,155.88,155.88,U0_NO_SAFE_CANONICAL_ATTRIBUTION_AFTER_EXHAUSTIVE_REVIEW,phase4-terminal-disposition-evidence-v1,OWNER_AUTHORIZATION_2026-08-21_PHASE4_TERMINAL_PACKET,d389079c-eabf-49b5-a245-40a207025fd7
PHASE4_TERMINAL_DISPOSITION_V1,0||COLONEL E.H. TAYLOR SMALL BATCH BOURBON|750ML,95,95fe0c7902efc337bb51ba0b5a2f974f9b2ac76d7221a25e7dcd52a8cd28d287,LEAVE_UNRESOLVED,MAP_TO_CANONICAL,true,0,,Colonel E.H. Taylor Small Batch Bourbon,750ML,41318441156683,,,,,,,,,1,2025-02-21,2025-02-21,3.0000,3.0000,269.97,269.97,OWNER_APPROVED_MAP_EXCEPTION,phase4-terminal-disposition-evidence-v1,OWNER_AUTHORIZATION_2026-08-21_PHASE4_TERMINAL_PACKET,d389079c-eabf-49b5-a245-40a207025fd7
PHASE4_TERMINAL_DISPOSITION_V1,0||COLONEL E.H. TAYLOR STRAIGHT RYE|750ML,96,95fe0c7902efc337bb51ba0b5a2f974f9b2ac76d7221a25e7dcd52a8cd28d287,LEAVE_UNRESOLVED,MAP_TO_CANONICAL,true,0,,Colonel E.H. Taylor Straight Rye,750ML,41318440927307,,,,,,,,,3,2025-02-19,2025-02-26,3.0000,3.0000,389.97,389.97,OWNER_APPROVED_MAP_EXCEPTION,phase4-terminal-disposition-evidence-v1,OWNER_AUTHORIZATION_2026-08-21_PHASE4_TERMINAL_PACKET,d389079c-eabf-49b5-a245-40a207025fd7
PHASE4_TERMINAL_DISPOSITION_V1,0||CONDESA GIN PRICKLY PEAR AND ORANGE BLOSSOM GIN|750ML,97,95fe0c7902efc337bb51ba0b5a2f974f9b2ac76d7221a25e7dcd52a8cd28d287,LEAVE_UNRESOLVED,EXCLUDE_UNATTRIBUTABLE,true,0,,Condesa Gin Prickly Pear & Orange Blossom Gin,750ML,,,,,,,,,HISTORICAL_IDENTITY_UNATTRIBUTABLE_AFTER_EXHAUSTIVE_REVIEW,3,2025-09-30,2026-04-05,3.0000,3.0000,119.97,119.97,U0_NO_SAFE_CANONICAL_ATTRIBUTION_AFTER_EXHAUSTIVE_REVIEW,phase4-terminal-disposition-evidence-v1,OWNER_AUTHORIZATION_2026-08-21_PHASE4_TERMINAL_PACKET,d389079c-eabf-49b5-a245-40a207025fd7
PHASE4_TERMINAL_DISPOSITION_V1,0||COOPER AND THIEF BOURBON BARREL AGED RED|750ML,98,95fe0c7902efc337bb51ba0b5a2f974f9b2ac76d7221a25e7dcd52a8cd28d287,LEAVE_UNRESOLVED,EXCLUDE_UNATTRIBUTABLE,true,0,,Cooper & Thief Bourbon Barrel Aged Red,750ML,,,,,,,,,HISTORICAL_IDENTITY_UNATTRIBUTABLE_AFTER_EXHAUSTIVE_REVIEW,9,2024-12-12,2025-12-22,12.0000,12.0000,342.39,342.39,U0_NO_SAFE_CANONICAL_ATTRIBUTION_AFTER_EXHAUSTIVE_REVIEW,phase4-terminal-disposition-evidence-v1,OWNER_AUTHORIZATION_2026-08-21_PHASE4_TERMINAL_PACKET,d389079c-eabf-49b5-a245-40a207025fd7
PHASE4_TERMINAL_DISPOSITION_V1,0||CUSTOM SALE|,99,95fe0c7902efc337bb51ba0b5a2f974f9b2ac76d7221a25e7dcd52a8cd28d287,LEAVE_UNRESOLVED,EXCLUDE_UNATTRIBUTABLE,true,0,,Custom sale,,,,,,,,,,HISTORICAL_IDENTITY_UNATTRIBUTABLE_AFTER_EXHAUSTIVE_REVIEW,10,2024-12-13,2026-07-09,12.0000,12.0000,622.21,622.21,U0_NO_SAFE_CANONICAL_ATTRIBUTION_AFTER_EXHAUSTIVE_REVIEW,phase4-terminal-disposition-evidence-v1,OWNER_AUTHORIZATION_2026-08-21_PHASE4_TERMINAL_PACKET,d389079c-eabf-49b5-a245-40a207025fd7
PHASE4_TERMINAL_DISPOSITION_V1,0||CUTWATER SPIRITS RED WHITE AND BLUE 12 PACK|200ML,100,95fe0c7902efc337bb51ba0b5a2f974f9b2ac76d7221a25e7dcd52a8cd28d287,LEAVE_UNRESOLVED,EXCLUDE_UNATTRIBUTABLE,true,0,,Cutwater Spirits Red White and Blue 12 Pack,200ML,,,,,,,,,HISTORICAL_IDENTITY_UNATTRIBUTABLE_AFTER_EXHAUSTIVE_REVIEW,3,2025-07-03,2025-07-17,4.0000,4.0000,106.38,106.38,U0_NO_SAFE_CANONICAL_ATTRIBUTION_AFTER_EXHAUSTIVE_REVIEW,phase4-terminal-disposition-evidence-v1,OWNER_AUTHORIZATION_2026-08-21_PHASE4_TERMINAL_PACKET,d389079c-eabf-49b5-a245-40a207025fd7
PHASE4_TERMINAL_DISPOSITION_V1,0||DECANTERS|,101,95fe0c7902efc337bb51ba0b5a2f974f9b2ac76d7221a25e7dcd52a8cd28d287,LEAVE_UNRESOLVED,EXCLUDE_UNATTRIBUTABLE,true,0,,Decanters,,,,,,,,,,HISTORICAL_IDENTITY_UNATTRIBUTABLE_AFTER_EXHAUSTIVE_REVIEW,2,2026-01-16,2026-02-12,3.0000,3.0000,73.97,73.97,U0_NO_SAFE_CANONICAL_ATTRIBUTION_AFTER_EXHAUSTIVE_REVIEW,phase4-terminal-disposition-evidence-v1,OWNER_AUTHORIZATION_2026-08-21_PHASE4_TERMINAL_PACKET,d389079c-eabf-49b5-a245-40a207025fd7
PHASE4_TERMINAL_DISPOSITION_V1,0||DEEP EDDY VODKA SODA VARIETY PACK|6 PACK,102,95fe0c7902efc337bb51ba0b5a2f974f9b2ac76d7221a25e7dcd52a8cd28d287,LEAVE_UNRESOLVED,EXCLUDE_UNATTRIBUTABLE,true,0,,Deep Eddy Vodka + Soda Variety Pack,6 Pack,,,,,,,,,HISTORICAL_IDENTITY_UNATTRIBUTABLE_AFTER_EXHAUSTIVE_REVIEW,7,2024-12-15,2025-07-14,8.0000,8.0000,143.92,143.92,U0_NO_SAFE_CANONICAL_ATTRIBUTION_AFTER_EXHAUSTIVE_REVIEW,phase4-terminal-disposition-evidence-v1,OWNER_AUTHORIZATION_2026-08-21_PHASE4_TERMINAL_PACKET,d389079c-eabf-49b5-a245-40a207025fd7
PHASE4_TERMINAL_DISPOSITION_V1,0||DEWAR S 15 YEAR OLD THE MONARCH SPECIAL RESERVE BLENDED SCOTCH WHISKY|750ML,104,95fe0c7902efc337bb51ba0b5a2f974f9b2ac76d7221a25e7dcd52a8cd28d287,LEAVE_UNRESOLVED,EXCLUDE_UNATTRIBUTABLE,true,0,,Dewar's 15 Year Old The Monarch Special Reserve Blended Scotch Whisky,750ML,,,,,,,,,HISTORICAL_IDENTITY_UNATTRIBUTABLE_AFTER_EXHAUSTIVE_REVIEW,1,2024-11-28,2024-11-28,1.0000,1.0000,38.40,38.40,U0_NO_SAFE_CANONICAL_ATTRIBUTION_AFTER_EXHAUSTIVE_REVIEW,phase4-terminal-disposition-evidence-v1,OWNER_AUTHORIZATION_2026-08-21_PHASE4_TERMINAL_PACKET,d389079c-eabf-49b5-a245-40a207025fd7
PHASE4_TERMINAL_DISPOSITION_V1,0||DEWAR S 15YRS MONARCH RESERVE BLENDED|750ML,105,95fe0c7902efc337bb51ba0b5a2f974f9b2ac76d7221a25e7dcd52a8cd28d287,LEAVE_UNRESOLVED,EXCLUDE_UNATTRIBUTABLE,true,0,,Dewar's 15Yrs Monarch Reserve Blended,750ML,,,,,,,,,HISTORICAL_IDENTITY_UNATTRIBUTABLE_AFTER_EXHAUSTIVE_REVIEW,5,2024-12-24,2025-12-05,5.0000,5.0000,239.95,239.95,U0_NO_SAFE_CANONICAL_ATTRIBUTION_AFTER_EXHAUSTIVE_REVIEW,phase4-terminal-disposition-evidence-v1,OWNER_AUTHORIZATION_2026-08-21_PHASE4_TERMINAL_PACKET,d389079c-eabf-49b5-a245-40a207025fd7
PHASE4_TERMINAL_DISPOSITION_V1,0||DEWAR S 8YRS CARIBBEAN SMOOTH RUM CASK|750ML,106,95fe0c7902efc337bb51ba0b5a2f974f9b2ac76d7221a25e7dcd52a8cd28d287,LEAVE_UNRESOLVED,EXCLUDE_UNATTRIBUTABLE,true,0,,Dewar's 8Yrs Caribbean Smooth Rum Cask,750ML,,,,,,,,,HISTORICAL_IDENTITY_UNATTRIBUTABLE_AFTER_EXHAUSTIVE_REVIEW,10,2025-03-28,2025-09-19,37.0000,37.0000,1290.84,1290.84,U0_NO_SAFE_CANONICAL_ATTRIBUTION_AFTER_EXHAUSTIVE_REVIEW,phase4-terminal-disposition-evidence-v1,OWNER_AUTHORIZATION_2026-08-21_PHASE4_TERMINAL_PACKET,d389079c-eabf-49b5-a245-40a207025fd7
PHASE4_TERMINAL_DISPOSITION_V1,0||DIO TAHITIAN VANILLA ESPRESSO MARTINI SINGLE CAN|200ML,108,95fe0c7902efc337bb51ba0b5a2f974f9b2ac76d7221a25e7dcd52a8cd28d287,LEAVE_UNRESOLVED,EXCLUDE_UNATTRIBUTABLE,true,0,,DIO Tahitian Vanilla Espresso Martini Single Can,200ML,,,,,,,,,HISTORICAL_IDENTITY_UNATTRIBUTABLE_AFTER_EXHAUSTIVE_REVIEW,5,2024-12-21,2025-08-15,8.0000,8.0000,43.92,43.92,U0_NO_SAFE_CANONICAL_ATTRIBUTION_AFTER_EXHAUSTIVE_REVIEW,phase4-terminal-disposition-evidence-v1,OWNER_AUTHORIZATION_2026-08-21_PHASE4_TERMINAL_PACKET,d389079c-eabf-49b5-a245-40a207025fd7
PHASE4_TERMINAL_DISPOSITION_V1,0||DIO TAHITIAN VANILLA ESPRESSO MARTINI|200ML,109,95fe0c7902efc337bb51ba0b5a2f974f9b2ac76d7221a25e7dcd52a8cd28d287,LEAVE_UNRESOLVED,EXCLUDE_UNATTRIBUTABLE,true,0,,DIO Tahitian Vanilla Espresso Martini,200ML,,,,,,,,,HISTORICAL_IDENTITY_UNATTRIBUTABLE_AFTER_EXHAUSTIVE_REVIEW,6,2024-12-22,2025-06-20,6.0000,6.0000,125.94,125.94,U0_NO_SAFE_CANONICAL_ATTRIBUTION_AFTER_EXHAUSTIVE_REVIEW,phase4-terminal-disposition-evidence-v1,OWNER_AUTHORIZATION_2026-08-21_PHASE4_TERMINAL_PACKET,d389079c-eabf-49b5-a245-40a207025fd7
PHASE4_TERMINAL_DISPOSITION_V1,0||DIO TAHITIAN VANILLA ESPRESSO MARTINI|4PK 200ML CANS,110,95fe0c7902efc337bb51ba0b5a2f974f9b2ac76d7221a25e7dcd52a8cd28d287,LEAVE_UNRESOLVED,EXCLUDE_UNATTRIBUTABLE,true,0,,DIO Tahitian Vanilla Espresso Martini,4pk-200ML Cans,,,,,,,,,HISTORICAL_IDENTITY_UNATTRIBUTABLE_AFTER_EXHAUSTIVE_REVIEW,3,2025-10-20,2026-04-02,3.0000,3.0000,41.98,41.98,U0_NO_SAFE_CANONICAL_ATTRIBUTION_AFTER_EXHAUSTIVE_REVIEW,phase4-terminal-disposition-evidence-v1,OWNER_AUTHORIZATION_2026-08-21_PHASE4_TERMINAL_PACKET,d389079c-eabf-49b5-a245-40a207025fd7
PHASE4_TERMINAL_DISPOSITION_V1,0||DRUMSHANBO GUNPOWDER IRISH GIN GIFT PACK|750ML,111,95fe0c7902efc337bb51ba0b5a2f974f9b2ac76d7221a25e7dcd52a8cd28d287,LEAVE_UNRESOLVED,EXCLUDE_UNATTRIBUTABLE,true,0,,Drumshanbo Gunpowder Irish Gin Gift Pack,750ML,,,,,,,,,HISTORICAL_IDENTITY_UNATTRIBUTABLE_AFTER_EXHAUSTIVE_REVIEW,5,2024-12-13,2025-06-14,5.0000,5.0000,184.95,184.95,U0_NO_SAFE_CANONICAL_ATTRIBUTION_AFTER_EXHAUSTIVE_REVIEW,phase4-terminal-disposition-evidence-v1,OWNER_AUTHORIZATION_2026-08-21_PHASE4_TERMINAL_PACKET,d389079c-eabf-49b5-a245-40a207025fd7
PHASE4_TERMINAL_DISPOSITION_V1,0||E11EVEN VODKA|750ML,112,95fe0c7902efc337bb51ba0b5a2f974f9b2ac76d7221a25e7dcd52a8cd28d287,LEAVE_UNRESOLVED,EXCLUDE_UNATTRIBUTABLE,true,0,,E11even Vodka,750ML,,,,,,,,,HISTORICAL_IDENTITY_UNATTRIBUTABLE_AFTER_EXHAUSTIVE_REVIEW,3,2025-03-28,2025-04-12,3.0000,3.0000,68.97,68.97,U0_NO_SAFE_CANONICAL_ATTRIBUTION_AFTER_EXHAUSTIVE_REVIEW,phase4-terminal-disposition-evidence-v1,OWNER_AUTHORIZATION_2026-08-21_PHASE4_TERMINAL_PACKET,d389079c-eabf-49b5-a245-40a207025fd7
PHASE4_TERMINAL_DISPOSITION_V1,0||EL MAYOR REPOSADO|750ML,113,95fe0c7902efc337bb51ba0b5a2f974f9b2ac76d7221a25e7dcd52a8cd28d287,LEAVE_UNRESOLVED,EXCLUDE_UNATTRIBUTABLE,true,0,,El Mayor Reposado,750Ml,,,,,,,,,HISTORICAL_IDENTITY_UNATTRIBUTABLE_AFTER_EXHAUSTIVE_REVIEW,5,2025-02-11,2025-07-03,7.0000,7.0000,262.56,262.56,U0_NO_SAFE_CANONICAL_ATTRIBUTION_AFTER_EXHAUSTIVE_REVIEW,phase4-terminal-disposition-evidence-v1,OWNER_AUTHORIZATION_2026-08-21_PHASE4_TERMINAL_PACKET,d389079c-eabf-49b5-a245-40a207025fd7
PHASE4_TERMINAL_DISPOSITION_V1,0||ELIJAH CRAIG 15 YEARS|,114,95fe0c7902efc337bb51ba0b5a2f974f9b2ac76d7221a25e7dcd52a8cd28d287,LEAVE_UNRESOLVED,EXCLUDE_UNATTRIBUTABLE,true,0,,Elijah craig 15 years,,,,,,,,,,HISTORICAL_IDENTITY_UNATTRIBUTABLE_AFTER_EXHAUSTIVE_REVIEW,1,2026-06-18,2026-06-18,1.0000,1.0000,159.99,159.99,U0_NO_SAFE_CANONICAL_ATTRIBUTION_AFTER_EXHAUSTIVE_REVIEW,phase4-terminal-disposition-evidence-v1,OWNER_AUTHORIZATION_2026-08-21_PHASE4_TERMINAL_PACKET,d389079c-eabf-49b5-a245-40a207025fd7
PHASE4_TERMINAL_DISPOSITION_V1,0||EVAN WILLIAMS BOTTLED IN BOND|1.75L,115,95fe0c7902efc337bb51ba0b5a2f974f9b2ac76d7221a25e7dcd52a8cd28d287,LEAVE_UNRESOLVED,EXCLUDE_UNATTRIBUTABLE,true,0,,Evan Williams Bottled-in-Bond,1.75L,,,,,,,,,HISTORICAL_IDENTITY_UNATTRIBUTABLE_AFTER_EXHAUSTIVE_REVIEW,12,2024-12-14,2026-02-01,12.0000,12.0000,443.88,443.88,U0_NO_SAFE_CANONICAL_ATTRIBUTION_AFTER_EXHAUSTIVE_REVIEW,phase4-terminal-disposition-evidence-v1,OWNER_AUTHORIZATION_2026-08-21_PHASE4_TERMINAL_PACKET,d389079c-eabf-49b5-a245-40a207025fd7
PHASE4_TERMINAL_DISPOSITION_V1,0||EVAN WILLIAMS BOTTLED IN BOND|1L,116,95fe0c7902efc337bb51ba0b5a2f974f9b2ac76d7221a25e7dcd52a8cd28d287,LEAVE_UNRESOLVED,EXCLUDE_UNATTRIBUTABLE,true,0,,Evan Williams Bottled-in-Bond,1L,,,,,,,,,HISTORICAL_IDENTITY_UNATTRIBUTABLE_AFTER_EXHAUSTIVE_REVIEW,12,2024-12-21,2026-05-31,12.0000,12.0000,311.88,311.88,U0_NO_SAFE_CANONICAL_ATTRIBUTION_AFTER_EXHAUSTIVE_REVIEW,phase4-terminal-disposition-evidence-v1,OWNER_AUTHORIZATION_2026-08-21_PHASE4_TERMINAL_PACKET,d389079c-eabf-49b5-a245-40a207025fd7
PHASE4_TERMINAL_DISPOSITION_V1,0||FIVE FARMS SHOT|,117,95fe0c7902efc337bb51ba0b5a2f974f9b2ac76d7221a25e7dcd52a8cd28d287,LEAVE_UNRESOLVED,EXCLUDE_UNATTRIBUTABLE,true,0,,Five Farms Shot,,,,,,,,,,HISTORICAL_IDENTITY_UNATTRIBUTABLE_AFTER_EXHAUSTIVE_REVIEW,1,2026-06-06,2026-06-06,1.0000,1.0000,2.99,2.99,U0_NO_SAFE_CANONICAL_ATTRIBUTION_AFTER_EXHAUSTIVE_REVIEW,phase4-terminal-disposition-evidence-v1,OWNER_AUTHORIZATION_2026-08-21_PHASE4_TERMINAL_PACKET,d389079c-eabf-49b5-a245-40a207025fd7
PHASE4_TERMINAL_DISPOSITION_V1,0||FIVE TRAIL BARREL PROOF BLEND WHISKY|750ML,118,95fe0c7902efc337bb51ba0b5a2f974f9b2ac76d7221a25e7dcd52a8cd28d287,LEAVE_UNRESOLVED,EXCLUDE_UNATTRIBUTABLE,true,0,,Five Trail Barrel Proof Blend Whisky,750ML,,,,,,,,,HISTORICAL_IDENTITY_UNATTRIBUTABLE_AFTER_EXHAUSTIVE_REVIEW,1,2025-12-13,2025-12-13,1.0000,1.0000,59.99,59.99,U0_NO_SAFE_CANONICAL_ATTRIBUTION_AFTER_EXHAUSTIVE_REVIEW,phase4-terminal-disposition-evidence-v1,OWNER_AUTHORIZATION_2026-08-21_PHASE4_TERMINAL_PACKET,d389079c-eabf-49b5-a245-40a207025fd7
PHASE4_TERMINAL_DISPOSITION_V1,0||FRUITFUL MIXOLOGY SMOKED JALAPENO LIQUEUR|1L,119,95fe0c7902efc337bb51ba0b5a2f974f9b2ac76d7221a25e7dcd52a8cd28d287,LEAVE_UNRESOLVED,EXCLUDE_UNATTRIBUTABLE,true,0,,Fruitful Mixology Smoked Jalapeno Liqueur,1L,,,,,,,,,HISTORICAL_IDENTITY_UNATTRIBUTABLE_AFTER_EXHAUSTIVE_REVIEW,6,2024-12-22,2026-03-31,6.0000,6.0000,122.46,122.46,U0_NO_SAFE_CANONICAL_ATTRIBUTION_AFTER_EXHAUSTIVE_REVIEW,phase4-terminal-disposition-evidence-v1,OWNER_AUTHORIZATION_2026-08-21_PHASE4_TERMINAL_PACKET,d389079c-eabf-49b5-a245-40a207025fd7
PHASE4_TERMINAL_DISPOSITION_V1,0||GEORGE T STAGG|,120,95fe0c7902efc337bb51ba0b5a2f974f9b2ac76d7221a25e7dcd52a8cd28d287,LEAVE_UNRESOLVED,EXCLUDE_UNATTRIBUTABLE,true,0,,George T Stagg,,,,,,,,,,HISTORICAL_IDENTITY_UNATTRIBUTABLE_AFTER_EXHAUSTIVE_REVIEW,1,2025-12-16,2025-12-16,1.0000,1.0000,349.99,349.99,U0_NO_SAFE_CANONICAL_ATTRIBUTION_AFTER_EXHAUSTIVE_REVIEW,phase4-terminal-disposition-evidence-v1,OWNER_AUTHORIZATION_2026-08-21_PHASE4_TERMINAL_PACKET,d389079c-eabf-49b5-a245-40a207025fd7
PHASE4_TERMINAL_DISPOSITION_V1,0||GIFT BAG|,121,95fe0c7902efc337bb51ba0b5a2f974f9b2ac76d7221a25e7dcd52a8cd28d287,LEAVE_UNRESOLVED,EXCLUDE_UNATTRIBUTABLE,true,0,,Gift Bag,,,,,,,,,,HISTORICAL_IDENTITY_UNATTRIBUTABLE_AFTER_EXHAUSTIVE_REVIEW,2,2024-12-06,2025-12-11,2.0000,2.0000,3.24,3.24,U0_NO_SAFE_CANONICAL_ATTRIBUTION_AFTER_EXHAUSTIVE_REVIEW,phase4-terminal-disposition-evidence-v1,OWNER_AUTHORIZATION_2026-08-21_PHASE4_TERMINAL_PACKET,d389079c-eabf-49b5-a245-40a207025fd7
PHASE4_TERMINAL_DISPOSITION_V1,0||GIRLAN PG|750ML,122,95fe0c7902efc337bb51ba0b5a2f974f9b2ac76d7221a25e7dcd52a8cd28d287,LEAVE_UNRESOLVED,EXCLUDE_UNATTRIBUTABLE,true,0,,Girlan Pinot Grigio,750ML,,,,,,,,,HISTORICAL_IDENTITY_UNATTRIBUTABLE_AFTER_EXHAUSTIVE_REVIEW,10,2025-05-09,2025-12-02,9.0000,9.0000,177.92,177.92,U0_NO_SAFE_CANONICAL_ATTRIBUTION_AFTER_EXHAUSTIVE_REVIEW,phase4-terminal-disposition-evidence-v1,OWNER_AUTHORIZATION_2026-08-21_PHASE4_TERMINAL_PACKET,d389079c-eabf-49b5-a245-40a207025fd7
PHASE4_TERMINAL_DISPOSITION_V1,0||GLENLIVET 14 YEAR SINGLE MALT SCOTCH|1L,123,95fe0c7902efc337bb51ba0b5a2f974f9b2ac76d7221a25e7dcd52a8cd28d287,LEAVE_UNRESOLVED,EXCLUDE_UNATTRIBUTABLE,true,0,,Glenlivet 14 Year Single Malt Scotch,1L,,,,,,,,,HISTORICAL_IDENTITY_UNATTRIBUTABLE_AFTER_EXHAUSTIVE_REVIEW,2,2025-06-06,2025-06-08,6.0000,6.0000,469.74,469.74,U0_NO_SAFE_CANONICAL_ATTRIBUTION_AFTER_EXHAUSTIVE_REVIEW,phase4-terminal-disposition-evidence-v1,OWNER_AUTHORIZATION_2026-08-21_PHASE4_TERMINAL_PACKET,d389079c-eabf-49b5-a245-40a207025fd7
PHASE4_TERMINAL_DISPOSITION_V1,0||GLENMORANGIE SAMPLER PACK SCOTCH|3PK 100ML,124,95fe0c7902efc337bb51ba0b5a2f974f9b2ac76d7221a25e7dcd52a8cd28d287,LEAVE_UNRESOLVED,EXCLUDE_UNATTRIBUTABLE,true,0,,Glenmorangie Sampler Pack Scotch,3PK-100ML,,,,,,,,,HISTORICAL_IDENTITY_UNATTRIBUTABLE_AFTER_EXHAUSTIVE_REVIEW,4,2025-11-05,2025-12-18,5.0000,5.0000,139.95,139.95,U0_NO_SAFE_CANONICAL_ATTRIBUTION_AFTER_EXHAUSTIVE_REVIEW,phase4-terminal-disposition-evidence-v1,OWNER_AUTHORIZATION_2026-08-21_PHASE4_TERMINAL_PACKET,d389079c-eabf-49b5-a245-40a207025fd7
PHASE4_TERMINAL_DISPOSITION_V1,0||HAKU JAPANESE VODKA|750ML,125,95fe0c7902efc337bb51ba0b5a2f974f9b2ac76d7221a25e7dcd52a8cd28d287,LEAVE_UNRESOLVED,EXCLUDE_UNATTRIBUTABLE,true,0,,Haku Japanese Vodka,750ML,,,,,,,,,HISTORICAL_IDENTITY_UNATTRIBUTABLE_AFTER_EXHAUSTIVE_REVIEW,3,2025-03-22,2026-01-09,3.0000,3.0000,77.97,77.97,U0_NO_SAFE_CANONICAL_ATTRIBUTION_AFTER_EXHAUSTIVE_REVIEW,phase4-terminal-disposition-evidence-v1,OWNER_AUTHORIZATION_2026-08-21_PHASE4_TERMINAL_PACKET,d389079c-eabf-49b5-a245-40a207025fd7
PHASE4_TERMINAL_DISPOSITION_V1,0||HARTMAN S COTTER S CASK WHEATED|750ML,126,95fe0c7902efc337bb51ba0b5a2f974f9b2ac76d7221a25e7dcd52a8cd28d287,LEAVE_UNRESOLVED,EXCLUDE_UNATTRIBUTABLE,true,0,,Hartman's Cotter's Cask Wheated,750ML,,,,,,,,,HISTORICAL_IDENTITY_UNATTRIBUTABLE_AFTER_EXHAUSTIVE_REVIEW,2,2025-12-24,2026-05-09,2.0000,2.0000,299.98,299.98,U0_NO_SAFE_CANONICAL_ATTRIBUTION_AFTER_EXHAUSTIVE_REVIEW,phase4-terminal-disposition-evidence-v1,OWNER_AUTHORIZATION_2026-08-21_PHASE4_TERMINAL_PACKET,d389079c-eabf-49b5-a245-40a207025fd7
PHASE4_TERMINAL_DISPOSITION_V1,0||HARTMAN S SHEA S CENTENNIAL BLEND|750ML,127,95fe0c7902efc337bb51ba0b5a2f974f9b2ac76d7221a25e7dcd52a8cd28d287,LEAVE_UNRESOLVED,EXCLUDE_UNATTRIBUTABLE,true,0,,Hartman's Shea's Centennial Blend,750ML,,,,,,,,,HISTORICAL_IDENTITY_UNATTRIBUTABLE_AFTER_EXHAUSTIVE_REVIEW,6,2025-09-10,2025-11-28,12.0000,12.0000,959.88,959.88,U0_NO_SAFE_CANONICAL_ATTRIBUTION_AFTER_EXHAUSTIVE_REVIEW,phase4-terminal-disposition-evidence-v1,OWNER_AUTHORIZATION_2026-08-21_PHASE4_TERMINAL_PACKET,d389079c-eabf-49b5-a245-40a207025fd7
PHASE4_TERMINAL_DISPOSITION_V1,0||HARTMANS|,128,95fe0c7902efc337bb51ba0b5a2f974f9b2ac76d7221a25e7dcd52a8cd28d287,LEAVE_UNRESOLVED,EXCLUDE_UNATTRIBUTABLE,true,0,,Hartmans,,,,,,,,,,HISTORICAL_IDENTITY_UNATTRIBUTABLE_AFTER_EXHAUSTIVE_REVIEW,1,2025-11-11,2025-11-11,1.0000,1.0000,114.99,114.99,U0_NO_SAFE_CANONICAL_ATTRIBUTION_AFTER_EXHAUSTIVE_REVIEW,phase4-terminal-disposition-evidence-v1,OWNER_AUTHORIZATION_2026-08-21_PHASE4_TERMINAL_PACKET,d389079c-eabf-49b5-a245-40a207025fd7
PHASE4_TERMINAL_DISPOSITION_V1,0||HARTWALL ORIGINAL LONG DRINK|12OZ,129,95fe0c7902efc337bb51ba0b5a2f974f9b2ac76d7221a25e7dcd52a8cd28d287,LEAVE_UNRESOLVED,EXCLUDE_UNATTRIBUTABLE,true,0,,Hartwall Original Long Drink,12oz,,,,,,,,,HISTORICAL_IDENTITY_UNATTRIBUTABLE_AFTER_EXHAUSTIVE_REVIEW,4,2025-03-29,2025-07-04,4.0000,4.0000,63.96,63.96,U0_NO_SAFE_CANONICAL_ATTRIBUTION_AFTER_EXHAUSTIVE_REVIEW,phase4-terminal-disposition-evidence-v1,OWNER_AUTHORIZATION_2026-08-21_PHASE4_TERMINAL_PACKET,d389079c-eabf-49b5-a245-40a207025fd7
PHASE4_TERMINAL_DISPOSITION_V1,0||HEAVEN HILL 7YRS BOTTLED IN BOND STRAIGHT|750ML,130,95fe0c7902efc337bb51ba0b5a2f974f9b2ac76d7221a25e7dcd52a8cd28d287,LEAVE_UNRESOLVED,EXCLUDE_UNATTRIBUTABLE,true,0,,Heaven Hill 7Yrs Bottled-In-Bond Straight,750ML,,,,,,,,,HISTORICAL_IDENTITY_UNATTRIBUTABLE_AFTER_EXHAUSTIVE_REVIEW,6,2024-12-21,2025-09-16,6.0000,6.0000,321.70,321.70,U0_NO_SAFE_CANONICAL_ATTRIBUTION_AFTER_EXHAUSTIVE_REVIEW,phase4-terminal-disposition-evidence-v1,OWNER_AUTHORIZATION_2026-08-21_PHASE4_TERMINAL_PACKET,d389079c-eabf-49b5-a245-40a207025fd7
PHASE4_TERMINAL_DISPOSITION_V1,0||HENNESSY 375|,131,95fe0c7902efc337bb51ba0b5a2f974f9b2ac76d7221a25e7dcd52a8cd28d287,LEAVE_UNRESOLVED,EXCLUDE_UNATTRIBUTABLE,true,0,,Hennessy 375,,,,,,,,,,HISTORICAL_IDENTITY_UNATTRIBUTABLE_AFTER_EXHAUSTIVE_REVIEW,1,2024-12-04,2024-12-04,1.0000,1.0000,24.99,24.99,U0_NO_SAFE_CANONICAL_ATTRIBUTION_AFTER_EXHAUSTIVE_REVIEW,phase4-terminal-disposition-evidence-v1,OWNER_AUTHORIZATION_2026-08-21_PHASE4_TERMINAL_PACKET,d389079c-eabf-49b5-a245-40a207025fd7
PHASE4_TERMINAL_DISPOSITION_V1,0||HIGH NOON VODKA SELTZER TRANSFUSION|6PK 12OZ CANS,132,95fe0c7902efc337bb51ba0b5a2f974f9b2ac76d7221a25e7dcd52a8cd28d287,LEAVE_UNRESOLVED,EXCLUDE_UNATTRIBUTABLE,true,0,,High Noon Vodka Seltzer Transfusion,6pk-12oz Cans,,,,,,,,,HISTORICAL_IDENTITY_UNATTRIBUTABLE_AFTER_EXHAUSTIVE_REVIEW,9,2026-05-07,2026-05-24,20.0000,20.0000,339.80,339.80,U0_NO_SAFE_CANONICAL_ATTRIBUTION_AFTER_EXHAUSTIVE_REVIEW,phase4-terminal-disposition-evidence-v1,OWNER_AUTHORIZATION_2026-08-21_PHASE4_TERMINAL_PACKET,d389079c-eabf-49b5-a245-40a207025fd7
PHASE4_TERMINAL_DISPOSITION_V1,0||J VINEYARDS AND WINERY CHARDONNAY|750ML,133,95fe0c7902efc337bb51ba0b5a2f974f9b2ac76d7221a25e7dcd52a8cd28d287,LEAVE_UNRESOLVED,EXCLUDE_UNATTRIBUTABLE,true,0,,J Vineyards & Winery Chardonnay,750ML,,,,,,,,,HISTORICAL_IDENTITY_UNATTRIBUTABLE_AFTER_EXHAUSTIVE_REVIEW,2,2024-12-28,2025-02-20,3.0000,3.0000,59.97,59.97,U0_NO_SAFE_CANONICAL_ATTRIBUTION_AFTER_EXHAUSTIVE_REVIEW,phase4-terminal-disposition-evidence-v1,OWNER_AUTHORIZATION_2026-08-21_PHASE4_TERMINAL_PACKET,d389079c-eabf-49b5-a245-40a207025fd7
PHASE4_TERMINAL_DISPOSITION_V1,0||J VINEYARDS CALIFORNIA CUVEE|750ML,134,95fe0c7902efc337bb51ba0b5a2f974f9b2ac76d7221a25e7dcd52a8cd28d287,LEAVE_UNRESOLVED,EXCLUDE_UNATTRIBUTABLE,true,0,,J Vineyards California Cuvee,750ML,,,,,,,,,HISTORICAL_IDENTITY_UNATTRIBUTABLE_AFTER_EXHAUSTIVE_REVIEW,3,2024-12-15,2025-12-19,3.0000,3.0000,71.06,71.06,U0_NO_SAFE_CANONICAL_ATTRIBUTION_AFTER_EXHAUSTIVE_REVIEW,phase4-terminal-disposition-evidence-v1,OWNER_AUTHORIZATION_2026-08-21_PHASE4_TERMINAL_PACKET,d389079c-eabf-49b5-a245-40a207025fd7
PHASE4_TERMINAL_DISPOSITION_V1,0||J VINEYARDS PINOT GRIS CALIFORNIA|750ML,135,95fe0c7902efc337bb51ba0b5a2f974f9b2ac76d7221a25e7dcd52a8cd28d287,LEAVE_UNRESOLVED,EXCLUDE_UNATTRIBUTABLE,true,0,,J Vineyards Pinot Gris California,750ML,,,,,,,,,HISTORICAL_IDENTITY_UNATTRIBUTABLE_AFTER_EXHAUSTIVE_REVIEW,3,2024-12-29,2025-04-11,3.0000,3.0000,59.97,59.97,U0_NO_SAFE_CANONICAL_ATTRIBUTION_AFTER_EXHAUSTIVE_REVIEW,phase4-terminal-disposition-evidence-v1,OWNER_AUTHORIZATION_2026-08-21_PHASE4_TERMINAL_PACKET,d389079c-eabf-49b5-a245-40a207025fd7
PHASE4_TERMINAL_DISPOSITION_V1,0||JIM BEAM PINEAPPLE BOURBON WHISKEY|750ML,136,95fe0c7902efc337bb51ba0b5a2f974f9b2ac76d7221a25e7dcd52a8cd28d287,LEAVE_UNRESOLVED,EXCLUDE_UNATTRIBUTABLE,true,0,,Jim Beam Pineapple Bourbon Whiskey,750ML,,,,,,,,,HISTORICAL_IDENTITY_UNATTRIBUTABLE_AFTER_EXHAUSTIVE_REVIEW,1,2026-01-03,2026-01-03,1.0000,1.0000,19.99,19.99,U0_NO_SAFE_CANONICAL_ATTRIBUTION_AFTER_EXHAUSTIVE_REVIEW,phase4-terminal-disposition-evidence-v1,OWNER_AUTHORIZATION_2026-08-21_PHASE4_TERMINAL_PACKET,d389079c-eabf-49b5-a245-40a207025fd7
PHASE4_TERMINAL_DISPOSITION_V1,0||JOSE CUERVO MARGARITA MIX|,137,95fe0c7902efc337bb51ba0b5a2f974f9b2ac76d7221a25e7dcd52a8cd28d287,LEAVE_UNRESOLVED,EXCLUDE_UNATTRIBUTABLE,true,0,,Jose Cuervo Margarita Mix,,,,,,,,,,HISTORICAL_IDENTITY_UNATTRIBUTABLE_AFTER_EXHAUSTIVE_REVIEW,1,2026-05-05,2026-05-05,1.0000,1.0000,8.99,8.99,U0_NO_SAFE_CANONICAL_ATTRIBUTION_AFTER_EXHAUSTIVE_REVIEW,phase4-terminal-disposition-evidence-v1,OWNER_AUTHORIZATION_2026-08-21_PHASE4_TERMINAL_PACKET,d389079c-eabf-49b5-a245-40a207025fd7
PHASE4_TERMINAL_DISPOSITION_V1,0||JUTE TOTE BAG|,138,95fe0c7902efc337bb51ba0b5a2f974f9b2ac76d7221a25e7dcd52a8cd28d287,LEAVE_UNRESOLVED,EXCLUDE_UNATTRIBUTABLE,true,0,,JUTE TOTE BAG,,,,,,,,,,HISTORICAL_IDENTITY_UNATTRIBUTABLE_AFTER_EXHAUSTIVE_REVIEW,26,2025-01-20,2025-12-23,29.0000,29.0000,114.72,114.72,U0_NO_SAFE_CANONICAL_ATTRIBUTION_AFTER_EXHAUSTIVE_REVIEW,phase4-terminal-disposition-evidence-v1,OWNER_AUTHORIZATION_2026-08-21_PHASE4_TERMINAL_PACKET,d389079c-eabf-49b5-a245-40a207025fd7
PHASE4_TERMINAL_DISPOSITION_V1,0||KILLR KCK BIRTHDAY CAKE VODKA|50ML,139,95fe0c7902efc337bb51ba0b5a2f974f9b2ac76d7221a25e7dcd52a8cd28d287,LEAVE_UNRESOLVED,EXCLUDE_UNATTRIBUTABLE,true,0,,Killr Kck Birthday Cake Vodka,50ML,,,,,,,,,HISTORICAL_IDENTITY_UNATTRIBUTABLE_AFTER_EXHAUSTIVE_REVIEW,8,2025-10-10,2026-05-04,11.0000,11.0000,10.89,10.89,U0_NO_SAFE_CANONICAL_ATTRIBUTION_AFTER_EXHAUSTIVE_REVIEW,phase4-terminal-disposition-evidence-v1,OWNER_AUTHORIZATION_2026-08-21_PHASE4_TERMINAL_PACKET,d389079c-eabf-49b5-a245-40a207025fd7
PHASE4_TERMINAL_DISPOSITION_V1,0||LOBETIA|,141,95fe0c7902efc337bb51ba0b5a2f974f9b2ac76d7221a25e7dcd52a8cd28d287,LEAVE_UNRESOLVED,EXCLUDE_UNATTRIBUTABLE,true,0,,Lobetia,,,,,,,,,,HISTORICAL_IDENTITY_UNATTRIBUTABLE_AFTER_EXHAUSTIVE_REVIEW,1,2024-12-21,2024-12-21,1.0000,1.0000,10.99,10.99,U0_NO_SAFE_CANONICAL_ATTRIBUTION_AFTER_EXHAUSTIVE_REVIEW,phase4-terminal-disposition-evidence-v1,OWNER_AUTHORIZATION_2026-08-21_PHASE4_TERMINAL_PACKET,d389079c-eabf-49b5-a245-40a207025fd7
PHASE4_TERMINAL_DISPOSITION_V1,0||M DE MAGNOL BORDEAUX BLANC|750ML,142,95fe0c7902efc337bb51ba0b5a2f974f9b2ac76d7221a25e7dcd52a8cd28d287,LEAVE_UNRESOLVED,EXCLUDE_UNATTRIBUTABLE,true,0,,M de Magnol Bordeaux Blanc,750ML,,,,,,,,,HISTORICAL_IDENTITY_UNATTRIBUTABLE_AFTER_EXHAUSTIVE_REVIEW,17,2025-03-16,2026-05-16,19.0000,19.0000,341.81,341.81,U0_NO_SAFE_CANONICAL_ATTRIBUTION_AFTER_EXHAUSTIVE_REVIEW,phase4-terminal-disposition-evidence-v1,OWNER_AUTHORIZATION_2026-08-21_PHASE4_TERMINAL_PACKET,d389079c-eabf-49b5-a245-40a207025fd7
PHASE4_TERMINAL_DISPOSITION_V1,0||M DE MAGNOL BORDEAUX|750ML,143,95fe0c7902efc337bb51ba0b5a2f974f9b2ac76d7221a25e7dcd52a8cd28d287,LEAVE_UNRESOLVED,EXCLUDE_UNATTRIBUTABLE,true,0,,M DE MAGNOL BORDEAUX,750ML,,,,,,,,,HISTORICAL_IDENTITY_UNATTRIBUTABLE_AFTER_EXHAUSTIVE_REVIEW,5,2024-12-31,2025-02-28,5.0000,5.0000,89.95,89.95,U0_NO_SAFE_CANONICAL_ATTRIBUTION_AFTER_EXHAUSTIVE_REVIEW,phase4-terminal-disposition-evidence-v1,OWNER_AUTHORIZATION_2026-08-21_PHASE4_TERMINAL_PACKET,d389079c-eabf-49b5-a245-40a207025fd7
PHASE4_TERMINAL_DISPOSITION_V1,0||MADRE BLANCO TEQUILA 100 AGAVE AZUL|700ML,144,95fe0c7902efc337bb51ba0b5a2f974f9b2ac76d7221a25e7dcd52a8cd28d287,LEAVE_UNRESOLVED,EXCLUDE_UNATTRIBUTABLE,true,0,,Madre Blanco Tequila 100% Agave Azul,700ML,,,,,,,,,HISTORICAL_IDENTITY_UNATTRIBUTABLE_AFTER_EXHAUSTIVE_REVIEW,6,2025-04-26,2026-03-14,6.0000,6.0000,299.94,299.94,U0_NO_SAFE_CANONICAL_ATTRIBUTION_AFTER_EXHAUSTIVE_REVIEW,phase4-terminal-disposition-evidence-v1,OWNER_AUTHORIZATION_2026-08-21_PHASE4_TERMINAL_PACKET,d389079c-eabf-49b5-a245-40a207025fd7
PHASE4_TERMINAL_DISPOSITION_V1,0||MAKERS MARK WITH TWO GLASSES|,145,95fe0c7902efc337bb51ba0b5a2f974f9b2ac76d7221a25e7dcd52a8cd28d287,LEAVE_UNRESOLVED,EXCLUDE_UNATTRIBUTABLE,true,0,,Makers Mark with Two Glasses,,,,,,,,,,HISTORICAL_IDENTITY_UNATTRIBUTABLE_AFTER_EXHAUSTIVE_REVIEW,1,2026-04-13,2026-04-13,1.0000,1.0000,31.99,31.99,U0_NO_SAFE_CANONICAL_ATTRIBUTION_AFTER_EXHAUSTIVE_REVIEW,phase4-terminal-disposition-evidence-v1,OWNER_AUTHORIZATION_2026-08-21_PHASE4_TERMINAL_PACKET,d389079c-eabf-49b5-a245-40a207025fd7
PHASE4_TERMINAL_DISPOSITION_V1,0||MINUTE MAID SPIKED LIME MARGARITA|200ML,146,95fe0c7902efc337bb51ba0b5a2f974f9b2ac76d7221a25e7dcd52a8cd28d287,LEAVE_UNRESOLVED,MAP_TO_CANONICAL,true,0,,Minute Maid Spiked Lime Margarita,200ML,42692858937419,,,,,,,,,1,2025-06-14,2025-06-14,1.0000,1.0000,9.99,9.99,SAFE_MAP_MULTI_FACTOR_ZERO_OR_NULL_ID,phase4-terminal-disposition-evidence-v1,OWNER_AUTHORIZATION_2026-08-21_PHASE4_TERMINAL_PACKET,d389079c-eabf-49b5-a245-40a207025fd7
PHASE4_TERMINAL_DISPOSITION_V1,0||MINUTE MAID SPIKED LIME MARGARITA|4PK 200ML CANS,147,95fe0c7902efc337bb51ba0b5a2f974f9b2ac76d7221a25e7dcd52a8cd28d287,LEAVE_UNRESOLVED,MAP_TO_CANONICAL,true,0,,Minute Maid Spiked Lime Margarita,4pk-200ML Cans,42692858937419,,,,,,,,,11,2025-09-18,2026-04-11,11.0000,11.0000,109.89,109.89,SAFE_MAP_MULTI_FACTOR_ZERO_OR_NULL_ID,phase4-terminal-disposition-evidence-v1,OWNER_AUTHORIZATION_2026-08-21_PHASE4_TERMINAL_PACKET,d389079c-eabf-49b5-a245-40a207025fd7
PHASE4_TERMINAL_DISPOSITION_V1,0||MOET AND CHANDON NECTAR IMPERIAL ROSE|750ML,148,95fe0c7902efc337bb51ba0b5a2f974f9b2ac76d7221a25e7dcd52a8cd28d287,LEAVE_UNRESOLVED,EXCLUDE_UNATTRIBUTABLE,true,0,,Moet & Chandon Nectar Imperial Rose,750ML,,,,,,,,,HISTORICAL_IDENTITY_UNATTRIBUTABLE_AFTER_EXHAUSTIVE_REVIEW,2,2025-07-02,2025-09-04,2.0000,2.0000,144.98,144.98,U0_NO_SAFE_CANONICAL_ATTRIBUTION_AFTER_EXHAUSTIVE_REVIEW,phase4-terminal-disposition-evidence-v1,OWNER_AUTHORIZATION_2026-08-21_PHASE4_TERMINAL_PACKET,d389079c-eabf-49b5-a245-40a207025fd7
PHASE4_TERMINAL_DISPOSITION_V1,0||MOET AND CHANDON ROSE|750ML,149,95fe0c7902efc337bb51ba0b5a2f974f9b2ac76d7221a25e7dcd52a8cd28d287,LEAVE_UNRESOLVED,EXCLUDE_UNATTRIBUTABLE,true,0,,Moet & Chandon Rose,750ML,,,,,,,,,HISTORICAL_IDENTITY_UNATTRIBUTABLE_AFTER_EXHAUSTIVE_REVIEW,1,2024-12-31,2024-12-31,1.0000,1.0000,74.99,74.99,U0_NO_SAFE_CANONICAL_ATTRIBUTION_AFTER_EXHAUSTIVE_REVIEW,phase4-terminal-disposition-evidence-v1,OWNER_AUTHORIZATION_2026-08-21_PHASE4_TERMINAL_PACKET,d389079c-eabf-49b5-a245-40a207025fd7
PHASE4_TERMINAL_DISPOSITION_V1,0||MR. BOSTON|,150,95fe0c7902efc337bb51ba0b5a2f974f9b2ac76d7221a25e7dcd52a8cd28d287,LEAVE_UNRESOLVED,EXCLUDE_UNATTRIBUTABLE,true,0,,Mr. Boston,,,,,,,,,,HISTORICAL_IDENTITY_UNATTRIBUTABLE_AFTER_EXHAUSTIVE_REVIEW,1,2026-04-29,2026-04-29,1.0000,1.0000,3.99,3.99,U0_NO_SAFE_CANONICAL_ATTRIBUTION_AFTER_EXHAUSTIVE_REVIEW,phase4-terminal-disposition-evidence-v1,OWNER_AUTHORIZATION_2026-08-21_PHASE4_TERMINAL_PACKET,d389079c-eabf-49b5-a245-40a207025fd7
PHASE4_TERMINAL_DISPOSITION_V1,0||NIGHTOWL TEQUILA ESPRESSO MARTINI|4PK 200ML CANS,151,95fe0c7902efc337bb51ba0b5a2f974f9b2ac76d7221a25e7dcd52a8cd28d287,LEAVE_UNRESOLVED,EXCLUDE_UNATTRIBUTABLE,true,0,,NightOwl Tequila Espresso Martini,4pk-200ML Cans,,,,,,,,,HISTORICAL_IDENTITY_UNATTRIBUTABLE_AFTER_EXHAUSTIVE_REVIEW,6,2025-11-17,2026-01-22,6.0000,6.0000,119.94,119.94,U0_NO_SAFE_CANONICAL_ATTRIBUTION_AFTER_EXHAUSTIVE_REVIEW,phase4-terminal-disposition-evidence-v1,OWNER_AUTHORIZATION_2026-08-21_PHASE4_TERMINAL_PACKET,d389079c-eabf-49b5-a245-40a207025fd7
PHASE4_TERMINAL_DISPOSITION_V1,0||NIGHTOWL VODKA ESPRESSO MARTINI|200ML,152,95fe0c7902efc337bb51ba0b5a2f974f9b2ac76d7221a25e7dcd52a8cd28d287,LEAVE_UNRESOLVED,EXCLUDE_UNATTRIBUTABLE,true,0,,NightOwl Vodka Espresso Martini,200ML,,,,,,,,,HISTORICAL_IDENTITY_UNATTRIBUTABLE_AFTER_EXHAUSTIVE_REVIEW,4,2024-12-13,2025-08-27,4.0000,4.0000,77.97,77.97,U0_NO_SAFE_CANONICAL_ATTRIBUTION_AFTER_EXHAUSTIVE_REVIEW,phase4-terminal-disposition-evidence-v1,OWNER_AUTHORIZATION_2026-08-21_PHASE4_TERMINAL_PACKET,d389079c-eabf-49b5-a245-40a207025fd7
PHASE4_TERMINAL_DISPOSITION_V1,0||NIGHTOWL VODKA ESPRESSO MARTINI|4PK 200ML CANS,153,95fe0c7902efc337bb51ba0b5a2f974f9b2ac76d7221a25e7dcd52a8cd28d287,LEAVE_UNRESOLVED,EXCLUDE_UNATTRIBUTABLE,true,0,,NightOwl Vodka Espresso Martini,4pk-200ML Cans,,,,,,,,,HISTORICAL_IDENTITY_UNATTRIBUTABLE_AFTER_EXHAUSTIVE_REVIEW,2,2025-09-27,2025-10-19,2.0000,2.0000,39.98,39.98,U0_NO_SAFE_CANONICAL_ATTRIBUTION_AFTER_EXHAUSTIVE_REVIEW,phase4-terminal-disposition-evidence-v1,OWNER_AUTHORIZATION_2026-08-21_PHASE4_TERMINAL_PACKET,d389079c-eabf-49b5-a245-40a207025fd7
PHASE4_TERMINAL_DISPOSITION_V1,0||NOBLE VINES 242 SB|750ML,154,95fe0c7902efc337bb51ba0b5a2f974f9b2ac76d7221a25e7dcd52a8cd28d287,LEAVE_UNRESOLVED,EXCLUDE_UNATTRIBUTABLE,true,0,,Noble Vines 242 Sauvignon Blanc,750ML,,,,,,,,,HISTORICAL_IDENTITY_UNATTRIBUTABLE_AFTER_EXHAUSTIVE_REVIEW,30,2024-12-13,2026-04-11,36.0000,36.0000,357.64,357.64,U0_NO_SAFE_CANONICAL_ATTRIBUTION_AFTER_EXHAUSTIVE_REVIEW,phase4-terminal-disposition-evidence-v1,OWNER_AUTHORIZATION_2026-08-21_PHASE4_TERMINAL_PACKET,d389079c-eabf-49b5-a245-40a207025fd7
PHASE4_TERMINAL_DISPOSITION_V1,0||NOBLE VINES 337 CAB|750ML,155,95fe0c7902efc337bb51ba0b5a2f974f9b2ac76d7221a25e7dcd52a8cd28d287,LEAVE_UNRESOLVED,EXCLUDE_UNATTRIBUTABLE,true,0,,Noble Vines 337 Cabernet Sauvignon,750ML,,,,,,,,,HISTORICAL_IDENTITY_UNATTRIBUTABLE_AFTER_EXHAUSTIVE_REVIEW,32,2024-12-13,2026-03-04,36.0000,36.0000,464.04,464.04,U0_NO_SAFE_CANONICAL_ATTRIBUTION_AFTER_EXHAUSTIVE_REVIEW,phase4-terminal-disposition-evidence-v1,OWNER_AUTHORIZATION_2026-08-21_PHASE4_TERMINAL_PACKET,d389079c-eabf-49b5-a245-40a207025fd7
PHASE4_TERMINAL_DISPOSITION_V1,0||ONDA TEQUILA SELTZER CLASSIC VARIETY PACK|12OZ,156,95fe0c7902efc337bb51ba0b5a2f974f9b2ac76d7221a25e7dcd52a8cd28d287,LEAVE_UNRESOLVED,EXCLUDE_UNATTRIBUTABLE,true,0,,Onda Tequila Seltzer Classic Variety Pack,12oz,,,,,,,,,HISTORICAL_IDENTITY_UNATTRIBUTABLE_AFTER_EXHAUSTIVE_REVIEW,3,2024-12-21,2025-08-16,3.0000,3.0000,68.97,68.97,U0_NO_SAFE_CANONICAL_ATTRIBUTION_AFTER_EXHAUSTIVE_REVIEW,phase4-terminal-disposition-evidence-v1,OWNER_AUTHORIZATION_2026-08-21_PHASE4_TERMINAL_PACKET,d389079c-eabf-49b5-a245-40a207025fd7
PHASE4_TERMINAL_DISPOSITION_V1,0||ONDA TEQUILA SELTZER CLASSIC VARIETY PACK|8PK 12OZ CANS,157,95fe0c7902efc337bb51ba0b5a2f974f9b2ac76d7221a25e7dcd52a8cd28d287,LEAVE_UNRESOLVED,EXCLUDE_UNATTRIBUTABLE,true,0,,Onda Tequila Seltzer Classic Variety Pack,8pk-12oz Cans,,,,,,,,,HISTORICAL_IDENTITY_UNATTRIBUTABLE_AFTER_EXHAUSTIVE_REVIEW,3,2025-09-01,2025-11-29,3.0000,3.0000,68.97,68.97,U0_NO_SAFE_CANONICAL_ATTRIBUTION_AFTER_EXHAUSTIVE_REVIEW,phase4-terminal-disposition-evidence-v1,OWNER_AUTHORIZATION_2026-08-21_PHASE4_TERMINAL_PACKET,d389079c-eabf-49b5-a245-40a207025fd7
PHASE4_TERMINAL_DISPOSITION_V1,0||ONDA TEQUILA SELTZER PARADISE VARIETY PACK|12OZ,158,95fe0c7902efc337bb51ba0b5a2f974f9b2ac76d7221a25e7dcd52a8cd28d287,LEAVE_UNRESOLVED,EXCLUDE_UNATTRIBUTABLE,true,0,,Onda Tequila Seltzer Paradise Variety Pack,12oz,,,,,,,,,HISTORICAL_IDENTITY_UNATTRIBUTABLE_AFTER_EXHAUSTIVE_REVIEW,6,2025-03-14,2025-08-29,6.0000,6.0000,114.95,114.95,U0_NO_SAFE_CANONICAL_ATTRIBUTION_AFTER_EXHAUSTIVE_REVIEW,phase4-terminal-disposition-evidence-v1,OWNER_AUTHORIZATION_2026-08-21_PHASE4_TERMINAL_PACKET,d389079c-eabf-49b5-a245-40a207025fd7
PHASE4_TERMINAL_DISPOSITION_V1,0||ONDA TEQUILA SELTZER TROPICAL VARIETY PACK|12OZ,159,95fe0c7902efc337bb51ba0b5a2f974f9b2ac76d7221a25e7dcd52a8cd28d287,LEAVE_UNRESOLVED,EXCLUDE_UNATTRIBUTABLE,true,0,,Onda Tequila Seltzer Tropical Variety Pack,12oz,,,,,,,,,HISTORICAL_IDENTITY_UNATTRIBUTABLE_AFTER_EXHAUSTIVE_REVIEW,4,2025-05-03,2025-07-05,6.0000,6.0000,137.94,137.94,U0_NO_SAFE_CANONICAL_ATTRIBUTION_AFTER_EXHAUSTIVE_REVIEW,phase4-terminal-disposition-evidence-v1,OWNER_AUTHORIZATION_2026-08-21_PHASE4_TERMINAL_PACKET,d389079c-eabf-49b5-a245-40a207025fd7
PHASE4_TERMINAL_DISPOSITION_V1,0||ORIGAMI WHITE LOTUS SAKE|750ML,160,95fe0c7902efc337bb51ba0b5a2f974f9b2ac76d7221a25e7dcd52a8cd28d287,LEAVE_UNRESOLVED,EXCLUDE_UNATTRIBUTABLE,true,0,,Origami White Lotus Sake,750ML,,,,,,,,,HISTORICAL_IDENTITY_UNATTRIBUTABLE_AFTER_EXHAUSTIVE_REVIEW,4,2025-06-27,2025-12-20,4.0000,4.0000,107.96,107.96,U0_NO_SAFE_CANONICAL_ATTRIBUTION_AFTER_EXHAUSTIVE_REVIEW,phase4-terminal-disposition-evidence-v1,OWNER_AUTHORIZATION_2026-08-21_PHASE4_TERMINAL_PACKET,d389079c-eabf-49b5-a245-40a207025fd7
PHASE4_TERMINAL_DISPOSITION_V1,0||OWLS BREW|,161,95fe0c7902efc337bb51ba0b5a2f974f9b2ac76d7221a25e7dcd52a8cd28d287,LEAVE_UNRESOLVED,EXCLUDE_UNATTRIBUTABLE,true,0,,Owls brew,,,,,,,,,,HISTORICAL_IDENTITY_UNATTRIBUTABLE_AFTER_EXHAUSTIVE_REVIEW,1,2026-05-22,2026-05-22,1.0000,1.0000,19.99,19.99,U0_NO_SAFE_CANONICAL_ATTRIBUTION_AFTER_EXHAUSTIVE_REVIEW,phase4-terminal-disposition-evidence-v1,OWNER_AUTHORIZATION_2026-08-21_PHASE4_TERMINAL_PACKET,d389079c-eabf-49b5-a245-40a207025fd7
PHASE4_TERMINAL_DISPOSITION_V1,0||PARROT BAY PINEAPPLE|50ML,162,95fe0c7902efc337bb51ba0b5a2f974f9b2ac76d7221a25e7dcd52a8cd28d287,LEAVE_UNRESOLVED,EXCLUDE_UNATTRIBUTABLE,true,0,,Parrot Bay Pineapple,50ML,,,,,,,,,HISTORICAL_IDENTITY_UNATTRIBUTABLE_AFTER_EXHAUSTIVE_REVIEW,14,2025-11-09,2026-04-22,29.0000,29.0000,28.71,28.71,U0_NO_SAFE_CANONICAL_ATTRIBUTION_AFTER_EXHAUSTIVE_REVIEW,phase4-terminal-disposition-evidence-v1,OWNER_AUTHORIZATION_2026-08-21_PHASE4_TERMINAL_PACKET,d389079c-eabf-49b5-a245-40a207025fd7
PHASE4_TERMINAL_DISPOSITION_V1,0||PATRON 6 PACK|,163,95fe0c7902efc337bb51ba0b5a2f974f9b2ac76d7221a25e7dcd52a8cd28d287,LEAVE_UNRESOLVED,EXCLUDE_UNATTRIBUTABLE,true,0,,Patron 6 Pack,,,,,,,,,,HISTORICAL_IDENTITY_UNATTRIBUTABLE_AFTER_EXHAUSTIVE_REVIEW,1,2026-04-11,2026-04-11,1.0000,1.0000,34.99,34.99,U0_NO_SAFE_CANONICAL_ATTRIBUTION_AFTER_EXHAUSTIVE_REVIEW,phase4-terminal-disposition-evidence-v1,OWNER_AUTHORIZATION_2026-08-21_PHASE4_TERMINAL_PACKET,d389079c-eabf-49b5-a245-40a207025fd7
PHASE4_TERMINAL_DISPOSITION_V1,0||PENELOPE COOPER SERIES|,164,95fe0c7902efc337bb51ba0b5a2f974f9b2ac76d7221a25e7dcd52a8cd28d287,LEAVE_UNRESOLVED,EXCLUDE_UNATTRIBUTABLE,true,0,,Penelope Cooper Series,,,,,,,,,,HISTORICAL_IDENTITY_UNATTRIBUTABLE_AFTER_EXHAUSTIVE_REVIEW,1,2025-11-19,2025-11-19,1.0000,1.0000,85.99,85.99,U0_NO_SAFE_CANONICAL_ATTRIBUTION_AFTER_EXHAUSTIVE_REVIEW,phase4-terminal-disposition-evidence-v1,OWNER_AUTHORIZATION_2026-08-21_PHASE4_TERMINAL_PACKET,d389079c-eabf-49b5-a245-40a207025fd7
PHASE4_TERMINAL_DISPOSITION_V1,0||PENELOPE OMEGA|,165,95fe0c7902efc337bb51ba0b5a2f974f9b2ac76d7221a25e7dcd52a8cd28d287,LEAVE_UNRESOLVED,EXCLUDE_UNATTRIBUTABLE,true,0,,Penelope Omega,,,,,,,,,,HISTORICAL_IDENTITY_UNATTRIBUTABLE_AFTER_EXHAUSTIVE_REVIEW,1,2025-11-19,2025-11-19,1.0000,1.0000,145.99,145.99,U0_NO_SAFE_CANONICAL_ATTRIBUTION_AFTER_EXHAUSTIVE_REVIEW,phase4-terminal-disposition-evidence-v1,OWNER_AUTHORIZATION_2026-08-21_PHASE4_TERMINAL_PACKET,d389079c-eabf-49b5-a245-40a207025fd7
PHASE4_TERMINAL_DISPOSITION_V1,0||PENELOPE PRIVATE SELECTION|,166,95fe0c7902efc337bb51ba0b5a2f974f9b2ac76d7221a25e7dcd52a8cd28d287,LEAVE_UNRESOLVED,EXCLUDE_UNATTRIBUTABLE,true,0,,Penelope private selection,,,,,,,,,,HISTORICAL_IDENTITY_UNATTRIBUTABLE_AFTER_EXHAUSTIVE_REVIEW,1,2025-11-20,2025-11-20,1.0000,1.0000,89.99,89.99,U0_NO_SAFE_CANONICAL_ATTRIBUTION_AFTER_EXHAUSTIVE_REVIEW,phase4-terminal-disposition-evidence-v1,OWNER_AUTHORIZATION_2026-08-21_PHASE4_TERMINAL_PACKET,d389079c-eabf-49b5-a245-40a207025fd7
PHASE4_TERMINAL_DISPOSITION_V1,0||PREMIUM BAG|,167,95fe0c7902efc337bb51ba0b5a2f974f9b2ac76d7221a25e7dcd52a8cd28d287,LEAVE_UNRESOLVED,EXCLUDE_UNATTRIBUTABLE,true,0,,Premium Bag,,,,,,,,,,HISTORICAL_IDENTITY_UNATTRIBUTABLE_AFTER_EXHAUSTIVE_REVIEW,2,2024-12-20,2024-12-22,2.0000,2.0000,7.98,7.98,U0_NO_SAFE_CANONICAL_ATTRIBUTION_AFTER_EXHAUSTIVE_REVIEW,phase4-terminal-disposition-evidence-v1,OWNER_AUTHORIZATION_2026-08-21_PHASE4_TERMINAL_PACKET,d389079c-eabf-49b5-a245-40a207025fd7
PHASE4_TERMINAL_DISPOSITION_V1,0||RED NEWT CELLARS GEWURZTRAMINER|750ML,168,95fe0c7902efc337bb51ba0b5a2f974f9b2ac76d7221a25e7dcd52a8cd28d287,LEAVE_UNRESOLVED,EXCLUDE_UNATTRIBUTABLE,true,0,,Red Newt Cellars Gewurztraminer,750ML,,,,,,,,,HISTORICAL_IDENTITY_UNATTRIBUTABLE_AFTER_EXHAUSTIVE_REVIEW,12,2024-12-17,2025-12-16,12.0000,12.0000,190.29,190.29,U0_NO_SAFE_CANONICAL_ATTRIBUTION_AFTER_EXHAUSTIVE_REVIEW,phase4-terminal-disposition-evidence-v1,OWNER_AUTHORIZATION_2026-08-21_PHASE4_TERMINAL_PACKET,d389079c-eabf-49b5-a245-40a207025fd7
PHASE4_TERMINAL_DISPOSITION_V1,0||RED NEWT DRY RIESLING|750ML,169,95fe0c7902efc337bb51ba0b5a2f974f9b2ac76d7221a25e7dcd52a8cd28d287,LEAVE_UNRESOLVED,EXCLUDE_UNATTRIBUTABLE,true,0,,Red Newt Dry Riesling,750ML,,,,,,,,,HISTORICAL_IDENTITY_UNATTRIBUTABLE_AFTER_EXHAUSTIVE_REVIEW,12,2024-12-03,2026-02-20,12.0000,12.0000,237.89,237.89,U0_NO_SAFE_CANONICAL_ATTRIBUTION_AFTER_EXHAUSTIVE_REVIEW,phase4-terminal-disposition-evidence-v1,OWNER_AUTHORIZATION_2026-08-21_PHASE4_TERMINAL_PACKET,d389079c-eabf-49b5-a245-40a207025fd7
PHASE4_TERMINAL_DISPOSITION_V1,0||ROCCA DELLE MACIE SASYR|750ML,170,95fe0c7902efc337bb51ba0b5a2f974f9b2ac76d7221a25e7dcd52a8cd28d287,LEAVE_UNRESOLVED,EXCLUDE_UNATTRIBUTABLE,true,0,,Rocca delle Macie Sasyr,750ML,,,,,,,,,HISTORICAL_IDENTITY_UNATTRIBUTABLE_AFTER_EXHAUSTIVE_REVIEW,12,2025-02-14,2025-11-03,12.0000,12.0000,227.88,227.88,U0_NO_SAFE_CANONICAL_ATTRIBUTION_AFTER_EXHAUSTIVE_REVIEW,phase4-terminal-disposition-evidence-v1,OWNER_AUTHORIZATION_2026-08-21_PHASE4_TERMINAL_PACKET,d389079c-eabf-49b5-a245-40a207025fd7
PHASE4_TERMINAL_DISPOSITION_V1,0||ROSCATO BLACK CHERRY|750ML,171,95fe0c7902efc337bb51ba0b5a2f974f9b2ac76d7221a25e7dcd52a8cd28d287,LEAVE_UNRESOLVED,EXCLUDE_UNATTRIBUTABLE,true,0,,Roscato Black Cherry,750ML,,,,,,,,,HISTORICAL_IDENTITY_UNATTRIBUTABLE_AFTER_EXHAUSTIVE_REVIEW,2,2025-11-05,2026-03-13,2.0000,2.0000,23.98,23.98,U0_NO_SAFE_CANONICAL_ATTRIBUTION_AFTER_EXHAUSTIVE_REVIEW,phase4-terminal-disposition-evidence-v1,OWNER_AUTHORIZATION_2026-08-21_PHASE4_TERMINAL_PACKET,d389079c-eabf-49b5-a245-40a207025fd7
PHASE4_TERMINAL_DISPOSITION_V1,0||ROSCATO ROSE|750ML,172,95fe0c7902efc337bb51ba0b5a2f974f9b2ac76d7221a25e7dcd52a8cd28d287,LEAVE_UNRESOLVED,EXCLUDE_UNATTRIBUTABLE,true,0,,Roscato Rose,750ML,,,,,,,,,HISTORICAL_IDENTITY_UNATTRIBUTABLE_AFTER_EXHAUSTIVE_REVIEW,2,2025-09-26,2025-10-31,2.0000,2.0000,23.98,23.98,U0_NO_SAFE_CANONICAL_ATTRIBUTION_AFTER_EXHAUSTIVE_REVIEW,phase4-terminal-disposition-evidence-v1,OWNER_AUTHORIZATION_2026-08-21_PHASE4_TERMINAL_PACKET,d389079c-eabf-49b5-a245-40a207025fd7
PHASE4_TERMINAL_DISPOSITION_V1,0||RUFFINO AQUA DI VENUS PG|750ML,173,95fe0c7902efc337bb51ba0b5a2f974f9b2ac76d7221a25e7dcd52a8cd28d287,LEAVE_UNRESOLVED,EXCLUDE_UNATTRIBUTABLE,true,0,,Ruffino Aqua Di Venus Pinot Grigio,750ML,,,,,,,,,HISTORICAL_IDENTITY_UNATTRIBUTABLE_AFTER_EXHAUSTIVE_REVIEW,41,2024-12-09,2026-03-14,60.0000,60.0000,680.71,680.71,U0_NO_SAFE_CANONICAL_ATTRIBUTION_AFTER_EXHAUSTIVE_REVIEW,phase4-terminal-disposition-evidence-v1,OWNER_AUTHORIZATION_2026-08-21_PHASE4_TERMINAL_PACKET,d389079c-eabf-49b5-a245-40a207025fd7
PHASE4_TERMINAL_DISPOSITION_V1,0||RUFFINO MODUS TOSCANA IGT|750ML,174,95fe0c7902efc337bb51ba0b5a2f974f9b2ac76d7221a25e7dcd52a8cd28d287,LEAVE_UNRESOLVED,EXCLUDE_UNATTRIBUTABLE,true,0,,Ruffino Modus Toscana IGT,750ML,,,,,,,,,HISTORICAL_IDENTITY_UNATTRIBUTABLE_AFTER_EXHAUSTIVE_REVIEW,11,2024-12-16,2026-04-05,12.0000,12.0000,359.88,359.88,U0_NO_SAFE_CANONICAL_ATTRIBUTION_AFTER_EXHAUSTIVE_REVIEW,phase4-terminal-disposition-evidence-v1,OWNER_AUTHORIZATION_2026-08-21_PHASE4_TERMINAL_PACKET,d389079c-eabf-49b5-a245-40a207025fd7
PHASE4_TERMINAL_DISPOSITION_V1,0||SHENK S HOMESTEAD SOUR MASH WHISKEY|750ML,175,95fe0c7902efc337bb51ba0b5a2f974f9b2ac76d7221a25e7dcd52a8cd28d287,LEAVE_UNRESOLVED,EXCLUDE_UNATTRIBUTABLE,true,0,,Shenk's Homestead Sour Mash Whiskey,750ML,,,,,,,,,HISTORICAL_IDENTITY_UNATTRIBUTABLE_AFTER_EXHAUSTIVE_REVIEW,2,2025-09-04,2025-12-20,2.0000,2.0000,249.98,249.98,U0_NO_SAFE_CANONICAL_ATTRIBUTION_AFTER_EXHAUSTIVE_REVIEW,phase4-terminal-disposition-evidence-v1,OWNER_AUTHORIZATION_2026-08-21_PHASE4_TERMINAL_PACKET,d389079c-eabf-49b5-a245-40a207025fd7
PHASE4_TERMINAL_DISPOSITION_V1,0||SHOT CUPS|,177,95fe0c7902efc337bb51ba0b5a2f974f9b2ac76d7221a25e7dcd52a8cd28d287,LEAVE_UNRESOLVED,EXCLUDE_UNATTRIBUTABLE,true,0,,Shot cups,,,,,,,,,,HISTORICAL_IDENTITY_UNATTRIBUTABLE_AFTER_EXHAUSTIVE_REVIEW,1,2025-10-14,2025-10-14,1.0000,1.0000,8.00,8.00,U0_NO_SAFE_CANONICAL_ATTRIBUTION_AFTER_EXHAUSTIVE_REVIEW,phase4-terminal-disposition-evidence-v1,OWNER_AUTHORIZATION_2026-08-21_PHASE4_TERMINAL_PACKET,d389079c-eabf-49b5-a245-40a207025fd7
PHASE4_TERMINAL_DISPOSITION_V1,0||SHOT GLASSES|,178,95fe0c7902efc337bb51ba0b5a2f974f9b2ac76d7221a25e7dcd52a8cd28d287,LEAVE_UNRESOLVED,EXCLUDE_UNATTRIBUTABLE,true,0,,Shot glasses,,,,,,,,,,HISTORICAL_IDENTITY_UNATTRIBUTABLE_AFTER_EXHAUSTIVE_REVIEW,1,2025-11-15,2025-11-15,1.0000,1.0000,7.99,7.99,U0_NO_SAFE_CANONICAL_ATTRIBUTION_AFTER_EXHAUSTIVE_REVIEW,phase4-terminal-disposition-evidence-v1,OWNER_AUTHORIZATION_2026-08-21_PHASE4_TERMINAL_PACKET,d389079c-eabf-49b5-a245-40a207025fd7
PHASE4_TERMINAL_DISPOSITION_V1,0||SHOT GLASS|,179,95fe0c7902efc337bb51ba0b5a2f974f9b2ac76d7221a25e7dcd52a8cd28d287,LEAVE_UNRESOLVED,EXCLUDE_UNATTRIBUTABLE,true,0,,Shot glass,,,,,,,,,,HISTORICAL_IDENTITY_UNATTRIBUTABLE_AFTER_EXHAUSTIVE_REVIEW,2,2026-04-21,2026-07-04,2.0000,2.0000,15.98,15.98,U0_NO_SAFE_CANONICAL_ATTRIBUTION_AFTER_EXHAUSTIVE_REVIEW,phase4-terminal-disposition-evidence-v1,OWNER_AUTHORIZATION_2026-08-21_PHASE4_TERMINAL_PACKET,d389079c-eabf-49b5-a245-40a207025fd7
PHASE4_TERMINAL_DISPOSITION_V1,0||SHOTS|,180,95fe0c7902efc337bb51ba0b5a2f974f9b2ac76d7221a25e7dcd52a8cd28d287,LEAVE_UNRESOLVED,EXCLUDE_UNATTRIBUTABLE,true,0,,Shots,,,,,,,,,,HISTORICAL_IDENTITY_UNATTRIBUTABLE_AFTER_EXHAUSTIVE_REVIEW,1,2026-06-18,2026-06-18,1.0000,1.0000,7.99,7.99,U0_NO_SAFE_CANONICAL_ATTRIBUTION_AFTER_EXHAUSTIVE_REVIEW,phase4-terminal-disposition-evidence-v1,OWNER_AUTHORIZATION_2026-08-21_PHASE4_TERMINAL_PACKET,d389079c-eabf-49b5-a245-40a207025fd7
PHASE4_TERMINAL_DISPOSITION_V1,0||SIRDAVIS AMERICAN RYE WHISKY|750ML,181,95fe0c7902efc337bb51ba0b5a2f974f9b2ac76d7221a25e7dcd52a8cd28d287,LEAVE_UNRESOLVED,EXCLUDE_UNATTRIBUTABLE,true,0,,SirDavis American Rye Whisky,750ML,,,,,,,,,HISTORICAL_IDENTITY_UNATTRIBUTABLE_AFTER_EXHAUSTIVE_REVIEW,1,2025-05-23,2025-05-23,1.0000,1.0000,77.99,77.99,U0_NO_SAFE_CANONICAL_ATTRIBUTION_AFTER_EXHAUSTIVE_REVIEW,phase4-terminal-disposition-evidence-v1,OWNER_AUTHORIZATION_2026-08-21_PHASE4_TERMINAL_PACKET,d389079c-eabf-49b5-a245-40a207025fd7
PHASE4_TERMINAL_DISPOSITION_V1,0||SKYY 1.75|,182,95fe0c7902efc337bb51ba0b5a2f974f9b2ac76d7221a25e7dcd52a8cd28d287,LEAVE_UNRESOLVED,EXCLUDE_UNATTRIBUTABLE,true,0,,Skyy 1.75,,,,,,,,,,HISTORICAL_IDENTITY_UNATTRIBUTABLE_AFTER_EXHAUSTIVE_REVIEW,1,2024-11-30,2024-11-30,1.0000,1.0000,19.99,19.99,U0_NO_SAFE_CANONICAL_ATTRIBUTION_AFTER_EXHAUSTIVE_REVIEW,phase4-terminal-disposition-evidence-v1,OWNER_AUTHORIZATION_2026-08-21_PHASE4_TERMINAL_PACKET,d389079c-eabf-49b5-a245-40a207025fd7
PHASE4_TERMINAL_DISPOSITION_V1,0||SPRITZ DEL CONTE CLASSICO|750ML,183,95fe0c7902efc337bb51ba0b5a2f974f9b2ac76d7221a25e7dcd52a8cd28d287,LEAVE_UNRESOLVED,EXCLUDE_UNATTRIBUTABLE,true,0,,Spritz Del Conte Classico,750ML,,,,,,,,,HISTORICAL_IDENTITY_UNATTRIBUTABLE_AFTER_EXHAUSTIVE_REVIEW,6,2025-06-20,2026-04-11,6.0000,6.0000,92.76,92.76,U0_NO_SAFE_CANONICAL_ATTRIBUTION_AFTER_EXHAUSTIVE_REVIEW,phase4-terminal-disposition-evidence-v1,OWNER_AUTHORIZATION_2026-08-21_PHASE4_TERMINAL_PACKET,d389079c-eabf-49b5-a245-40a207025fd7
PHASE4_TERMINAL_DISPOSITION_V1,0||SPRITZ DEL CONTE LEMONCELLO|750ML,184,95fe0c7902efc337bb51ba0b5a2f974f9b2ac76d7221a25e7dcd52a8cd28d287,LEAVE_UNRESOLVED,EXCLUDE_UNATTRIBUTABLE,true,0,,Spritz Del Conte Lemoncello,750ML,,,,,,,,,HISTORICAL_IDENTITY_UNATTRIBUTABLE_AFTER_EXHAUSTIVE_REVIEW,5,2025-07-04,2026-06-12,7.0000,7.0000,107.16,107.16,U0_NO_SAFE_CANONICAL_ATTRIBUTION_AFTER_EXHAUSTIVE_REVIEW,phase4-terminal-disposition-evidence-v1,OWNER_AUTHORIZATION_2026-08-21_PHASE4_TERMINAL_PACKET,d389079c-eabf-49b5-a245-40a207025fd7
PHASE4_TERMINAL_DISPOSITION_V1,0||STELLA ROSA STELLA BERRY|750ML,186,95fe0c7902efc337bb51ba0b5a2f974f9b2ac76d7221a25e7dcd52a8cd28d287,LEAVE_UNRESOLVED,EXCLUDE_UNATTRIBUTABLE,true,0,,Stella Rosa Stella Berry,750ML,,,,,,,,,HISTORICAL_IDENTITY_UNATTRIBUTABLE_AFTER_EXHAUSTIVE_REVIEW,11,2024-12-13,2025-11-01,12.0000,12.0000,155.88,155.88,U0_NO_SAFE_CANONICAL_ATTRIBUTION_AFTER_EXHAUSTIVE_REVIEW,phase4-terminal-disposition-evidence-v1,OWNER_AUTHORIZATION_2026-08-21_PHASE4_TERMINAL_PACKET,d389079c-eabf-49b5-a245-40a207025fd7
PHASE4_TERMINAL_DISPOSITION_V1,0||TERRAZAS DE LOS ANDES RESERVA CAB|750ML,187,95fe0c7902efc337bb51ba0b5a2f974f9b2ac76d7221a25e7dcd52a8cd28d287,LEAVE_UNRESOLVED,EXCLUDE_UNATTRIBUTABLE,true,0,,Terrazas de los Andes Reserva Cabernet Sauvignon,750ML,,,,,,,,,HISTORICAL_IDENTITY_UNATTRIBUTABLE_AFTER_EXHAUSTIVE_REVIEW,20,2025-01-22,2025-12-06,24.0000,24.0000,467.77,467.77,U0_NO_SAFE_CANONICAL_ATTRIBUTION_AFTER_EXHAUSTIVE_REVIEW,phase4-terminal-disposition-evidence-v1,OWNER_AUTHORIZATION_2026-08-21_PHASE4_TERMINAL_PACKET,d389079c-eabf-49b5-a245-40a207025fd7
PHASE4_TERMINAL_DISPOSITION_V1,0||THE MACALLAN SHERRY OAK 110 PROOF 12 YRS|750ML,188,95fe0c7902efc337bb51ba0b5a2f974f9b2ac76d7221a25e7dcd52a8cd28d287,LEAVE_UNRESOLVED,EXCLUDE_UNATTRIBUTABLE,true,0,,The Macallan Sherry Oak 110 Proof 12 Yrs,750ML,,,,,,,,,HISTORICAL_IDENTITY_UNATTRIBUTABLE_AFTER_EXHAUSTIVE_REVIEW,1,2025-11-15,2025-11-15,2.0000,2.0000,224.99,224.99,U0_NO_SAFE_CANONICAL_ATTRIBUTION_AFTER_EXHAUSTIVE_REVIEW,phase4-terminal-disposition-evidence-v1,OWNER_AUTHORIZATION_2026-08-21_PHASE4_TERMINAL_PACKET,d389079c-eabf-49b5-a245-40a207025fd7
PHASE4_TERMINAL_DISPOSITION_V1,0||UNCLE NEAREST 1856|750ML,190,95fe0c7902efc337bb51ba0b5a2f974f9b2ac76d7221a25e7dcd52a8cd28d287,LEAVE_UNRESOLVED,EXCLUDE_UNATTRIBUTABLE,true,0,,Uncle Nearest 1856,750ML,,,,,,,,,HISTORICAL_IDENTITY_UNATTRIBUTABLE_AFTER_EXHAUSTIVE_REVIEW,2,2025-11-26,2026-02-15,2.0000,2.0000,119.98,119.98,U0_NO_SAFE_CANONICAL_ATTRIBUTION_AFTER_EXHAUSTIVE_REVIEW,phase4-terminal-disposition-evidence-v1,OWNER_AUTHORIZATION_2026-08-21_PHASE4_TERMINAL_PACKET,d389079c-eabf-49b5-a245-40a207025fd7
PHASE4_TERMINAL_DISPOSITION_V1,0||UNCLE NEAREST 1884|750ML,191,95fe0c7902efc337bb51ba0b5a2f974f9b2ac76d7221a25e7dcd52a8cd28d287,LEAVE_UNRESOLVED,EXCLUDE_UNATTRIBUTABLE,true,0,,Uncle Nearest 1884,750ML,,,,,,,,,HISTORICAL_IDENTITY_UNATTRIBUTABLE_AFTER_EXHAUSTIVE_REVIEW,2,2025-01-10,2025-10-25,2.0000,2.0000,89.98,89.98,U0_NO_SAFE_CANONICAL_ATTRIBUTION_AFTER_EXHAUSTIVE_REVIEW,phase4-terminal-disposition-evidence-v1,OWNER_AUTHORIZATION_2026-08-21_PHASE4_TERMINAL_PACKET,d389079c-eabf-49b5-a245-40a207025fd7
PHASE4_TERMINAL_DISPOSITION_V1,0||VALPOLICELLA|,192,95fe0c7902efc337bb51ba0b5a2f974f9b2ac76d7221a25e7dcd52a8cd28d287,LEAVE_UNRESOLVED,EXCLUDE_UNATTRIBUTABLE,true,0,,Valpolicella,,,,,,,,,,HISTORICAL_IDENTITY_UNATTRIBUTABLE_AFTER_EXHAUSTIVE_REVIEW,1,2025-12-23,2025-12-23,24.0000,24.0000,326.16,326.16,U0_NO_SAFE_CANONICAL_ATTRIBUTION_AFTER_EXHAUSTIVE_REVIEW,phase4-terminal-disposition-evidence-v1,OWNER_AUTHORIZATION_2026-08-21_PHASE4_TERMINAL_PACKET,d389079c-eabf-49b5-a245-40a207025fd7
PHASE4_TERMINAL_DISPOSITION_V1,0||VIRGEN RED BLEND|,193,95fe0c7902efc337bb51ba0b5a2f974f9b2ac76d7221a25e7dcd52a8cd28d287,LEAVE_UNRESOLVED,EXCLUDE_UNATTRIBUTABLE,true,0,,Virgen red blend,,,,,,,,,,HISTORICAL_IDENTITY_UNATTRIBUTABLE_AFTER_EXHAUSTIVE_REVIEW,2,2026-02-22,2026-03-20,3.0000,3.0000,38.97,38.97,U0_NO_SAFE_CANONICAL_ATTRIBUTION_AFTER_EXHAUSTIVE_REVIEW,phase4-terminal-disposition-evidence-v1,OWNER_AUTHORIZATION_2026-08-21_PHASE4_TERMINAL_PACKET,d389079c-eabf-49b5-a245-40a207025fd7
PHASE4_TERMINAL_DISPOSITION_V1,0||WILD TURKEY MASTER S KEEP BEACON BOURBON|750ML,194,95fe0c7902efc337bb51ba0b5a2f974f9b2ac76d7221a25e7dcd52a8cd28d287,LEAVE_UNRESOLVED,EXCLUDE_UNATTRIBUTABLE,true,0,,Wild Turkey Master's Keep Beacon Bourbon,750ML,,,,,,,,,HISTORICAL_IDENTITY_UNATTRIBUTABLE_AFTER_EXHAUSTIVE_REVIEW,3,2025-09-29,2025-10-01,0.0000,10.0000,0.00,2990.00,U0_NO_SAFE_CANONICAL_ATTRIBUTION_AFTER_EXHAUSTIVE_REVIEW,phase4-terminal-disposition-evidence-v1,OWNER_AUTHORIZATION_2026-08-21_PHASE4_TERMINAL_PACKET,d389079c-eabf-49b5-a245-40a207025fd7
PHASE4_TERMINAL_DISPOSITION_V1,0||YELLOW TAIL RIESLING|1.5L,195,95fe0c7902efc337bb51ba0b5a2f974f9b2ac76d7221a25e7dcd52a8cd28d287,LEAVE_UNRESOLVED,EXCLUDE_UNATTRIBUTABLE,true,0,,Yellow Tail Riesling,1.5L,,,,,,,,,HISTORICAL_IDENTITY_UNATTRIBUTABLE_AFTER_EXHAUSTIVE_REVIEW,11,2024-12-16,2025-11-21,12.0000,12.0000,155.88,155.88,U0_NO_SAFE_CANONICAL_ATTRIBUTION_AFTER_EXHAUSTIVE_REVIEW,phase4-terminal-disposition-evidence-v1,OWNER_AUTHORIZATION_2026-08-21_PHASE4_TERMINAL_PACKET,d389079c-eabf-49b5-a245-40a207025fd7
PHASE4_TERMINAL_DISPOSITION_V1,0||YELLOW TAIL RIESLING|750ML,196,95fe0c7902efc337bb51ba0b5a2f974f9b2ac76d7221a25e7dcd52a8cd28d287,LEAVE_UNRESOLVED,EXCLUDE_UNATTRIBUTABLE,true,0,,Yellow Tail Riesling,750ML,,,,,,,,,HISTORICAL_IDENTITY_UNATTRIBUTABLE_AFTER_EXHAUSTIVE_REVIEW,10,2024-12-17,2025-12-07,12.0000,12.0000,82.54,82.54,U0_NO_SAFE_CANONICAL_ATTRIBUTION_AFTER_EXHAUSTIVE_REVIEW,phase4-terminal-disposition-evidence-v1,OWNER_AUTHORIZATION_2026-08-21_PHASE4_TERMINAL_PACKET,d389079c-eabf-49b5-a245-40a207025fd7
PHASE4_TERMINAL_DISPOSITION_V1,41154906423371|3012511|BELVEDERE ORGANIC VODKA|750ML,197,95fe0c7902efc337bb51ba0b5a2f974f9b2ac76d7221a25e7dcd52a8cd28d287,LEAVE_UNRESOLVED,MAP_TO_CANONICAL,true,41154906423371,3012511,Belvedere Organic Vodka,750ML,41318389317707,PREDECESSOR,41154906423371->41318389317707,41154906423371,41318389317707,false,191,exact nonblank SKU; exact normalized title/size; clean non-overlapping predecessor-to-successor chronology,,2,2024-12-12,2024-12-24,2.0000,2.0000,77.98,77.98,OWNER_APPROVED_HISTORICAL_CONTINUITY,phase4-terminal-disposition-evidence-v1,OWNER_AUTHORIZATION_2026-08-21_PHASE4_TERMINAL_PACKET,d389079c-eabf-49b5-a245-40a207025fd7
PHASE4_TERMINAL_DISPOSITION_V1,41154951118923||PEYCHAUD S AROMATIC COCKTAIL BITTERS|5OZ,198,95fe0c7902efc337bb51ba0b5a2f974f9b2ac76d7221a25e7dcd52a8cd28d287,LEAVE_UNRESOLVED,MAP_TO_CANONICAL,true,41154951118923,,Peychaud's Aromatic Cocktail Bitters,5oz,41318388924491,PREDECESSOR,41154951118923->41318388924491,41154951118923,41318388924491,false,5,owner-approved exception; exact normalized title/size; clean non-overlapping predecessor-to-successor chronology; incomplete SKU continuity,,3,2024-12-05,2025-03-02,3.0000,3.0000,20.24,20.24,OWNER_APPROVED_HISTORICAL_CONTINUITY,phase4-terminal-disposition-evidence-v1,OWNER_AUTHORIZATION_2026-08-21_PHASE4_TERMINAL_PACKET,d389079c-eabf-49b5-a245-40a207025fd7
PHASE4_TERMINAL_DISPOSITION_V1,41154951151691||REGAN S NO. 6 ORANGE BITTERS|5OZ,199,95fe0c7902efc337bb51ba0b5a2f974f9b2ac76d7221a25e7dcd52a8cd28d287,LEAVE_UNRESOLVED,RESTORE_HISTORICAL_IDENTITY,true,41154951151691,,Regan's No. 6 Orange Bitters,5oz,41154951151691,,,,,,,,,12,2024-12-28,2025-12-07,12.0000,12.0000,95.88,95.88,PRESERVABLE_HISTORICAL_CANONICAL_IDENTITY,phase4-terminal-disposition-evidence-v1,OWNER_AUTHORIZATION_2026-08-21_PHASE4_TERMINAL_PACKET,d389079c-eabf-49b5-a245-40a207025fd7
PHASE4_TERMINAL_DISPOSITION_V1,41154954723403|19116|A AND J CHARDONNAY|750ML,200,95fe0c7902efc337bb51ba0b5a2f974f9b2ac76d7221a25e7dcd52a8cd28d287,LEAVE_UNRESOLVED,RESTORE_HISTORICAL_IDENTITY,true,41154954723403,19116,A&J Chardonnay,750ML,41154954723403,,,,,,,,,12,2024-11-30,2025-09-25,12.0000,12.0000,67.41,67.41,PRESERVABLE_HISTORICAL_CANONICAL_IDENTITY,phase4-terminal-disposition-evidence-v1,OWNER_AUTHORIZATION_2026-08-21_PHASE4_TERMINAL_PACKET,d389079c-eabf-49b5-a245-40a207025fd7
PHASE4_TERMINAL_DISPOSITION_V1,41154955345995|2155|BRILLA PROSECCO EXTRA DRY|200ML,201,95fe0c7902efc337bb51ba0b5a2f974f9b2ac76d7221a25e7dcd52a8cd28d287,LEAVE_UNRESOLVED,MAP_TO_CANONICAL,true,41154955345995,2155,Brilla Prosecco Extra Dry,200ML,41318388564043,PREDECESSOR,41154955345995->41318388564043,41154955345995,41318388564043,false,49,exact nonblank SKU; exact normalized title/size; clean non-overlapping predecessor-to-successor chronology,,6,2024-11-29,2025-01-31,10.0000,10.0000,59.90,59.90,OWNER_APPROVED_HISTORICAL_CONTINUITY,phase4-terminal-disposition-evidence-v1,OWNER_AUTHORIZATION_2026-08-21_PHASE4_TERMINAL_PACKET,d389079c-eabf-49b5-a245-40a207025fd7
PHASE4_TERMINAL_DISPOSITION_V1,41154955378763|2123|BRILLA PROSECCO EXTRA DRY|1.5L,202,95fe0c7902efc337bb51ba0b5a2f974f9b2ac76d7221a25e7dcd52a8cd28d287,LEAVE_UNRESOLVED,MAP_TO_CANONICAL,true,41154955378763,2123,Brilla Prosecco Extra Dry,1.5L,41318388596811,PREDECESSOR,41154955378763->41318388596811,41154955378763,41318388596811,false,56,exact nonblank SKU; exact normalized title/size; clean non-overlapping predecessor-to-successor chronology,,7,2024-12-19,2025-02-01,11.0000,11.0000,274.89,274.89,OWNER_APPROVED_HISTORICAL_CONTINUITY,phase4-terminal-disposition-evidence-v1,OWNER_AUTHORIZATION_2026-08-21_PHASE4_TERMINAL_PACKET,d389079c-eabf-49b5-a245-40a207025fd7
PHASE4_TERMINAL_DISPOSITION_V1,41154955444299|2156|BRILLA PROSECCO ROSE EXTRA DRY|200ML,203,95fe0c7902efc337bb51ba0b5a2f974f9b2ac76d7221a25e7dcd52a8cd28d287,LEAVE_UNRESOLVED,MAP_TO_CANONICAL,true,41154955444299,2156,Brilla Prosecco Rose Extra Dry,200ML,41318388498507,PREDECESSOR,41154955444299->41318388498507,41154955444299,41318388498507,false,65,exact nonblank SKU; exact normalized title/size; clean non-overlapping predecessor-to-successor chronology,,11,2024-11-29,2025-02-19,22.0000,22.0000,131.78,131.78,OWNER_APPROVED_HISTORICAL_CONTINUITY,phase4-terminal-disposition-evidence-v1,OWNER_AUTHORIZATION_2026-08-21_PHASE4_TERMINAL_PACKET,d389079c-eabf-49b5-a245-40a207025fd7
PHASE4_TERMINAL_DISPOSITION_V1,41154955477067|2121|BRILLA PROSECCO ROSE EXTRA DRY|1.5L,204,95fe0c7902efc337bb51ba0b5a2f974f9b2ac76d7221a25e7dcd52a8cd28d287,LEAVE_UNRESOLVED,MAP_TO_CANONICAL,true,41154955477067,2121,Brilla Prosecco Rose Extra Dry,1.5L,41318388531275,PREDECESSOR,41154955477067->41318388531275,41154955477067,41318388531275,false,12,exact nonblank SKU; exact normalized title/size; clean non-overlapping predecessor-to-successor chronology,,3,2024-12-24,2025-02-23,3.0000,3.0000,74.97,74.97,OWNER_APPROVED_HISTORICAL_CONTINUITY,phase4-terminal-disposition-evidence-v1,OWNER_AUTHORIZATION_2026-08-21_PHASE4_TERMINAL_PACKET,d389079c-eabf-49b5-a245-40a207025fd7
PHASE4_TERMINAL_DISPOSITION_V1,41154971304011|153033|WINDSOR BLENDED|1.75L,205,95fe0c7902efc337bb51ba0b5a2f974f9b2ac76d7221a25e7dcd52a8cd28d287,LEAVE_UNRESOLVED,RESTORE_HISTORICAL_IDENTITY,true,41154971304011,153033,Windsor Blended,1.75L,41154971304011,,,,,,,,,6,2024-12-12,2025-12-21,6.0000,6.0000,119.94,119.94,PRESERVABLE_HISTORICAL_CANONICAL_IDENTITY,phase4-terminal-disposition-evidence-v1,OWNER_AUTHORIZATION_2026-08-21_PHASE4_TERMINAL_PACKET,d389079c-eabf-49b5-a245-40a207025fd7
PHASE4_TERMINAL_DISPOSITION_V1,41156900651083||DIO GRAPEFRUIT BASIL PALOMA|200ML,206,95fe0c7902efc337bb51ba0b5a2f974f9b2ac76d7221a25e7dcd52a8cd28d287,LEAVE_UNRESOLVED,MAP_TO_CANONICAL,true,41156900651083,,DIO Grapefruit Basil Paloma,200ML,41716813463627,,,,,,,,,14,2024-12-22,2025-08-29,13.0000,13.0000,272.87,272.87,SAFE_MAP_UNIQUE_RECREATION_CONTINUITY,phase4-terminal-disposition-evidence-v1,OWNER_AUTHORIZATION_2026-08-21_PHASE4_TERMINAL_PACKET,d389079c-eabf-49b5-a245-40a207025fd7
PHASE4_TERMINAL_DISPOSITION_V1,41156902355019||MINUTE MAID SPIKED PINA COLADA|200ML,207,95fe0c7902efc337bb51ba0b5a2f974f9b2ac76d7221a25e7dcd52a8cd28d287,LEAVE_UNRESOLVED,MAP_TO_CANONICAL,true,41156902355019,,Minute Maid Spiked Pina Colada,200ML,41716813365323,,,,,,,,,5,2024-12-27,2025-08-29,5.0000,5.0000,49.95,49.95,SAFE_MAP_UNIQUE_RECREATION_CONTINUITY,phase4-terminal-disposition-evidence-v1,OWNER_AUTHORIZATION_2026-08-21_PHASE4_TERMINAL_PACKET,d389079c-eabf-49b5-a245-40a207025fd7
PHASE4_TERMINAL_DISPOSITION_V1,41156902387787||MINUTE MAID SPIKED STRAWBERRY DAIQUIRI|200ML,208,95fe0c7902efc337bb51ba0b5a2f974f9b2ac76d7221a25e7dcd52a8cd28d287,LEAVE_UNRESOLVED,MAP_TO_CANONICAL,true,41156902387787,,Minute Maid Spiked Strawberry Daiquiri,200ML,41716813332555,,,,,,,,,11,2025-02-09,2025-07-25,12.0000,12.0000,119.88,119.88,SAFE_MAP_UNIQUE_RECREATION_CONTINUITY,phase4-terminal-disposition-evidence-v1,OWNER_AUTHORIZATION_2026-08-21_PHASE4_TERMINAL_PACKET,d389079c-eabf-49b5-a245-40a207025fd7
PHASE4_TERMINAL_DISPOSITION_V1,41157195857995||ABSOLUT MANDRIN|1L,209,95fe0c7902efc337bb51ba0b5a2f974f9b2ac76d7221a25e7dcd52a8cd28d287,LEAVE_UNRESOLVED,RESTORE_HISTORICAL_IDENTITY,true,41157195857995,,Absolut Mandrin,1L,41157195857995,,,,,,,,,6,2025-01-27,2025-11-21,6.0000,6.0000,143.94,143.94,PRESERVABLE_HISTORICAL_CANONICAL_IDENTITY,phase4-terminal-disposition-evidence-v1,OWNER_AUTHORIZATION_2026-08-21_PHASE4_TERMINAL_PACKET,d389079c-eabf-49b5-a245-40a207025fd7
PHASE4_TERMINAL_DISPOSITION_V1,41157195989067||ABSOLUT VODKA|1.75L,210,95fe0c7902efc337bb51ba0b5a2f974f9b2ac76d7221a25e7dcd52a8cd28d287,LEAVE_UNRESOLVED,RESTORE_HISTORICAL_IDENTITY,true,41157195989067,,Absolut Vodka,1.75L,41157195989067,,,,,,,,,21,2024-12-23,2025-11-20,21.0000,21.0000,734.79,734.79,PRESERVABLE_HISTORICAL_CANONICAL_IDENTITY,phase4-terminal-disposition-evidence-v1,OWNER_AUTHORIZATION_2026-08-21_PHASE4_TERMINAL_PACKET,d389079c-eabf-49b5-a245-40a207025fd7
PHASE4_TERMINAL_DISPOSITION_V1,41157203722315||DON JULIO BLANCO|50ML,211,95fe0c7902efc337bb51ba0b5a2f974f9b2ac76d7221a25e7dcd52a8cd28d287,LEAVE_UNRESOLVED,RESTORE_HISTORICAL_IDENTITY,true,41157203722315,,Don Julio Blanco,50ML,41157203722315,,,,,,,,,1,2024-12-01,2024-12-01,1.0000,1.0000,5.99,5.99,PRESERVABLE_HISTORICAL_CANONICAL_IDENTITY,phase4-terminal-disposition-evidence-v1,OWNER_AUTHORIZATION_2026-08-21_PHASE4_TERMINAL_PACKET,d389079c-eabf-49b5-a245-40a207025fd7
PHASE4_TERMINAL_DISPOSITION_V1,41157206442059||JAGERMEISTER|100ML,212,95fe0c7902efc337bb51ba0b5a2f974f9b2ac76d7221a25e7dcd52a8cd28d287,LEAVE_UNRESOLVED,RESTORE_HISTORICAL_IDENTITY,true,41157206442059,,Jagermeister,100ML,41157206442059,,,,,,,,,9,2024-12-14,2025-12-20,12.0000,12.0000,54.89,54.89,PRESERVABLE_HISTORICAL_CANONICAL_IDENTITY,phase4-terminal-disposition-evidence-v1,OWNER_AUTHORIZATION_2026-08-21_PHASE4_TERMINAL_PACKET,d389079c-eabf-49b5-a245-40a207025fd7
PHASE4_TERMINAL_DISPOSITION_V1,41157209096267||KNOB CREEK KENTUCKY STRAIGHT BOURBON|1.75L,213,95fe0c7902efc337bb51ba0b5a2f974f9b2ac76d7221a25e7dcd52a8cd28d287,LEAVE_UNRESOLVED,RESTORE_HISTORICAL_IDENTITY,true,41157209096267,,Knob Creek Kentucky Straight Bourbon,1.75L,41157209096267,,,,,,,,,3,2025-07-09,2025-10-31,3.0000,3.0000,209.97,209.97,PRESERVABLE_HISTORICAL_CANONICAL_IDENTITY,phase4-terminal-disposition-evidence-v1,OWNER_AUTHORIZATION_2026-08-21_PHASE4_TERMINAL_PACKET,d389079c-eabf-49b5-a245-40a207025fd7
PHASE4_TERMINAL_DISPOSITION_V1,41157209194571||LOYAL 9 COCKTAILS CLASSIC LEMONADE|12OZ,214,95fe0c7902efc337bb51ba0b5a2f974f9b2ac76d7221a25e7dcd52a8cd28d287,LEAVE_UNRESOLVED,MAP_TO_CANONICAL,true,41157209194571,,Loyal 9 Cocktails Classic Lemonade,12oz,41716813234251,,,,,,,,,11,2024-12-30,2025-08-15,11.0000,11.0000,142.89,142.89,SAFE_MAP_UNIQUE_RECREATION_CONTINUITY,phase4-terminal-disposition-evidence-v1,OWNER_AUTHORIZATION_2026-08-21_PHASE4_TERMINAL_PACKET,d389079c-eabf-49b5-a245-40a207025fd7
PHASE4_TERMINAL_DISPOSITION_V1,41157209227339||LOYAL 9 COCKTAILS LEMONADE ICED TEA|12OZ,215,95fe0c7902efc337bb51ba0b5a2f974f9b2ac76d7221a25e7dcd52a8cd28d287,LEAVE_UNRESOLVED,MAP_TO_CANONICAL,true,41157209227339,,Loyal 9 Cocktails Lemonade + Iced Tea,12oz,41716813201483,,,,,,,,,3,2025-06-21,2025-07-11,3.0000,3.0000,38.97,38.97,SAFE_MAP_UNIQUE_RECREATION_CONTINUITY,phase4-terminal-disposition-evidence-v1,OWNER_AUTHORIZATION_2026-08-21_PHASE4_TERMINAL_PACKET,d389079c-eabf-49b5-a245-40a207025fd7
PHASE4_TERMINAL_DISPOSITION_V1,41157209260107||LOYAL 9 MIXED BERRY LEMONADE|12OZ,216,95fe0c7902efc337bb51ba0b5a2f974f9b2ac76d7221a25e7dcd52a8cd28d287,LEAVE_UNRESOLVED,MAP_TO_CANONICAL,true,41157209260107,,Loyal 9 Mixed Berry Lemonade,12oz,41716813168715,,,,,,,,,1,2025-08-23,2025-08-23,1.0000,1.0000,12.99,12.99,SAFE_MAP_UNIQUE_RECREATION_CONTINUITY,phase4-terminal-disposition-evidence-v1,OWNER_AUTHORIZATION_2026-08-21_PHASE4_TERMINAL_PACKET,d389079c-eabf-49b5-a245-40a207025fd7
PHASE4_TERMINAL_DISPOSITION_V1,41157209292875||LOYAL 9 WATERMELON LEMONADE|12OZ,217,95fe0c7902efc337bb51ba0b5a2f974f9b2ac76d7221a25e7dcd52a8cd28d287,LEAVE_UNRESOLVED,RESTORE_HISTORICAL_IDENTITY,true,41157209292875,,Loyal 9 Watermelon Lemonade,12oz,41157209292875,,,,,,,,,15,2025-01-17,2025-08-29,15.0000,15.0000,194.85,194.85,PRESERVABLE_HISTORICAL_CANONICAL_IDENTITY,phase4-terminal-disposition-evidence-v1,OWNER_AUTHORIZATION_2026-08-21_PHASE4_TERMINAL_PACKET,d389079c-eabf-49b5-a245-40a207025fd7
PHASE4_TERMINAL_DISPOSITION_V1,41157214175307||WILD TURKEY AMERICAN HONEY LIQUEUR|1L,218,95fe0c7902efc337bb51ba0b5a2f974f9b2ac76d7221a25e7dcd52a8cd28d287,LEAVE_UNRESOLVED,MAP_TO_CANONICAL,true,41157214175307,,Wild Turkey American Honey Liqueur,1L,41318377291851,PREDECESSOR,41157214175307->41318377291851,41157214175307,41318377291851,false,58,owner-approved exception; exact normalized title/size; clean non-overlapping predecessor-to-successor chronology; incomplete SKU continuity,,7,2024-12-10,2025-01-21,7.0000,7.0000,209.93,209.93,OWNER_APPROVED_HISTORICAL_CONTINUITY,phase4-terminal-disposition-evidence-v1,OWNER_AUTHORIZATION_2026-08-21_PHASE4_TERMINAL_PACKET,d389079c-eabf-49b5-a245-40a207025fd7
PHASE4_TERMINAL_DISPOSITION_V1,41157215158347||YELLOW TAIL MOSCATO|1.5L,219,95fe0c7902efc337bb51ba0b5a2f974f9b2ac76d7221a25e7dcd52a8cd28d287,LEAVE_UNRESOLVED,RESTORE_HISTORICAL_IDENTITY,true,41157215158347,,Yellow Tail Moscato,1.5L,41157215158347,,,,,,,,,6,2025-02-21,2026-01-22,6.0000,6.0000,76.65,76.65,PRESERVABLE_HISTORICAL_CANONICAL_IDENTITY,phase4-terminal-disposition-evidence-v1,OWNER_AUTHORIZATION_2026-08-21_PHASE4_TERMINAL_PACKET,d389079c-eabf-49b5-a245-40a207025fd7
PHASE4_TERMINAL_DISPOSITION_V1,41157273681995|9044469|ARBOR MIST BLACKBERRY MERLOT|1.5L,220,95fe0c7902efc337bb51ba0b5a2f974f9b2ac76d7221a25e7dcd52a8cd28d287,LEAVE_UNRESOLVED,RESTORE_HISTORICAL_IDENTITY,true,41157273681995,9044469,Arbor Mist Blackberry Merlot,1.5L,41157273681995,,,,,,,,,6,2024-12-24,2026-05-21,6.0000,6.0000,59.94,59.94,PRESERVABLE_HISTORICAL_CANONICAL_IDENTITY,phase4-terminal-disposition-evidence-v1,OWNER_AUTHORIZATION_2026-08-21_PHASE4_TERMINAL_PACKET,d389079c-eabf-49b5-a245-40a207025fd7
PHASE4_TERMINAL_DISPOSITION_V1,41157277712459|3010442|HIGH NOON HARD SELTZER PEACH|700ML,221,95fe0c7902efc337bb51ba0b5a2f974f9b2ac76d7221a25e7dcd52a8cd28d287,LEAVE_UNRESOLVED,RESTORE_HISTORICAL_IDENTITY,true,41157277712459,3010442,High Noon Hard Seltzer Peach,700ML,41157277712459,,,,,,,,,10,2024-12-01,2025-03-22,12.0000,12.0000,71.28,71.28,PRESERVABLE_HISTORICAL_CANONICAL_IDENTITY,phase4-terminal-disposition-evidence-v1,OWNER_AUTHORIZATION_2026-08-21_PHASE4_TERMINAL_PACKET,d389079c-eabf-49b5-a245-40a207025fd7
PHASE4_TERMINAL_DISPOSITION_V1,41157277777995|3010441|HIGH NOON HARD SELTZER PINEAPPLE|700ML,222,95fe0c7902efc337bb51ba0b5a2f974f9b2ac76d7221a25e7dcd52a8cd28d287,LEAVE_UNRESOLVED,RESTORE_HISTORICAL_IDENTITY,true,41157277777995,3010441,High Noon Hard Seltzer Pineapple,700ML,41157277777995,,,,,,,,,12,2024-12-08,2025-02-15,12.0000,12.0000,71.88,71.88,PRESERVABLE_HISTORICAL_CANONICAL_IDENTITY,phase4-terminal-disposition-evidence-v1,OWNER_AUTHORIZATION_2026-08-21_PHASE4_TERMINAL_PACKET,d389079c-eabf-49b5-a245-40a207025fd7
PHASE4_TERMINAL_DISPOSITION_V1,41157547819083|9039321|1800 TEQUILA BLANCO|1.75L,224,95fe0c7902efc337bb51ba0b5a2f974f9b2ac76d7221a25e7dcd52a8cd28d287,LEAVE_UNRESOLVED,RESTORE_HISTORICAL_IDENTITY,true,41157547819083,9039321,1800 Tequila Blanco,1.75L,41157547819083,,,,,,,,,6,2025-02-21,2026-04-22,6.0000,6.0000,323.94,323.94,PRESERVABLE_HISTORICAL_CANONICAL_IDENTITY,phase4-terminal-disposition-evidence-v1,OWNER_AUTHORIZATION_2026-08-21_PHASE4_TERMINAL_PACKET,d389079c-eabf-49b5-a245-40a207025fd7
PHASE4_TERMINAL_DISPOSITION_V1,41157553651787|9256193|DISARONNO ORIGINALE|1L,225,95fe0c7902efc337bb51ba0b5a2f974f9b2ac76d7221a25e7dcd52a8cd28d287,LEAVE_UNRESOLVED,MAP_TO_CANONICAL,true,41157553651787,9256193,Disaronno Originale,1L,41318370443339,PREDECESSOR,41157553651787->41318370443339,41157553651787,41318370443339,false,91,exact nonblank SKU; exact normalized title/size; clean non-overlapping predecessor-to-successor chronology,,3,2024-11-30,2025-01-11,3.0000,3.0000,125.97,125.97,OWNER_APPROVED_HISTORICAL_CONTINUITY,phase4-terminal-disposition-evidence-v1,OWNER_AUTHORIZATION_2026-08-21_PHASE4_TERMINAL_PACKET,d389079c-eabf-49b5-a245-40a207025fd7
PHASE4_TERMINAL_DISPOSITION_V1,41157554143307|3004875|FIVE FARMS IRISH CREAM|50ML,226,95fe0c7902efc337bb51ba0b5a2f974f9b2ac76d7221a25e7dcd52a8cd28d287,LEAVE_UNRESOLVED,MAP_TO_CANONICAL,true,41157554143307,3004875,Five Farms Irish Cream,50ML,41318370148427,PREDECESSOR,41157554143307->41318370148427,41157554143307,41318370148427,false,29,exact nonblank SKU; exact normalized title/size; clean non-overlapping predecessor-to-successor chronology,,8,2024-11-28,2025-02-14,9.0000,9.0000,26.91,26.91,OWNER_APPROVED_HISTORICAL_CONTINUITY,phase4-terminal-disposition-evidence-v1,OWNER_AUTHORIZATION_2026-08-21_PHASE4_TERMINAL_PACKET,d389079c-eabf-49b5-a245-40a207025fd7
PHASE4_TERMINAL_DISPOSITION_V1,41157555552331|9001723|HENDRICK S GIN|1L,227,95fe0c7902efc337bb51ba0b5a2f974f9b2ac76d7221a25e7dcd52a8cd28d287,LEAVE_UNRESOLVED,MAP_TO_CANONICAL,true,41157555552331,9001723,Hendrick's Gin,1L,41318369853515,PREDECESSOR,41157555552331->41318369853515,41157555552331,41318369853515,false,36,exact nonblank SKU; exact normalized title/size; clean non-overlapping predecessor-to-successor chronology,,7,2024-12-15,2025-02-06,7.0000,7.0000,328.93,328.93,OWNER_APPROVED_HISTORICAL_CONTINUITY,phase4-terminal-disposition-evidence-v1,OWNER_AUTHORIZATION_2026-08-21_PHASE4_TERMINAL_PACKET,d389079c-eabf-49b5-a245-40a207025fd7
PHASE4_TERMINAL_DISPOSITION_V1,41157558698059|9044729|MR. BOSTON VODKA 100 PROOF|200ML,228,95fe0c7902efc337bb51ba0b5a2f974f9b2ac76d7221a25e7dcd52a8cd28d287,LEAVE_UNRESOLVED,MAP_TO_CANONICAL,true,41157558698059,9044729,Mr. Boston Vodka 100 Proof,200ML,41318368772171,PREDECESSOR,41157558698059->41318368772171,41157558698059,41318368772171,false,27,exact nonblank SKU; exact normalized title/size; clean non-overlapping predecessor-to-successor chronology,,7,2024-12-04,2025-02-27,7.0000,7.0000,20.93,20.93,OWNER_APPROVED_HISTORICAL_CONTINUITY,phase4-terminal-disposition-evidence-v1,OWNER_AUTHORIZATION_2026-08-21_PHASE4_TERMINAL_PACKET,d389079c-eabf-49b5-a245-40a207025fd7
PHASE4_TERMINAL_DISPOSITION_V1,41157560664139|3003394|SHADES OF BLUE RIESLING|750ML,229,95fe0c7902efc337bb51ba0b5a2f974f9b2ac76d7221a25e7dcd52a8cd28d287,LEAVE_UNRESOLVED,MAP_TO_CANONICAL,true,41157560664139,3003394,Shades of Blue Riesling,750ML,41318367985739,PREDECESSOR,41157560664139->41318367985739,41157560664139,41318367985739,false,4,exact nonblank SKU; exact normalized title/size; clean non-overlapping predecessor-to-successor chronology,,5,2024-11-30,2025-03-03,5.0000,5.0000,49.95,49.95,OWNER_APPROVED_HISTORICAL_CONTINUITY,phase4-terminal-disposition-evidence-v1,OWNER_AUTHORIZATION_2026-08-21_PHASE4_TERMINAL_PACKET,d389079c-eabf-49b5-a245-40a207025fd7
PHASE4_TERMINAL_DISPOSITION_V1,41157562597451|3008714|WHEATLEY HANDCRAFTED VODKA|50ML,230,95fe0c7902efc337bb51ba0b5a2f974f9b2ac76d7221a25e7dcd52a8cd28d287,LEAVE_UNRESOLVED,RESTORE_HISTORICAL_IDENTITY,true,41157562597451,3008714,Wheatley Handcrafted Vodka,50ML,41157562597451,,,,,,,,,8,2024-12-28,2025-09-16,22.0000,22.0000,21.78,21.78,PRESERVABLE_HISTORICAL_CANONICAL_IDENTITY,phase4-terminal-disposition-evidence-v1,OWNER_AUTHORIZATION_2026-08-21_PHASE4_TERMINAL_PACKET,d389079c-eabf-49b5-a245-40a207025fd7
PHASE4_TERMINAL_DISPOSITION_V1,41157727813707|1230341|FAIRBANKS SHERRY|750ML,231,95fe0c7902efc337bb51ba0b5a2f974f9b2ac76d7221a25e7dcd52a8cd28d287,LEAVE_UNRESOLVED,MAP_TO_CANONICAL,true,41157727813707,1230341,Fairbanks Sherry,750ML,41318367035467,PREDECESSOR,41157727813707->41318367035467,41157727813707,41318367035467,false,106,exact nonblank SKU; exact normalized title/size; clean non-overlapping predecessor-to-successor chronology,,3,2024-12-20,2025-03-01,3.0000,3.0000,23.97,23.97,OWNER_APPROVED_HISTORICAL_CONTINUITY,phase4-terminal-disposition-evidence-v1,OWNER_AUTHORIZATION_2026-08-21_PHASE4_TERMINAL_PACKET,d389079c-eabf-49b5-a245-40a207025fd7
PHASE4_TERMINAL_DISPOSITION_V1,41157730697291|3008870|SHANKY S WHIP BLACK SMOOTH IRISH LIQUEUR|750ML,232,95fe0c7902efc337bb51ba0b5a2f974f9b2ac76d7221a25e7dcd52a8cd28d287,LEAVE_UNRESOLVED,MAP_TO_CANONICAL,true,41157730697291,3008870,Shanky's Whip Black Smooth Irish Liqueur,750ML,41318366380107,PREDECESSOR,41157730697291->41318366380107,41157730697291,41318366380107,false,203,exact nonblank SKU; exact normalized title/size; clean non-overlapping predecessor-to-successor chronology,,1,2025-01-08,2025-01-08,1.0000,1.0000,26.99,26.99,OWNER_APPROVED_HISTORICAL_CONTINUITY,phase4-terminal-disposition-evidence-v1,OWNER_AUTHORIZATION_2026-08-21_PHASE4_TERMINAL_PACKET,d389079c-eabf-49b5-a245-40a207025fd7
PHASE4_TERMINAL_DISPOSITION_V1,41157731713099|3001837|STOLICHNAYA VODKA|200ML,233,95fe0c7902efc337bb51ba0b5a2f974f9b2ac76d7221a25e7dcd52a8cd28d287,LEAVE_UNRESOLVED,MAP_TO_CANONICAL,true,41157731713099,3001837,Stolichnaya Vodka,200ML,41318365790283,PREDECESSOR,41157731713099->41318365790283,41157731713099,41318365790283,false,17,exact nonblank SKU; exact normalized title/size; clean non-overlapping predecessor-to-successor chronology,,6,2025-01-31,2025-03-02,6.0000,6.0000,59.94,59.94,OWNER_APPROVED_HISTORICAL_CONTINUITY,phase4-terminal-disposition-evidence-v1,OWNER_AUTHORIZATION_2026-08-21_PHASE4_TERMINAL_PACKET,d389079c-eabf-49b5-a245-40a207025fd7
PHASE4_TERMINAL_DISPOSITION_V1,41157732171851|3003094|ZONIN WINEMAKER S COLLECTION CHIANTI DOCG|1.5L,234,95fe0c7902efc337bb51ba0b5a2f974f9b2ac76d7221a25e7dcd52a8cd28d287,LEAVE_UNRESOLVED,MAP_TO_CANONICAL,true,41157732171851,3003094,Zonin Winemaker's Collection Chianti DOCG,1.5L,42017578483787,PREDECESSOR,41157732171851->42017578483787,41157732171851,42017578483787,false,111,owner-approved exception; exact normalized title/size; clean non-overlapping predecessor-to-successor chronology; incomplete SKU continuity,,9,2025-02-08,2025-10-18,12.0000,12.0000,143.88,143.88,OWNER_APPROVED_HISTORICAL_CONTINUITY,phase4-terminal-disposition-evidence-v1,OWNER_AUTHORIZATION_2026-08-21_PHASE4_TERMINAL_PACKET,d389079c-eabf-49b5-a245-40a207025fd7
PHASE4_TERMINAL_DISPOSITION_V1,41157779554379||CUTWATER BALI HAI TIKI RUM PUNCH|12OZ,235,95fe0c7902efc337bb51ba0b5a2f974f9b2ac76d7221a25e7dcd52a8cd28d287,LEAVE_UNRESOLVED,RESTORE_HISTORICAL_IDENTITY,true,41157779554379,,Cutwater Bali Hai Tiki Rum Punch,12oz,41157779554379,,,,,,,,,16,2025-01-17,2025-08-27,21.0000,21.0000,272.79,272.79,PRESERVABLE_HISTORICAL_CANONICAL_IDENTITY,phase4-terminal-disposition-evidence-v1,OWNER_AUTHORIZATION_2026-08-21_PHASE4_TERMINAL_PACKET,d389079c-eabf-49b5-a245-40a207025fd7
PHASE4_TERMINAL_DISPOSITION_V1,41157779816523||DEEP EDDY VODKA TEA VARIETY PACK|6 PACK,237,95fe0c7902efc337bb51ba0b5a2f974f9b2ac76d7221a25e7dcd52a8cd28d287,LEAVE_UNRESOLVED,MAP_TO_CANONICAL,true,41157779816523,,Deep Eddy Vodka + Tea Variety Pack,6 Pack,41716810448971,,,,,,,,,3,2024-12-27,2025-08-01,3.0000,3.0000,53.97,53.97,SAFE_MAP_UNIQUE_RECREATION_CONTINUITY,phase4-terminal-disposition-evidence-v1,OWNER_AUTHORIZATION_2026-08-21_PHASE4_TERMINAL_PACKET,d389079c-eabf-49b5-a245-40a207025fd7
PHASE4_TERMINAL_DISPOSITION_V1,41157780209739||JACK DANIEL S OLD NO. 7 TENNESSEE WHISKEY AND GINGER|12OZ,247,95fe0c7902efc337bb51ba0b5a2f974f9b2ac76d7221a25e7dcd52a8cd28d287,LEAVE_UNRESOLVED,MAP_TO_CANONICAL,true,41157780209739,,Jack Daniel's Old No. 7 Tennessee Whiskey & Ginger,12oz,41716809891915,,,,,,,,,5,2025-04-01,2025-06-18,6.0000,6.0000,75.36,75.36,SAFE_MAP_UNIQUE_RECREATION_CONTINUITY,phase4-terminal-disposition-evidence-v1,OWNER_AUTHORIZATION_2026-08-21_PHASE4_TERMINAL_PACKET,d389079c-eabf-49b5-a245-40a207025fd7
PHASE4_TERMINAL_DISPOSITION_V1,41173654536267||GIFT BAG|WHITE,250,95fe0c7902efc337bb51ba0b5a2f974f9b2ac76d7221a25e7dcd52a8cd28d287,LEAVE_UNRESOLVED,RESTORE_HISTORICAL_IDENTITY,true,41173654536267,,Gift Bag,White,41173654536267,,,,,,,,,2,2024-12-07,2024-12-09,4.0000,4.0000,7.96,7.96,PRESERVABLE_HISTORICAL_CANONICAL_IDENTITY,phase4-terminal-disposition-evidence-v1,OWNER_AUTHORIZATION_2026-08-21_PHASE4_TERMINAL_PACKET,d389079c-eabf-49b5-a245-40a207025fd7
PHASE4_TERMINAL_DISPOSITION_V1,41177526403147|576451|CHIVAS REGAL BLENDED SCOTCH 12 YR|750ML,251,95fe0c7902efc337bb51ba0b5a2f974f9b2ac76d7221a25e7dcd52a8cd28d287,LEAVE_UNRESOLVED,MAP_TO_CANONICAL,true,41177526403147,576451,CHIVAS REGAL BLENDED SCOTCH 12 YR,750ML,41318365003851,PREDECESSOR,41177526403147->41318365003851,41177526403147,41318365003851,false,164,exact nonblank SKU; exact normalized title/size; clean non-overlapping predecessor-to-successor chronology,,2,2024-12-10,2024-12-24,2.0000,2.0000,71.98,71.98,OWNER_APPROVED_HISTORICAL_CONTINUITY,phase4-terminal-disposition-evidence-v1,OWNER_AUTHORIZATION_2026-08-21_PHASE4_TERMINAL_PACKET,d389079c-eabf-49b5-a245-40a207025fd7
PHASE4_TERMINAL_DISPOSITION_V1,41178335281227|9000474|POPOV VODKA|1.5L,252,95fe0c7902efc337bb51ba0b5a2f974f9b2ac76d7221a25e7dcd52a8cd28d287,LEAVE_UNRESOLVED,EXCLUDE_UNATTRIBUTABLE,true,41178335281227,9000474,POPOV VODKA,1.5L,,,,,,,,,HISTORICAL_IDENTITY_UNATTRIBUTABLE_AFTER_EXHAUSTIVE_REVIEW,11,2024-12-30,2025-03-27,13.0000,13.0000,220.87,220.87,OWNER_APPROVED_POPOV_SIZE_CONFLICT_UNATTRIBUTABLE,phase4-terminal-disposition-evidence-v1,OWNER_AUTHORIZATION_2026-08-21_PHASE4_TERMINAL_PACKET,d389079c-eabf-49b5-a245-40a207025fd7
PHASE4_TERMINAL_DISPOSITION_V1,41178335281227|9000474|POPOV VODKA|1.75L,253,95fe0c7902efc337bb51ba0b5a2f974f9b2ac76d7221a25e7dcd52a8cd28d287,LEAVE_UNRESOLVED,EXCLUDE_UNATTRIBUTABLE,true,41178335281227,9000474,POPOV VODKA,1.75L,,,,,,,,,HISTORICAL_IDENTITY_UNATTRIBUTABLE_AFTER_EXHAUSTIVE_REVIEW,11,2025-04-03,2026-01-02,11.0000,11.0000,186.89,186.89,OWNER_APPROVED_POPOV_SIZE_CONFLICT_UNATTRIBUTABLE,phase4-terminal-disposition-evidence-v1,OWNER_AUTHORIZATION_2026-08-21_PHASE4_TERMINAL_PACKET,d389079c-eabf-49b5-a245-40a207025fd7
PHASE4_TERMINAL_DISPOSITION_V1,41181949263947||TANQUERAY LONDON DRY GIN|750ML,254,95fe0c7902efc337bb51ba0b5a2f974f9b2ac76d7221a25e7dcd52a8cd28d287,LEAVE_UNRESOLVED,MAP_TO_CANONICAL,true,41181949263947,,TANQUERAY LONDON DRY GIN,750ML,41318364348491,PREDECESSOR,41181949263947->41318364348491,41181949263947,41318364348491,false,61,owner-approved exception; exact normalized title/size; clean non-overlapping predecessor-to-successor chronology; incomplete SKU continuity,,2,2025-01-30,2025-02-09,2.0000,2.0000,65.98,65.98,OWNER_APPROVED_HISTORICAL_CONTINUITY,phase4-terminal-disposition-evidence-v1,OWNER_AUTHORIZATION_2026-08-21_PHASE4_TERMINAL_PACKET,d389079c-eabf-49b5-a245-40a207025fd7
PHASE4_TERMINAL_DISPOSITION_V1,41184285917259||BEEFEATER LONDON DRY GIN|750ML,255,95fe0c7902efc337bb51ba0b5a2f974f9b2ac76d7221a25e7dcd52a8cd28d287,LEAVE_UNRESOLVED,MAP_TO_CANONICAL,true,41184285917259,,BEEFEATER LONDON DRY GIN,750ML,41318364053579,PREDECESSOR,41184285917259->41318364053579,41184285917259,41318364053579,false,65,owner-approved exception; exact normalized title/size; clean non-overlapping predecessor-to-successor chronology; incomplete SKU continuity,,2,2024-12-30,2025-02-20,2.0000,2.0000,53.98,53.98,OWNER_APPROVED_HISTORICAL_CONTINUITY,phase4-terminal-disposition-evidence-v1,OWNER_AUTHORIZATION_2026-08-21_PHASE4_TERMINAL_PACKET,d389079c-eabf-49b5-a245-40a207025fd7
PHASE4_TERMINAL_DISPOSITION_V1,41184296173643||PINNACLE VODKA|1.5L,256,95fe0c7902efc337bb51ba0b5a2f974f9b2ac76d7221a25e7dcd52a8cd28d287,LEAVE_UNRESOLVED,RESTORE_HISTORICAL_IDENTITY,true,41184296173643,,PINNACLE VODKA,1.5L,41184296173643,,,,,,,,,10,2024-12-17,2025-02-23,11.0000,11.0000,241.89,241.89,PRESERVABLE_HISTORICAL_CANONICAL_IDENTITY,phase4-terminal-disposition-evidence-v1,OWNER_AUTHORIZATION_2026-08-21_PHASE4_TERMINAL_PACKET,d389079c-eabf-49b5-a245-40a207025fd7
PHASE4_TERMINAL_DISPOSITION_V1,41193768714315||APEROL APERITIVO|1L,257,95fe0c7902efc337bb51ba0b5a2f974f9b2ac76d7221a25e7dcd52a8cd28d287,LEAVE_UNRESOLVED,RESTORE_HISTORICAL_IDENTITY,true,41193768714315,,Aperol Aperitivo,1L,41193768714315,,,,,,,,,1,2025-02-28,2025-02-28,1.0000,1.0000,32.99,32.99,PRESERVABLE_HISTORICAL_CANONICAL_IDENTITY,phase4-terminal-disposition-evidence-v1,OWNER_AUTHORIZATION_2026-08-21_PHASE4_TERMINAL_PACKET,d389079c-eabf-49b5-a245-40a207025fd7
PHASE4_TERMINAL_DISPOSITION_V1,41275354349643||DEEP EDDY PINEAPPLE|750ML,258,95fe0c7902efc337bb51ba0b5a2f974f9b2ac76d7221a25e7dcd52a8cd28d287,LEAVE_UNRESOLVED,RESTORE_HISTORICAL_IDENTITY,true,41275354349643,,Deep Eddy Pineapple,750ML,41275354349643,,,,,,,,,11,2025-03-15,2026-06-21,12.0000,12.0000,239.88,239.88,PRESERVABLE_HISTORICAL_CANONICAL_IDENTITY,phase4-terminal-disposition-evidence-v1,OWNER_AUTHORIZATION_2026-08-21_PHASE4_TERMINAL_PACKET,d389079c-eabf-49b5-a245-40a207025fd7
PHASE4_TERMINAL_DISPOSITION_V1,41318364053579||BEEFEATER LONDON DRY GIN|750ML,261,95fe0c7902efc337bb51ba0b5a2f974f9b2ac76d7221a25e7dcd52a8cd28d287,LEAVE_UNRESOLVED,RESTORE_HISTORICAL_IDENTITY,true,41318364053579,,Beefeater London Dry Gin,750ML,41318364053579,SUCCESSOR,41184285917259->41318364053579,41184285917259,41318364053579,false,65,owner-approved exception; exact normalized title/size; clean non-overlapping predecessor-to-successor chronology; incomplete SKU continuity,,9,2025-04-26,2026-01-22,10.0000,10.0000,269.90,269.90,PRESERVABLE_HISTORICAL_CANONICAL_IDENTITY,phase4-terminal-disposition-evidence-v1,OWNER_AUTHORIZATION_2026-08-21_PHASE4_TERMINAL_PACKET,d389079c-eabf-49b5-a245-40a207025fd7
PHASE4_TERMINAL_DISPOSITION_V1,41318364348491||TANQUERAY LONDON DRY GIN|750ML,262,95fe0c7902efc337bb51ba0b5a2f974f9b2ac76d7221a25e7dcd52a8cd28d287,LEAVE_UNRESOLVED,RESTORE_HISTORICAL_IDENTITY,true,41318364348491,,TANQUERAY LONDON DRY GIN,750ML,41318364348491,SUCCESSOR,41181949263947->41318364348491,41181949263947,41318364348491,false,61,owner-approved exception; exact normalized title/size; clean non-overlapping predecessor-to-successor chronology; incomplete SKU continuity,,22,2025-04-11,2025-12-22,22.0000,22.0000,725.78,725.78,PRESERVABLE_HISTORICAL_CANONICAL_IDENTITY,phase4-terminal-disposition-evidence-v1,OWNER_AUTHORIZATION_2026-08-21_PHASE4_TERMINAL_PACKET,d389079c-eabf-49b5-a245-40a207025fd7
PHASE4_TERMINAL_DISPOSITION_V1,41318365003851|576451|CHIVAS REGAL BLENDED SCOTCH 12 YR|750ML,263,95fe0c7902efc337bb51ba0b5a2f974f9b2ac76d7221a25e7dcd52a8cd28d287,LEAVE_UNRESOLVED,RESTORE_HISTORICAL_IDENTITY,true,41318365003851,576451,Chivas Regal Blended Scotch 12 YR,750ML,41318365003851,SUCCESSOR,41177526403147->41318365003851,41177526403147,41318365003851,false,164,exact nonblank SKU; exact normalized title/size; clean non-overlapping predecessor-to-successor chronology,,9,2025-06-06,2025-12-28,10.0000,10.0000,359.90,359.90,PRESERVABLE_HISTORICAL_CANONICAL_IDENTITY,phase4-terminal-disposition-evidence-v1,OWNER_AUTHORIZATION_2026-08-21_PHASE4_TERMINAL_PACKET,d389079c-eabf-49b5-a245-40a207025fd7
PHASE4_TERMINAL_DISPOSITION_V1,41318365790283|3001837|STOLICHNAYA VODKA|200ML,264,95fe0c7902efc337bb51ba0b5a2f974f9b2ac76d7221a25e7dcd52a8cd28d287,LEAVE_UNRESOLVED,RESTORE_HISTORICAL_IDENTITY,true,41318365790283,3001837,Stolichnaya Vodka,200ML,41318365790283,SUCCESSOR,41157731713099->41318365790283,41157731713099,41318365790283,false,17,exact nonblank SKU; exact normalized title/size; clean non-overlapping predecessor-to-successor chronology,,18,2025-03-19,2026-02-23,18.0000,18.0000,179.82,179.82,PRESERVABLE_HISTORICAL_CANONICAL_IDENTITY,phase4-terminal-disposition-evidence-v1,OWNER_AUTHORIZATION_2026-08-21_PHASE4_TERMINAL_PACKET,d389079c-eabf-49b5-a245-40a207025fd7
PHASE4_TERMINAL_DISPOSITION_V1,41318366380107|3008870|SHANKY S WHIP BLACK SMOOTH IRISH LIQUEUR|750ML,265,95fe0c7902efc337bb51ba0b5a2f974f9b2ac76d7221a25e7dcd52a8cd28d287,LEAVE_UNRESOLVED,RESTORE_HISTORICAL_IDENTITY,true,41318366380107,3008870,Shanky's Whip Black Smooth Irish Liqueur,750ML,41318366380107,SUCCESSOR,41157730697291->41318366380107,41157730697291,41318366380107,false,203,exact nonblank SKU; exact normalized title/size; clean non-overlapping predecessor-to-successor chronology,,5,2025-07-30,2025-11-15,5.0000,5.0000,134.95,134.95,PRESERVABLE_HISTORICAL_CANONICAL_IDENTITY,phase4-terminal-disposition-evidence-v1,OWNER_AUTHORIZATION_2026-08-21_PHASE4_TERMINAL_PACKET,d389079c-eabf-49b5-a245-40a207025fd7
PHASE4_TERMINAL_DISPOSITION_V1,41318366969931|9012114|FAIRBANKS WHITE PORT|3L,266,95fe0c7902efc337bb51ba0b5a2f974f9b2ac76d7221a25e7dcd52a8cd28d287,LEAVE_UNRESOLVED,RESTORE_HISTORICAL_IDENTITY,true,41318366969931,9012114,Fairbanks White Port,3L,41318366969931,,,,,,,,,4,2025-11-26,2026-04-06,4.0000,4.0000,92.48,92.48,PRESERVABLE_HISTORICAL_CANONICAL_IDENTITY,phase4-terminal-disposition-evidence-v1,OWNER_AUTHORIZATION_2026-08-21_PHASE4_TERMINAL_PACKET,d389079c-eabf-49b5-a245-40a207025fd7
PHASE4_TERMINAL_DISPOSITION_V1,41318367035467|1230341|FAIRBANKS SHERRY|750ML,267,95fe0c7902efc337bb51ba0b5a2f974f9b2ac76d7221a25e7dcd52a8cd28d287,LEAVE_UNRESOLVED,RESTORE_HISTORICAL_IDENTITY,true,41318367035467,1230341,Fairbanks Sherry,750ML,41318367035467,SUCCESSOR,41157727813707->41318367035467,41157727813707,41318367035467,false,106,exact nonblank SKU; exact normalized title/size; clean non-overlapping predecessor-to-successor chronology,,9,2025-06-15,2025-11-16,9.0000,9.0000,71.91,71.91,PRESERVABLE_HISTORICAL_CANONICAL_IDENTITY,phase4-terminal-disposition-evidence-v1,OWNER_AUTHORIZATION_2026-08-21_PHASE4_TERMINAL_PACKET,d389079c-eabf-49b5-a245-40a207025fd7
PHASE4_TERMINAL_DISPOSITION_V1,41318367985739|3003394|SHADES OF BLUE RIESLING|750ML,268,95fe0c7902efc337bb51ba0b5a2f974f9b2ac76d7221a25e7dcd52a8cd28d287,LEAVE_UNRESOLVED,RESTORE_HISTORICAL_IDENTITY,true,41318367985739,3003394,Shades of Blue Riesling,750ML,41318367985739,SUCCESSOR,41157560664139->41318367985739,41157560664139,41318367985739,false,4,exact nonblank SKU; exact normalized title/size; clean non-overlapping predecessor-to-successor chronology,,23,2025-03-07,2026-04-08,31.0000,31.0000,306.71,306.71,PRESERVABLE_HISTORICAL_CANONICAL_IDENTITY,phase4-terminal-disposition-evidence-v1,OWNER_AUTHORIZATION_2026-08-21_PHASE4_TERMINAL_PACKET,d389079c-eabf-49b5-a245-40a207025fd7
PHASE4_TERMINAL_DISPOSITION_V1,41318368772171|9044729|MR. BOSTON VODKA 100 PROOF|200ML,269,95fe0c7902efc337bb51ba0b5a2f974f9b2ac76d7221a25e7dcd52a8cd28d287,LEAVE_UNRESOLVED,RESTORE_HISTORICAL_IDENTITY,true,41318368772171,9044729,Mr. Boston Vodka 100 Proof,200ML,41318368772171,SUCCESSOR,41157558698059->41318368772171,41157558698059,41318368772171,false,27,exact nonblank SKU; exact normalized title/size; clean non-overlapping predecessor-to-successor chronology,,37,2025-03-26,2026-04-17,40.0000,40.0000,130.00,130.00,PRESERVABLE_HISTORICAL_CANONICAL_IDENTITY,phase4-terminal-disposition-evidence-v1,OWNER_AUTHORIZATION_2026-08-21_PHASE4_TERMINAL_PACKET,d389079c-eabf-49b5-a245-40a207025fd7
PHASE4_TERMINAL_DISPOSITION_V1,41318369853515|9001723|HENDRICK S GIN|1L,270,95fe0c7902efc337bb51ba0b5a2f974f9b2ac76d7221a25e7dcd52a8cd28d287,LEAVE_UNRESOLVED,RESTORE_HISTORICAL_IDENTITY,true,41318369853515,9001723,Hendrick's Gin,1L,41318369853515,SUCCESSOR,41157555552331->41318369853515,41157555552331,41318369853515,false,36,exact nonblank SKU; exact normalized title/size; clean non-overlapping predecessor-to-successor chronology,,25,2025-03-14,2026-04-06,26.0000,26.0000,1221.74,1221.74,PRESERVABLE_HISTORICAL_CANONICAL_IDENTITY,phase4-terminal-disposition-evidence-v1,OWNER_AUTHORIZATION_2026-08-21_PHASE4_TERMINAL_PACKET,d389079c-eabf-49b5-a245-40a207025fd7
PHASE4_TERMINAL_DISPOSITION_V1,41318370148427|3004875|FIVE FARMS IRISH CREAM|50ML,271,95fe0c7902efc337bb51ba0b5a2f974f9b2ac76d7221a25e7dcd52a8cd28d287,LEAVE_UNRESOLVED,RESTORE_HISTORICAL_IDENTITY,true,41318370148427,3004875,Five Farms Irish Cream,50ML,41318370148427,SUCCESSOR,41157554143307->41318370148427,41157554143307,41318370148427,false,29,exact nonblank SKU; exact normalized title/size; clean non-overlapping predecessor-to-successor chronology,,9,2025-03-15,2026-02-27,11.0000,11.0000,32.30,32.30,PRESERVABLE_HISTORICAL_CANONICAL_IDENTITY,phase4-terminal-disposition-evidence-v1,OWNER_AUTHORIZATION_2026-08-21_PHASE4_TERMINAL_PACKET,d389079c-eabf-49b5-a245-40a207025fd7
PHASE4_TERMINAL_DISPOSITION_V1,41318370443339|9256193|DISARONNO ORIGINALE|1L,272,95fe0c7902efc337bb51ba0b5a2f974f9b2ac76d7221a25e7dcd52a8cd28d287,LEAVE_UNRESOLVED,RESTORE_HISTORICAL_IDENTITY,true,41318370443339,9256193,Disaronno Originale,1L,41318370443339,SUCCESSOR,41157553651787->41318370443339,41157553651787,41318370443339,false,91,exact nonblank SKU; exact normalized title/size; clean non-overlapping predecessor-to-successor chronology,,7,2025-04-12,2025-12-09,7.0000,7.0000,280.56,280.56,PRESERVABLE_HISTORICAL_CANONICAL_IDENTITY,phase4-terminal-disposition-evidence-v1,OWNER_AUTHORIZATION_2026-08-21_PHASE4_TERMINAL_PACKET,d389079c-eabf-49b5-a245-40a207025fd7
PHASE4_TERMINAL_DISPOSITION_V1,41318377291851||WILD TURKEY AMERICAN HONEY LIQUEUR|1L,273,95fe0c7902efc337bb51ba0b5a2f974f9b2ac76d7221a25e7dcd52a8cd28d287,LEAVE_UNRESOLVED,RESTORE_HISTORICAL_IDENTITY,true,41318377291851,,Wild Turkey American Honey Liqueur,1L,41318377291851,SUCCESSOR,41157214175307->41318377291851,41157214175307,41318377291851,false,58,owner-approved exception; exact normalized title/size; clean non-overlapping predecessor-to-successor chronology; incomplete SKU continuity,,4,2025-03-20,2025-09-29,5.0000,5.0000,149.95,149.95,PRESERVABLE_HISTORICAL_CANONICAL_IDENTITY,phase4-terminal-disposition-evidence-v1,OWNER_AUTHORIZATION_2026-08-21_PHASE4_TERMINAL_PACKET,d389079c-eabf-49b5-a245-40a207025fd7
PHASE4_TERMINAL_DISPOSITION_V1,41318388498507|2156|BRILLA PROSECCO ROSE EXTRA DRY|200ML,274,95fe0c7902efc337bb51ba0b5a2f974f9b2ac76d7221a25e7dcd52a8cd28d287,LEAVE_UNRESOLVED,RESTORE_HISTORICAL_IDENTITY,true,41318388498507,2156,Brilla Prosecco Rose Extra Dry,200ML,41318388498507,SUCCESSOR,41154955444299->41318388498507,41154955444299,41318388498507,false,65,exact nonblank SKU; exact normalized title/size; clean non-overlapping predecessor-to-successor chronology,,19,2025-04-25,2026-03-10,24.0000,24.0000,143.76,143.76,PRESERVABLE_HISTORICAL_CANONICAL_IDENTITY,phase4-terminal-disposition-evidence-v1,OWNER_AUTHORIZATION_2026-08-21_PHASE4_TERMINAL_PACKET,d389079c-eabf-49b5-a245-40a207025fd7
PHASE4_TERMINAL_DISPOSITION_V1,41318388531275|2121|BRILLA PROSECCO ROSE EXTRA DRY|1.5L,275,95fe0c7902efc337bb51ba0b5a2f974f9b2ac76d7221a25e7dcd52a8cd28d287,LEAVE_UNRESOLVED,RESTORE_HISTORICAL_IDENTITY,true,41318388531275,2121,Brilla Prosecco Rose Extra Dry,1.5L,41318388531275,SUCCESSOR,41154955477067->41318388531275,41154955477067,41318388531275,false,12,exact nonblank SKU; exact normalized title/size; clean non-overlapping predecessor-to-successor chronology,,8,2025-03-07,2025-06-12,9.0000,9.0000,224.91,224.91,PRESERVABLE_HISTORICAL_CANONICAL_IDENTITY,phase4-terminal-disposition-evidence-v1,OWNER_AUTHORIZATION_2026-08-21_PHASE4_TERMINAL_PACKET,d389079c-eabf-49b5-a245-40a207025fd7
PHASE4_TERMINAL_DISPOSITION_V1,41318388564043|2155|BRILLA PROSECCO EXTRA DRY|200ML,276,95fe0c7902efc337bb51ba0b5a2f974f9b2ac76d7221a25e7dcd52a8cd28d287,LEAVE_UNRESOLVED,RESTORE_HISTORICAL_IDENTITY,true,41318388564043,2155,Brilla Prosecco Extra Dry,200ML,41318388564043,SUCCESSOR,41154955345995->41318388564043,41154955345995,41318388564043,false,49,exact nonblank SKU; exact normalized title/size; clean non-overlapping predecessor-to-successor chronology,,17,2025-03-21,2025-12-31,38.0000,38.0000,227.62,227.62,PRESERVABLE_HISTORICAL_CANONICAL_IDENTITY,phase4-terminal-disposition-evidence-v1,OWNER_AUTHORIZATION_2026-08-21_PHASE4_TERMINAL_PACKET,d389079c-eabf-49b5-a245-40a207025fd7
PHASE4_TERMINAL_DISPOSITION_V1,41318388596811|2123|BRILLA PROSECCO EXTRA DRY|1.5L,277,95fe0c7902efc337bb51ba0b5a2f974f9b2ac76d7221a25e7dcd52a8cd28d287,LEAVE_UNRESOLVED,RESTORE_HISTORICAL_IDENTITY,true,41318388596811,2123,Brilla Prosecco Extra Dry,1.5L,41318388596811,SUCCESSOR,41154955378763->41318388596811,41154955378763,41318388596811,false,56,exact nonblank SKU; exact normalized title/size; clean non-overlapping predecessor-to-successor chronology,,10,2025-03-29,2025-10-24,13.0000,13.0000,324.87,324.87,PRESERVABLE_HISTORICAL_CANONICAL_IDENTITY,phase4-terminal-disposition-evidence-v1,OWNER_AUTHORIZATION_2026-08-21_PHASE4_TERMINAL_PACKET,d389079c-eabf-49b5-a245-40a207025fd7
PHASE4_TERMINAL_DISPOSITION_V1,41318388924491||PEYCHAUD S AROMATIC COCKTAIL BITTERS|5OZ,278,95fe0c7902efc337bb51ba0b5a2f974f9b2ac76d7221a25e7dcd52a8cd28d287,LEAVE_UNRESOLVED,RESTORE_HISTORICAL_IDENTITY,true,41318388924491,,Peychaud's Aromatic Cocktail Bitters,5oz,41318388924491,SUCCESSOR,41154951118923->41318388924491,41154951118923,41318388924491,false,5,owner-approved exception; exact normalized title/size; clean non-overlapping predecessor-to-successor chronology; incomplete SKU continuity,,9,2025-03-07,2025-12-06,9.0000,9.0000,62.91,62.91,PRESERVABLE_HISTORICAL_CANONICAL_IDENTITY,phase4-terminal-disposition-evidence-v1,OWNER_AUTHORIZATION_2026-08-21_PHASE4_TERMINAL_PACKET,d389079c-eabf-49b5-a245-40a207025fd7
PHASE4_TERMINAL_DISPOSITION_V1,41318389317707|3012511|BELVEDERE ORGANIC VODKA|750ML,279,95fe0c7902efc337bb51ba0b5a2f974f9b2ac76d7221a25e7dcd52a8cd28d287,LEAVE_UNRESOLVED,RESTORE_HISTORICAL_IDENTITY,true,41318389317707,3012511,Belvedere Organic Vodka,750ML,41318389317707,SUCCESSOR,41154906423371->41318389317707,41154906423371,41318389317707,false,191,exact nonblank SKU; exact normalized title/size; clean non-overlapping predecessor-to-successor chronology,,4,2025-07-03,2025-12-28,4.0000,4.0000,155.96,155.96,PRESERVABLE_HISTORICAL_CANONICAL_IDENTITY,phase4-terminal-disposition-evidence-v1,OWNER_AUTHORIZATION_2026-08-21_PHASE4_TERMINAL_PACKET,d389079c-eabf-49b5-a245-40a207025fd7
PHASE4_TERMINAL_DISPOSITION_V1,41536067764299||ON THE ROCKS SPARKLING LIME MARGARITA 4 PACK|12OZ,286,95fe0c7902efc337bb51ba0b5a2f974f9b2ac76d7221a25e7dcd52a8cd28d287,LEAVE_UNRESOLVED,RESTORE_HISTORICAL_IDENTITY,true,41536067764299,,On The Rocks Sparkling Lime Margarita 4 Pack,12oz,41536067764299,,,,,,,,,4,2025-06-21,2025-07-25,4.0000,4.0000,58.96,58.96,PRESERVABLE_HISTORICAL_CANONICAL_IDENTITY,phase4-terminal-disposition-evidence-v1,OWNER_AUTHORIZATION_2026-08-21_PHASE4_TERMINAL_PACKET,d389079c-eabf-49b5-a245-40a207025fd7
PHASE4_TERMINAL_DISPOSITION_V1,41536079626315||ON THE ROCKS MANGO MINT MOJITO 4 PACK|12OZ,287,95fe0c7902efc337bb51ba0b5a2f974f9b2ac76d7221a25e7dcd52a8cd28d287,LEAVE_UNRESOLVED,MAP_TO_CANONICAL,true,41536079626315,,On The Rocks Mango Mint Mojito 4 Pack,12oz,41716807893067,,,,,,,,,6,2025-06-28,2025-08-09,6.0000,6.0000,95.94,95.94,SAFE_MAP_UNIQUE_RECREATION_CONTINUITY,phase4-terminal-disposition-evidence-v1,OWNER_AUTHORIZATION_2026-08-21_PHASE4_TERMINAL_PACKET,d389079c-eabf-49b5-a245-40a207025fd7
PHASE4_TERMINAL_DISPOSITION_V1,41536084607051||ON THE ROCKS SPARKLING CUCUMBER AND LEMONGRASS MULE 4 PACK|12OZ,288,95fe0c7902efc337bb51ba0b5a2f974f9b2ac76d7221a25e7dcd52a8cd28d287,LEAVE_UNRESOLVED,MAP_TO_CANONICAL,true,41536084607051,,On The Rocks Sparkling Cucumber & Lemongrass Mule 4 Pack,12oz,41716807860299,,,,,,,,,2,2025-07-26,2025-08-09,2.0000,2.0000,31.98,31.98,SAFE_MAP_UNIQUE_RECREATION_CONTINUITY,phase4-terminal-disposition-evidence-v1,OWNER_AUTHORIZATION_2026-08-21_PHASE4_TERMINAL_PACKET,d389079c-eabf-49b5-a245-40a207025fd7
PHASE4_TERMINAL_DISPOSITION_V1,41574148538443||HARTMAN S SELTZER CUCUMBER MINT 4 PACK|12OZ,289,95fe0c7902efc337bb51ba0b5a2f974f9b2ac76d7221a25e7dcd52a8cd28d287,LEAVE_UNRESOLVED,MAP_TO_CANONICAL,true,41574148538443,,Hartman's Seltzer Cucumber Mint 4 Pack,12oz,41716807827531,,,,,,,,,6,2025-07-03,2025-08-24,9.0000,9.0000,98.91,98.91,SAFE_MAP_UNIQUE_RECREATION_CONTINUITY,phase4-terminal-disposition-evidence-v1,OWNER_AUTHORIZATION_2026-08-21_PHASE4_TERMINAL_PACKET,d389079c-eabf-49b5-a245-40a207025fd7
PHASE4_TERMINAL_DISPOSITION_V1,41611177099339||GOOD BOY BLACKBERRY ICED TEA AND LEMONADE|12OZ,290,95fe0c7902efc337bb51ba0b5a2f974f9b2ac76d7221a25e7dcd52a8cd28d287,LEAVE_UNRESOLVED,MAP_TO_CANONICAL,true,41611177099339,,Good Boy Blackberry Iced Tea and Lemonade,12oz,41716807794763,,,,,,,,,2,2025-08-16,2025-08-27,2.0000,2.0000,20.98,20.98,SAFE_MAP_UNIQUE_RECREATION_CONTINUITY,phase4-terminal-disposition-evidence-v1,OWNER_AUTHORIZATION_2026-08-21_PHASE4_TERMINAL_PACKET,d389079c-eabf-49b5-a245-40a207025fd7
PHASE4_TERMINAL_DISPOSITION_V1,41621429125195||196 VODKA SELTZER VARIETY PACK|12OZ PACK 8,291,95fe0c7902efc337bb51ba0b5a2f974f9b2ac76d7221a25e7dcd52a8cd28d287,LEAVE_UNRESOLVED,MAP_TO_CANONICAL,true,41621429125195,,-196 Vodka Seltzer Variety Pack,12oz - Pack(8),42762587897931,,,,,,,,,1,2025-08-12,2025-08-12,1.0000,1.0000,19.99,19.99,SAFE_MAP_UNIQUE_RECREATION_CONTINUITY,phase4-terminal-disposition-evidence-v1,OWNER_AUTHORIZATION_2026-08-21_PHASE4_TERMINAL_PACKET,d389079c-eabf-49b5-a245-40a207025fd7
PHASE4_TERMINAL_DISPOSITION_V1,41623316955211||TH LONG DRINK VARIETY PACK|12OZ PACK 8,292,95fe0c7902efc337bb51ba0b5a2f974f9b2ac76d7221a25e7dcd52a8cd28d287,LEAVE_UNRESOLVED,MAP_TO_CANONICAL,true,41623316955211,,Th Long Drink Variety Pack,12oz - Pack(8),41716807729227,,,,,,,,,3,2025-08-09,2025-08-29,3.0000,3.0000,57.98,57.98,SAFE_MAP_UNIQUE_RECREATION_CONTINUITY,phase4-terminal-disposition-evidence-v1,OWNER_AUTHORIZATION_2026-08-21_PHASE4_TERMINAL_PACKET,d389079c-eabf-49b5-a245-40a207025fd7
PHASE4_TERMINAL_DISPOSITION_V1,41623321903179||THE LONG DRINK TRADITIONAL|12OZ PACK 6,293,95fe0c7902efc337bb51ba0b5a2f974f9b2ac76d7221a25e7dcd52a8cd28d287,LEAVE_UNRESOLVED,MAP_TO_CANONICAL,true,41623321903179,,The Long Drink Traditional,12oz - Pack(6),41716807696459,,,,,,,,,2,2025-08-08,2025-08-15,3.0000,3.0000,44.79,44.79,SAFE_MAP_UNIQUE_RECREATION_CONTINUITY,phase4-terminal-disposition-evidence-v1,OWNER_AUTHORIZATION_2026-08-21_PHASE4_TERMINAL_PACKET,d389079c-eabf-49b5-a245-40a207025fd7
PHASE4_TERMINAL_DISPOSITION_V1,41623326883915||THE LONG DRINK CRANBERRY|12OZ PACK 6,294,95fe0c7902efc337bb51ba0b5a2f974f9b2ac76d7221a25e7dcd52a8cd28d287,LEAVE_UNRESOLVED,MAP_TO_CANONICAL,true,41623326883915,,The Long Drink Cranberry,12oz - Pack(6),41716807663691,,,,,,,,,2,2025-08-08,2025-08-15,3.0000,3.0000,44.79,44.79,SAFE_MAP_UNIQUE_RECREATION_CONTINUITY,phase4-terminal-disposition-evidence-v1,OWNER_AUTHORIZATION_2026-08-21_PHASE4_TERMINAL_PACKET,d389079c-eabf-49b5-a245-40a207025fd7
PHASE4_TERMINAL_DISPOSITION_V1,41692784558155||SKREWBALL PEANUT BUTTER WHISKEY|1.75L,295,95fe0c7902efc337bb51ba0b5a2f974f9b2ac76d7221a25e7dcd52a8cd28d287,LEAVE_UNRESOLVED,RESTORE_HISTORICAL_IDENTITY,true,41692784558155,,Skrewball Peanut Butter Whiskey,1.75L,41692784558155,,,,,,,,,2,2025-11-18,2025-12-23,3.0000,3.0000,164.97,164.97,PRESERVABLE_HISTORICAL_CANONICAL_IDENTITY,phase4-terminal-disposition-evidence-v1,OWNER_AUTHORIZATION_2026-08-21_PHASE4_TERMINAL_PACKET,d389079c-eabf-49b5-a245-40a207025fd7
PHASE4_TERMINAL_DISPOSITION_V1,41692806676555||SURFSIDE VODKA ICED TEA AND LEMONADE|12OZ PACK 4,296,95fe0c7902efc337bb51ba0b5a2f974f9b2ac76d7221a25e7dcd52a8cd28d287,LEAVE_UNRESOLVED,MAP_TO_CANONICAL,true,41692806676555,,Surfside Vodka Iced Tea & Lemonade,12oz - Pack(4),41716807598155,,,,,,,,,2,2025-08-20,2025-08-29,2.0000,2.0000,20.98,20.98,SAFE_MAP_UNIQUE_RECREATION_CONTINUITY,phase4-terminal-disposition-evidence-v1,OWNER_AUTHORIZATION_2026-08-21_PHASE4_TERMINAL_PACKET,d389079c-eabf-49b5-a245-40a207025fd7
PHASE4_TERMINAL_DISPOSITION_V1,41692806742091||SURFSIDE VODKA ICED TEA|12OZ PACK 4,297,95fe0c7902efc337bb51ba0b5a2f974f9b2ac76d7221a25e7dcd52a8cd28d287,LEAVE_UNRESOLVED,MAP_TO_CANONICAL,true,41692806742091,,Surfside Vodka Iced Tea,12oz - Pack(4),41716807565387,,,,,,,,,1,2025-08-23,2025-08-23,2.0000,2.0000,19.98,19.98,SAFE_MAP_UNIQUE_RECREATION_CONTINUITY,phase4-terminal-disposition-evidence-v1,OWNER_AUTHORIZATION_2026-08-21_PHASE4_TERMINAL_PACKET,d389079c-eabf-49b5-a245-40a207025fd7
PHASE4_TERMINAL_DISPOSITION_V1,41692806873163||SURFSIDE VODKA PEACH TEA|12OZ PACK 4,298,95fe0c7902efc337bb51ba0b5a2f974f9b2ac76d7221a25e7dcd52a8cd28d287,LEAVE_UNRESOLVED,MAP_TO_CANONICAL,true,41692806873163,,Surfside Vodka Peach Tea,12oz - Pack(4),41716807467083,,,,,,,,,1,2025-08-30,2025-08-30,1.0000,1.0000,10.99,10.99,SAFE_MAP_UNIQUE_RECREATION_CONTINUITY,phase4-terminal-disposition-evidence-v1,OWNER_AUTHORIZATION_2026-08-21_PHASE4_TERMINAL_PACKET,d389079c-eabf-49b5-a245-40a207025fd7
PHASE4_TERMINAL_DISPOSITION_V1,41692806905931||SURFSIDE VODKA RASPBERRY TEA|12OZ PACK 4,299,95fe0c7902efc337bb51ba0b5a2f974f9b2ac76d7221a25e7dcd52a8cd28d287,LEAVE_UNRESOLVED,MAP_TO_CANONICAL,true,41692806905931,,Surfside Vodka Raspberry Tea,12oz - Pack(4),41716807434315,,,,,,,,,2,2025-08-25,2025-08-29,2.0000,2.0000,20.98,20.98,SAFE_MAP_UNIQUE_RECREATION_CONTINUITY,phase4-terminal-disposition-evidence-v1,OWNER_AUTHORIZATION_2026-08-21_PHASE4_TERMINAL_PACKET,d389079c-eabf-49b5-a245-40a207025fd7
PHASE4_TERMINAL_DISPOSITION_V1,42017578483787||ZONIN WINEMAKER S COLLECTION CHIANTI DOCG|1.5L,300,95fe0c7902efc337bb51ba0b5a2f974f9b2ac76d7221a25e7dcd52a8cd28d287,LEAVE_UNRESOLVED,RESTORE_HISTORICAL_IDENTITY,true,42017578483787,,Zonin Winemaker's Collection Chianti DOCG,1.5L,42017578483787,SUCCESSOR,41157732171851->42017578483787,41157732171851,42017578483787,false,111,owner-approved exception; exact normalized title/size; clean non-overlapping predecessor-to-successor chronology; incomplete SKU continuity,,6,2026-02-06,2026-05-20,6.0000,6.0000,77.94,77.94,PRESERVABLE_HISTORICAL_CANONICAL_IDENTITY,phase4-terminal-disposition-evidence-v1,OWNER_AUTHORIZATION_2026-08-21_PHASE4_TERMINAL_PACKET,d389079c-eabf-49b5-a245-40a207025fd7
PHASE4_TERMINAL_DISPOSITION_V1,42206969036875||SURFSIDE LEMONADE VARIETY|12PK 12OZ CANS,301,95fe0c7902efc337bb51ba0b5a2f974f9b2ac76d7221a25e7dcd52a8cd28d287,LEAVE_UNRESOLVED,RESTORE_HISTORICAL_IDENTITY,true,42206969036875,,Surfside Lemonade Variety,12pk-12oz Cans,42206969036875,,,,,,,,,2,2026-03-14,2026-03-15,2.0000,2.0000,59.98,59.98,PRESERVABLE_HISTORICAL_CANONICAL_IDENTITY,phase4-terminal-disposition-evidence-v1,OWNER_AUTHORIZATION_2026-08-21_PHASE4_TERMINAL_PACKET,d389079c-eabf-49b5-a245-40a207025fd7
PHASE4_TERMINAL_DISPOSITION_V1,|3012883|THREE OLIVES ESPRESSO FLAVORED VODKA|1L,303,95fe0c7902efc337bb51ba0b5a2f974f9b2ac76d7221a25e7dcd52a8cd28d287,LEAVE_UNRESOLVED,EXCLUDE_UNATTRIBUTABLE,true,,3012883,Three Olives Espresso Flavored Vodka,1L,,,,,,,,,HISTORICAL_IDENTITY_UNATTRIBUTABLE_AFTER_EXHAUSTIVE_REVIEW,11,2024-12-20,2026-07-15,12.0000,12.0000,218.88,218.88,U0_NO_SAFE_CANONICAL_ATTRIBUTION_AFTER_EXHAUSTIVE_REVIEW,phase4-terminal-disposition-evidence-v1,OWNER_AUTHORIZATION_2026-08-21_PHASE4_TERMINAL_PACKET,d389079c-eabf-49b5-a245-40a207025fd7
PHASE4_TERMINAL_DISPOSITION_V1,||COOPERSTOWN SELECT STRAIGHT BOURBON WHISKEY|750ML,310,95fe0c7902efc337bb51ba0b5a2f974f9b2ac76d7221a25e7dcd52a8cd28d287,LEAVE_UNRESOLVED,EXCLUDE_UNATTRIBUTABLE,true,,,Cooperstown Select Straight Bourbon Whiskey,750ML,,,,,,,,,HISTORICAL_IDENTITY_UNATTRIBUTABLE_AFTER_EXHAUSTIVE_REVIEW,6,2025-06-14,2026-07-08,6.0000,6.0000,359.94,359.94,U0_NO_SAFE_CANONICAL_ATTRIBUTION_AFTER_EXHAUSTIVE_REVIEW,phase4-terminal-disposition-evidence-v1,OWNER_AUTHORIZATION_2026-08-21_PHASE4_TERMINAL_PACKET,d389079c-eabf-49b5-a245-40a207025fd7
PHASE4_TERMINAL_DISPOSITION_V1,||CUSTOM SALE|,313,95fe0c7902efc337bb51ba0b5a2f974f9b2ac76d7221a25e7dcd52a8cd28d287,LEAVE_UNRESOLVED,EXCLUDE_UNATTRIBUTABLE,true,,,Custom sale,,,,,,,,,,HISTORICAL_IDENTITY_UNATTRIBUTABLE_AFTER_EXHAUSTIVE_REVIEW,1,2026-07-18,2026-07-18,2.0000,2.0000,3.98,3.98,U0_NO_SAFE_CANONICAL_ATTRIBUTION_AFTER_EXHAUSTIVE_REVIEW,phase4-terminal-disposition-evidence-v1,OWNER_AUTHORIZATION_2026-08-21_PHASE4_TERMINAL_PACKET,d389079c-eabf-49b5-a245-40a207025fd7
PHASE4_TERMINAL_DISPOSITION_V1,||CUTWATER VODKA TRANSFUSION|12OZ,314,95fe0c7902efc337bb51ba0b5a2f974f9b2ac76d7221a25e7dcd52a8cd28d287,LEAVE_UNRESOLVED,EXCLUDE_UNATTRIBUTABLE,true,,,Cutwater Vodka Transfusion,12oz,,,,,,,,,HISTORICAL_IDENTITY_UNATTRIBUTABLE_AFTER_EXHAUSTIVE_REVIEW,33,2024-12-14,2025-08-27,37.0000,37.0000,480.63,480.63,U0_NO_SAFE_CANONICAL_ATTRIBUTION_AFTER_EXHAUSTIVE_REVIEW,phase4-terminal-disposition-evidence-v1,OWNER_AUTHORIZATION_2026-08-21_PHASE4_TERMINAL_PACKET,d389079c-eabf-49b5-a245-40a207025fd7
PHASE4_TERMINAL_DISPOSITION_V1,||DECANTER|,316,95fe0c7902efc337bb51ba0b5a2f974f9b2ac76d7221a25e7dcd52a8cd28d287,LEAVE_UNRESOLVED,EXCLUDE_UNATTRIBUTABLE,true,,,Decanter,,,,,,,,,,HISTORICAL_IDENTITY_UNATTRIBUTABLE_AFTER_EXHAUSTIVE_REVIEW,1,2026-08-07,2026-08-07,1.0000,1.0000,19.99,19.99,U0_NO_SAFE_CANONICAL_ATTRIBUTION_AFTER_EXHAUSTIVE_REVIEW,phase4-terminal-disposition-evidence-v1,OWNER_AUTHORIZATION_2026-08-21_PHASE4_TERMINAL_PACKET,d389079c-eabf-49b5-a245-40a207025fd7
PHASE4_TERMINAL_DISPOSITION_V1,||GALLO 750S BUY 3 FOR 15|,319,95fe0c7902efc337bb51ba0b5a2f974f9b2ac76d7221a25e7dcd52a8cd28d287,LEAVE_UNRESOLVED,EXCLUDE_UNATTRIBUTABLE,true,,,Gallo 750s buy 3 for $15,,,,,,,,,,HISTORICAL_IDENTITY_UNATTRIBUTABLE_AFTER_EXHAUSTIVE_REVIEW,1,2026-08-08,2026-08-08,1.0000,1.0000,15.00,15.00,U0_NO_SAFE_CANONICAL_ATTRIBUTION_AFTER_EXHAUSTIVE_REVIEW,phase4-terminal-disposition-evidence-v1,OWNER_AUTHORIZATION_2026-08-21_PHASE4_TERMINAL_PACKET,d389079c-eabf-49b5-a245-40a207025fd7
PHASE4_TERMINAL_DISPOSITION_V1,||JOHNSON ESTATE MARECHAL FOCH|3L,322,95fe0c7902efc337bb51ba0b5a2f974f9b2ac76d7221a25e7dcd52a8cd28d287,LEAVE_UNRESOLVED,EXCLUDE_UNATTRIBUTABLE,true,,,Johnson Estate Maréchal Foch,3L,,,,,,,,,HISTORICAL_IDENTITY_UNATTRIBUTABLE_AFTER_EXHAUSTIVE_REVIEW,1,2025-08-30,2025-08-30,1.0000,1.0000,15.99,15.99,U0_NO_SAFE_CANONICAL_ATTRIBUTION_AFTER_EXHAUSTIVE_REVIEW,phase4-terminal-disposition-evidence-v1,OWNER_AUTHORIZATION_2026-08-21_PHASE4_TERMINAL_PACKET,d389079c-eabf-49b5-a245-40a207025fd7
PHASE4_TERMINAL_DISPOSITION_V1,||KETEL ONE|,325,95fe0c7902efc337bb51ba0b5a2f974f9b2ac76d7221a25e7dcd52a8cd28d287,LEAVE_UNRESOLVED,EXCLUDE_UNATTRIBUTABLE,true,,,Ketel One,,,,,,,,,,HISTORICAL_IDENTITY_UNATTRIBUTABLE_AFTER_EXHAUSTIVE_REVIEW,1,2026-07-18,2026-07-18,1.0000,1.0000,34.99,34.99,U0_NO_SAFE_CANONICAL_ATTRIBUTION_AFTER_EXHAUSTIVE_REVIEW,phase4-terminal-disposition-evidence-v1,OWNER_AUTHORIZATION_2026-08-21_PHASE4_TERMINAL_PACKET,d389079c-eabf-49b5-a245-40a207025fd7
PHASE4_TERMINAL_DISPOSITION_V1,||KILLR FLAVOURED WHISKEY|50ML,326,95fe0c7902efc337bb51ba0b5a2f974f9b2ac76d7221a25e7dcd52a8cd28d287,LEAVE_UNRESOLVED,EXCLUDE_UNATTRIBUTABLE,true,,,Killr Flavoured Whiskey,50ML,,,,,,,,,HISTORICAL_IDENTITY_UNATTRIBUTABLE_AFTER_EXHAUSTIVE_REVIEW,5,2024-12-31,2025-08-08,7.0000,7.0000,6.93,6.93,OWNER_APPROVED_KILLR_FLAVOR_AMBIGUITY_UNATTRIBUTABLE,phase4-terminal-disposition-evidence-v1,OWNER_AUTHORIZATION_2026-08-21_PHASE4_TERMINAL_PACKET,d389079c-eabf-49b5-a245-40a207025fd7
PHASE4_TERMINAL_DISPOSITION_V1,||LAKE HOUR VARIETY PACK|8 PACK,329,95fe0c7902efc337bb51ba0b5a2f974f9b2ac76d7221a25e7dcd52a8cd28d287,LEAVE_UNRESOLVED,MAP_TO_CANONICAL,true,,,Lake Hour Variety Pack,8 Pack,41716814184523,,,,,,,,,3,2024-11-30,2025-03-01,3.0000,3.0000,74.97,74.97,SAFE_MAP_EXISTING_PRESERVED_INACTIVE_IDENTITY,phase4-terminal-disposition-evidence-v1,OWNER_AUTHORIZATION_2026-08-21_PHASE4_TERMINAL_PACKET,d389079c-eabf-49b5-a245-40a207025fd7
PHASE4_TERMINAL_DISPOSITION_V1,||LUNETTA PROSECCO|750ML,331,95fe0c7902efc337bb51ba0b5a2f974f9b2ac76d7221a25e7dcd52a8cd28d287,LEAVE_UNRESOLVED,EXCLUDE_UNATTRIBUTABLE,true,,,Lunetta Prosecco,750ML,,,,,,,,,HISTORICAL_IDENTITY_UNATTRIBUTABLE_AFTER_EXHAUSTIVE_REVIEW,12,2024-12-24,2026-07-01,25.0000,25.0000,353.85,353.85,U0_NO_SAFE_CANONICAL_ATTRIBUTION_AFTER_EXHAUSTIVE_REVIEW,phase4-terminal-disposition-evidence-v1,OWNER_AUTHORIZATION_2026-08-21_PHASE4_TERMINAL_PACKET,d389079c-eabf-49b5-a245-40a207025fd7
