alias_id,variant_id,old_variant_id,historical_product_title,historical_variant_title,historical_sku,match_method,is_current_id,source,notes
1,41154906226763,41154906226763,Ardbeg 10 Year Single Malt Scotch Whisky,750ML,9002432,Current variant ID,1,historical_detail_2024-11-01_to_2026-07-22,
2,41154906292299,41154906292299,Ardbeg Wee Beastie,750ML,3005525,Current variant ID,1,historical_detail_2024-11-01_to_2026-07-22,
3,41318389252171,41318389252171,Belvedere Organic Vodka,375ML,3012509,Current variant ID,1,historical_detail_2024-11-01_to_2026-07-22,
4,42913416446027,41154906390603,Belvedere Organic Vodka,1L,3012512,SKU + title,0,historical_detail_2024-11-01_to_2026-07-22,
5,42913416478795,41154906325067,Belvedere Organic Vodka,1.75L,3012513,SKU + title,0,historical_detail_2024-11-01_to_2026-07-22,
6,42913416446027,41318389284939,Belvedere Organic Vodka,1L,3012512,SKU + title,0,historical_detail_2024-11-01_to_2026-07-22,
7,41154906456139,41154906456139,Chandon California Brut,750ML,9002451,Current variant ID,1,historical_detail_2024-11-01_to_2026-07-22,
8,41154906488907,41154906488907,Chandon Garden Spritz,750ML,3007822,Current variant ID,1,historical_detail_2024-11-01_to_2026-07-22,
9,41154906521675,41154906521675,Chandon Brut Rose,750ML,9007070,Current variant ID,1,historical_detail_2024-11-01_to_2026-07-22,
10,41154906554443,41154906554443,Veuve Clicquot Rich,750ML,3003002,Current variant ID,1,historical_detail_2024-11-01_to_2026-07-22,
11,41154906619979,41154906619979,Moet & Chandon Nectar Imperial,750ML,,Current variant ID,1,historical_detail_2024-11-01_to_2026-07-22,
12,41154906685515,41154906685515,Cloudy Bay Sauvignon Blanc,750ML,3014209,Current variant ID,1,historical_detail_2024-11-01_to_2026-07-22,
13,41154906718283,41154906718283,Dom Perignon Champagne Brut,750ML,3012320,Current variant ID,1,historical_detail_2024-11-01_to_2026-07-22,
14,41154906751051,41154906751051,Glenmorangie Lasanta 12Yr Sherry Cask,750ML,3012103,Current variant ID,1,historical_detail_2024-11-01_to_2026-07-22,
15,41154906783819,41154906783819,Glenmorangie Quinta Ruban Port 14Yrs,750ML,3012104,Current variant ID,1,historical_detail_2024-11-01_to_2026-07-22,
16,41154906816587,41154906816587,Glenmorangie 12Yrs Single Malt,750ML,3015606,Current variant ID,1,historical_detail_2024-11-01_to_2026-07-22,
17,41154906849355,41154906849355,Glenmorangie Triple Cask Single Malt,750ML,3015607,Current variant ID,1,historical_detail_2024-11-01_to_2026-07-22,
18,41154906882123,41154906882123,Chateau Les Trois Croix,750ML,3010925,Current variant ID,1,historical_detail_2024-11-01_to_2026-07-22,
19,41154906914891,41154906914891,M de Minuty Rose,750ML,3014774,Current variant ID,1,historical_detail_2024-11-01_to_2026-07-22,
20,42913416413259,41154906980427,Moet & Chandon Imperial,187ML,9034139,SKU + title,0,historical_detail_2024-11-01_to_2026-07-22,
21,41154906947659,41154906947659,Moet & Chandon Imperial,750ML,9084215,Current variant ID,1,historical_detail_2024-11-01_to_2026-07-22,
22,42913416413259,41154906980427,Moet & Chandon Brut Imperial,187ML,9034139,SKU + title,0,historical_detail_2024-11-01_to_2026-07-22,
23,41154906947659,41154906947659,Moet & Chandon Brut Imperial,750ML,9084215,Current variant ID,1,historical_detail_2024-11-01_to_2026-07-22,
24,41154907013195,41154907013195,Moet & Chandon Rose Imperial,750ML,9007420,Current variant ID,1,historical_detail_2024-11-01_to_2026-07-22,
25,41154907045963,41154907045963,Numanthia Termes,750ML,3013817,Current variant ID,1,historical_detail_2024-11-01_to_2026-07-22,
26,41154907111499,41154907111499,Skyside Pinot Noir,750ML,3015295,Current variant ID,1,historical_detail_2024-11-01_to_2026-07-22,
27,41154907144267,41154907144267,Terrazas de los Andes Malbec Altos Del Plata Mendoza,750ML,3014223,Current variant ID,1,historical_detail_2024-11-01_to_2026-07-22,
28,41154907144267,41154907144267,Altos Del Plata Mendoza Malbec,750ML,3014223,Current variant ID,1,historical_detail_2024-11-01_to_2026-07-22,
29,41154907177035,41154907177035,Altos del Plata Cabernet Sauvignon,750ML,3012656,Current variant ID,1,historical_detail_2024-11-01_to_2026-07-22,
30,41154907209803,41154907209803,Terrazas de los Andes Reserva Malbec,750ML,3012657,Current variant ID,1,historical_detail_2024-11-01_to_2026-07-22,
31,41154907242571,41154907242571,The Beach by Whispering Angel,750ML,3015601,Current variant ID,1,historical_detail_2024-11-01_to_2026-07-22,
32,41462550462539,41462550462539,Whispering Angel Rose,375ML,,Current variant ID,1,historical_detail_2024-11-01_to_2026-07-22,
33,42913416380491,41154907340875,Whispering Angel Rose,750ML,3014931,SKU + title,0,historical_detail_2024-11-01_to_2026-07-22,
34,42913416380491,42913416380491,Whispering Angel Rose,750ML,3014931,Current variant ID,1,historical_detail_2024-11-01_to_2026-07-22,
35,41154907439179,41154907439179,Woodinville Bourbon Port Cask Finish,750ML,3005011,Current variant ID,1,historical_detail_2024-11-01_to_2026-07-22,
36,41154950692939,41154950692939,Doc Swinson's 5Yrs Straight Bourbon,750ML,,Current variant ID,1,historical_detail_2024-11-01_to_2026-07-22,
37,41154950725707,41154950725707,Doc Swinson's Triple Cask Bourbon,750ML,,Current variant ID,1,historical_detail_2024-11-01_to_2026-07-22,
38,41154950758475,41154950758475,Doc Swinson's Finished In Solera Rye,750ML,,Current variant ID,1,historical_detail_2024-11-01_to_2026-07-22,
39,41154950791243,41154950791243,Faber Distilling Co. Chocolate Vodka,750ML,,Current variant ID,1,historical_detail_2024-11-01_to_2026-07-22,
40,41154950824011,41154950824011,Faber Distilling Raspberry Schnapps Liqueur,750ML,,Current variant ID,1,historical_detail_2024-11-01_to_2026-07-22,
41,41154950889547,41154950889547,Fruitful Mixology Blood Orange Liqueur,1L,,Current variant ID,1,historical_detail_2024-11-01_to_2026-07-22,
42,41154950955083,41154950955083,Fruitful Passion Fruit Liqueur,1L,,Current variant ID,1,historical_detail_2024-11-01_to_2026-07-22,
43,41154951053387,41154951053387,Madre Mezcal,750ML,,Current variant ID,1,historical_detail_2024-11-01_to_2026-07-22,
44,41154951086155,41154951086155,Peychaud's Aromatic Cocktail Bitters,10oz,,Current variant ID,1,historical_detail_2024-11-01_to_2026-07-22,
45,41318388891723,41318388891723,Regan's No. 6 Orange Bitters,10oz,,Current variant ID,1,historical_detail_2024-11-01_to_2026-07-22,
46,41154951217227,41154951217227,Zumbador Blanco Tequila 100% de Agave,750ML,,Current variant ID,1,historical_detail_2024-11-01_to_2026-07-22,
47,41154951249995,41154951249995,Zumbador Reposado Tequila 100% de Agave,750ML,,Current variant ID,1,historical_detail_2024-11-01_to_2026-07-22,
48,41318388727883,41154954756171,A&J Chardonnay,1.5L,19117,SKU + title,0,historical_detail_2024-11-01_to_2026-07-22,
49,41318388727883,41318388727883,A&J Chardonnay,1.5L,19117,Current variant ID,1,historical_detail_2024-11-01_to_2026-07-22,
50,41154954985547,41154954985547,Bar Water Vodka Loganberry,1L,,Current variant ID,1,historical_detail_2024-11-01_to_2026-07-22,
51,41154955018315,41154955018315,Bar Water Vodka Original,1L,19381,Current variant ID,1,historical_detail_2024-11-01_to_2026-07-22,
52,42913416347723,41154955083851,Bar Water Vodka Original,1.75L,19382,SKU + title,0,historical_detail_2024-11-01_to_2026-07-22,
53,42913416314955,41318388629579,Bar Water Vodka Original,375ML,19383,SKU + title,0,historical_detail_2024-11-01_to_2026-07-22,
54,42913416314955,42913416314955,Bar Water Vodka Original,375ML,19383,Current variant ID,1,historical_detail_2024-11-01_to_2026-07-22,
55,42913416347723,41318388662347,Bar Water Vodka Original,1.75L,19382,SKU + title,0,historical_detail_2024-11-01_to_2026-07-22,
56,42913416314955,41154955051083,Bar Water Vodka Original,375ML,19383,SKU + title,0,historical_detail_2024-11-01_to_2026-07-22,
57,42913416347723,42913416347723,Bar Water Vodka Original,1.75L,19382,Current variant ID,1,historical_detail_2024-11-01_to_2026-07-22,
58,41154955149387,41154955149387,Barmen 1873 Bourbon,750ML,26441,Current variant ID,1,historical_detail_2024-11-01_to_2026-07-22,
59,41154955247691,41154955247691,Brilla Delle Venezie Pinot Grigio Rose,750ML,2209,Current variant ID,1,historical_detail_2024-11-01_to_2026-07-22,
60,41154955313227,41154955313227,Brilla Prosecco Extra Dry,750ML,2122,Current variant ID,1,historical_detail_2024-11-01_to_2026-07-22,
61,41154955411531,41154955411531,Brilla Prosecco Rose Extra Dry,750ML,2120,Current variant ID,1,historical_detail_2024-11-01_to_2026-07-22,
62,41154955575371,41154955575371,Heron Eclipse Red,750ML,26054,Current variant ID,1,historical_detail_2024-11-01_to_2026-07-22,
63,41154955608139,41154955608139,Heron Hill Classic Semi Dry Riesling,750ML,26053,Current variant ID,1,historical_detail_2024-11-01_to_2026-07-22,
64,41154955640907,41154955640907,Heron Hill Winery Semi-Sweet Riesling,750ML,26052,Current variant ID,1,historical_detail_2024-11-01_to_2026-07-22,
65,41154955706443,41154955706443,Hoyser Coffee Whiskey,750ML,2150,Current variant ID,1,historical_detail_2024-11-01_to_2026-07-22,
66,41154955706443,41154955706443,Hoyser Drunken Bean Coffee Whiskey,750ML,2150,Current variant ID,1,historical_detail_2024-11-01_to_2026-07-22,
67,41154955739211,41154955739211,Killr Flavoured Whiskey,50ML,,Current variant ID,1,historical_detail_2024-11-01_to_2026-07-22,
68,41154955739211,41154955739211,Killr Kck Sour Apple Vodka,50ML,,Current variant ID,1,historical_detail_2024-11-01_to_2026-07-22,
69,41154955771979,41154955771979,Lifevine Cabernet Sauvignon,750ML,18950,Current variant ID,1,historical_detail_2024-11-01_to_2026-07-22,
70,41154955903051,41154955903051,Lifevine Pinot Noir,750ML,18953,Current variant ID,1,historical_detail_2024-11-01_to_2026-07-22,
71,41154956001355,41154956001355,Lifevine Sauvignon Blanc,750ML,19099,Current variant ID,1,historical_detail_2024-11-01_to_2026-07-22,
72,42913416249419,41318388400203,Molly's Irish Cream,50ML,18635,SKU + title,0,historical_detail_2024-11-01_to_2026-07-22,
73,42913416249419,41154956066891,Molly's Irish Cream,50ML,18635,SKU + title,0,historical_detail_2024-11-01_to_2026-07-22,
74,42913416282187,41318388432971,Molly's Irish Cream,1.75L,7054,SKU + title,0,historical_detail_2024-11-01_to_2026-07-22,
75,41154956034123,41154956034123,Molly's Irish Cream,1L,7047,Current variant ID,1,historical_detail_2024-11-01_to_2026-07-22,
76,41154956165195,41154956165195,Party Horses Flavoured Whiskey,50ML,,Current variant ID,1,historical_detail_2024-11-01_to_2026-07-22,
77,41716814118987,41154956230731,Surfside Lemonade Variety,355ML,18096,SKU,0,historical_detail_2024-11-01_to_2026-07-22,
78,41716814118987,41154956230731,Surf Lemonade Variety,355ML,18096,SKU,0,historical_detail_2024-11-01_to_2026-07-22,
79,41716814118987,41716814118987,Surfside Lemonade Variety,8pk-12oz Cans,18096,Current variant ID,1,historical_detail_2024-11-01_to_2026-07-22,
80,41716814086219,41154956296267,Surfside Tea Variety Pack,355ML,18093,SKU,0,historical_detail_2024-11-01_to_2026-07-22,
81,41716814086219,41716814086219,Surfside Tea Variety Pack,8pk-12oz Cans,18093,Current variant ID,1,historical_detail_2024-11-01_to_2026-07-22,
82,41716814086219,41154956296267,Surfside Variety Pack,355ML,18093,SKU,0,historical_detail_2024-11-01_to_2026-07-22,
83,41716814086219,41154956296267,Surf Variety Pack,355ML,18093,SKU,0,historical_detail_2024-11-01_to_2026-07-22,
84,41154968879179,41154968879179,1911 Bourborn,750ML,190007,Current variant ID,1,historical_detail_2024-11-01_to_2026-07-22,
85,41154968944715,41154968944715,1911 Straight Rye,750ML,190013,Current variant ID,1,historical_detail_2024-11-01_to_2026-07-22,
86,41154968977483,41154968977483,Beatbox Blue Razzberry,500ML,445501,Current variant ID,1,historical_detail_2024-11-01_to_2026-07-22,
87,41154969043019,41154969043019,Beatbox Fruit Punch,500ML,445504,Current variant ID,1,historical_detail_2024-11-01_to_2026-07-22,
88,41154969075787,41154969075787,Beatbox Green Apple,500ML,445511,Current variant ID,1,historical_detail_2024-11-01_to_2026-07-22,
89,41154969108555,41154969108555,BeatBox Juicy Mango,500ML,445505,Current variant ID,1,historical_detail_2024-11-01_to_2026-07-22,
90,41154969108555,41154969108555,Beatbox Peach Tea,500ML,445505,Current variant ID,1,historical_detail_2024-11-01_to_2026-07-22,
91,41154969174091,41154969174091,Beatbox Orange Blast,500ML,445516,Current variant ID,1,historical_detail_2024-11-01_to_2026-07-22,
92,41154969206859,41154969206859,Cask & Crew Rye,750ML,390151,Current variant ID,1,historical_detail_2024-11-01_to_2026-07-22,
93,41716814053451,41716814053451,Cutwater Spicy Bloody Mary Cocktail,4pk-12oz Cans,300023,Current variant ID,1,historical_detail_2024-11-01_to_2026-07-22,
94,41716814053451,41154969239627,Cutwater Spicy Bloody Mary Cocktail,12oz,300023,SKU,0,historical_detail_2024-11-01_to_2026-07-22,
95,41716814020683,41716814020683,Cutwater Espresso Martini,4pk-12oz Cans,302028,Current variant ID,1,historical_detail_2024-11-01_to_2026-07-22,
96,41716814020683,41154969305163,Cutwater Spirits Espresso Martini,12oz,302028,SKU,0,historical_detail_2024-11-01_to_2026-07-22,
97,41716813987915,41716813987915,Cutwater Vodka Transfusion,4pk-12oz Cans,,Current variant ID,1,historical_detail_2024-11-01_to_2026-07-22,
98,41716813955147,41716813955147,Cutwater Long Island Iced Tea,4pk-12oz Cans,300002,Current variant ID,1,historical_detail_2024-11-01_to_2026-07-22,
99,41716813955147,41154969370699,Cutwater Long Island Iced Tea,12oz,300002,SKU,0,historical_detail_2024-11-01_to_2026-07-22,
100,41716813922379,41716813922379,Cutwater Peppermint White Russian,4pk-12oz Cans,302072,Current variant ID,1,historical_detail_2024-11-01_to_2026-07-22,
101,41716813922379,41154969436235,Cutwater Spirits Peppermint White Russian,12oz,302072,SKU,0,historical_detail_2024-11-01_to_2026-07-22,
102,41716813922379,41154969436235,Cutwater Peppermint White Russian,12oz,302072,SKU,0,historical_detail_2024-11-01_to_2026-07-22,
103,41716813889611,41716813889611,Cutwater Bali Hai Tiki Rum Punch,4pk-12oz Cans,,Current variant ID,1,historical_detail_2024-11-01_to_2026-07-22,
104,41716813856843,41716813856843,Cutwater Lime Tequila Margarita,4pk-12oz Cans,,Current variant ID,1,historical_detail_2024-11-01_to_2026-07-22,
105,41716813824075,41716813824075,Cutwater Red White & Blue Variety,8pk-200ML Cans,301993,Current variant ID,1,historical_detail_2024-11-01_to_2026-07-22,
106,41716813824075,41154969567307,Cutwater Spirits Margarita Variety Pack,200ML,301993,SKU,0,historical_detail_2024-11-01_to_2026-07-22,
107,41716813791307,41716813791307,Cutwater Vodka Mule,4pk-12oz Cans,,Current variant ID,1,historical_detail_2024-11-01_to_2026-07-22,
108,41716813725771,41154969698379,Cutwater White Russian,12oz,300003,SKU,0,historical_detail_2024-11-01_to_2026-07-22,
109,41716813725771,41716813725771,Cutwater White Russian,4pk-12oz Cans,300003,Current variant ID,1,historical_detail_2024-11-01_to_2026-07-22,
110,41154969731147,41154969731147,Fox Run Chardonnay,750ML,209100,Current variant ID,1,historical_detail_2024-11-01_to_2026-07-22,
111,41154969829451,41154969829451,Free Run Pinot Noir,750ML,122003,Current variant ID,1,historical_detail_2024-11-01_to_2026-07-22,
112,41154969829451,41154969829451,Freedom Run Pinot Noir,750ML,122003,Current variant ID,1,historical_detail_2024-11-01_to_2026-07-22,
113,41154969862219,41154969862219,Free Run Unoaked Chardonnay,750ML,122001,Current variant ID,1,historical_detail_2024-11-01_to_2026-07-22,
114,41154969862219,41154969862219,Freedom Run Unoaked Chardonnay,750ML,122001,Current variant ID,1,historical_detail_2024-11-01_to_2026-07-22,
115,41154969894987,41154969894987,Hoshi Sake,750ML,153056,Current variant ID,1,historical_detail_2024-11-01_to_2026-07-22,
116,42913416183883,41318387810379,Mano's Wine Bills Mafia Juice Rose,750ML,202236,SKU + title,0,historical_detail_2024-11-01_to_2026-07-22,
117,42913416183883,41154969993291,Mano's Wine Bills Mafia Juice Rose,750ML,202236,SKU + title,0,historical_detail_2024-11-01_to_2026-07-22,
118,41154969960523,41154969960523,Mano's Wine Bills Mafia Juice Rose,3L,202243,Current variant ID,1,historical_detail_2024-11-01_to_2026-07-22,
119,41154970026059,41154970026059,Mano'S Hey Eycabernet Sauvignon,750ML,202242,Current variant ID,1,historical_detail_2024-11-01_to_2026-07-22,
120,41154970026059,41154970026059,Mano'S Hey Ey cabernet Sauvignon,750ML,202242,Current variant ID,1,historical_detail_2024-11-01_to_2026-07-22,
121,42913416151115,41318387777611,Merritt Estate Winery Bella Rosa,750ML,145003,SKU + title,0,historical_detail_2024-11-01_to_2026-07-22,
122,42913416151115,41154970124363,Merritt Estate Winery Bella Rosa,750ML,145003,SKU + title,0,historical_detail_2024-11-01_to_2026-07-22,
123,41154970091595,41154970091595,Merritt Estate Winery Bella Rosa,1.5L,145004,Current variant ID,1,historical_detail_2024-11-01_to_2026-07-22,
124,42913416151115,42913416151115,Merritt Estate Winery Bella Rosa,750ML,145003,Current variant ID,1,historical_detail_2024-11-01_to_2026-07-22,
125,41716813693003,41716813693003,NUTRL Cranberry Variety 8 Pack,8pk-12oz Cans,,Current variant ID,1,historical_detail_2024-11-01_to_2026-07-22,
126,41716813660235,41716813660235,NUTRL Lemonade Variety 8 Pack,8pk-12oz Cans,,Current variant ID,1,historical_detail_2024-11-01_to_2026-07-22,
127,41716813627467,41716813627467,NUTRL Fruit Variety Pack,12pk-12oz Cans,,Current variant ID,1,historical_detail_2024-11-01_to_2026-07-22,
128,41716813627467,41716813627467,NUTRL Fruit Variety 12 Pack,8pk-12oz Cans,,Current variant ID,1,historical_detail_2024-11-01_to_2026-07-22,
129,41154970288203,41154970288203,O'Reilly'S Irish Cream,1.5L,153045,Current variant ID,1,historical_detail_2024-11-01_to_2026-07-22,
130,42913416118347,41154970320971,O'Reilly'S Irish Cream,750ML,153044,SKU + title,0,historical_detail_2024-11-01_to_2026-07-22,
131,42913416118347,41318387744843,O'Reilly'S Irish Cream,750ML,153044,SKU + title,0,historical_detail_2024-11-01_to_2026-07-22,
132,42913416085579,41318387712075,Recipe 21 Blended Whiskey,375ML,170986,SKU + title,0,historical_detail_2024-11-01_to_2026-07-22,
133,42913416052811,41318387679307,Recipe 21 Blended Whiskey,1L,170982,SKU + title,0,historical_detail_2024-11-01_to_2026-07-22,
134,41154970386507,41154970386507,Recipe 21 Blended Whiskey,1.75L,170985,Current variant ID,1,historical_detail_2024-11-01_to_2026-07-22,
135,41154970484811,41154970484811,Recipe 21 Cherry Vodka,1.75L,170976,Current variant ID,1,historical_detail_2024-11-01_to_2026-07-22,
136,42913415987275,41318387646539,Recipe 21 Cherry Vodka,1L,170979,SKU + title,0,historical_detail_2024-11-01_to_2026-07-22,
137,42913415987275,41154970517579,Recipe 21 Premium Cherry Flavored Vodka,1L,170979,SKU + title,0,historical_detail_2024-11-01_to_2026-07-22,
138,42913415954507,41318387613771,Recipe21 Grape,1L,170975,SKU + title,0,historical_detail_2024-11-01_to_2026-07-22,
139,41154970550347,41154970550347,Recipe 21 Grape,1.75L,170971,Current variant ID,1,historical_detail_2024-11-01_to_2026-07-22,
140,42913415954507,41318387613771,Recipe 21 Grape,1L,170975,SKU + title,0,historical_detail_2024-11-01_to_2026-07-22,
141,41154970550347,41154970550347,Recipe21 Grape,1.75L,170971,Current variant ID,1,historical_detail_2024-11-01_to_2026-07-22,
142,42913415954507,41154970583115,Recipe21 Grape,1L,170975,SKU + title,0,historical_detail_2024-11-01_to_2026-07-22,
143,42913415921739,41318387581003,Recipe 21 Orange Vodka,1L,170980,SKU + title,0,historical_detail_2024-11-01_to_2026-07-22,
144,41154970648651,41154970648651,Recipe 21 Orange Flavored Vodka,1.75L,170981,Current variant ID,1,historical_detail_2024-11-01_to_2026-07-22,
145,41154970648651,41154970648651,Recipe 21 Orange Vodka,1.75L,170981,Current variant ID,1,historical_detail_2024-11-01_to_2026-07-22,
146,42913415921739,41154970681419,Recipe 21 Orange Flavored Vodka,1L,170980,SKU + title,0,historical_detail_2024-11-01_to_2026-07-22,
147,41154970714187,41154970714187,Recipe 21 Peach Schnapps,1L,170910,Current variant ID,1,historical_detail_2024-11-01_to_2026-07-22,
148,41154970714187,41154970714187,Recipe21 Peach Schnapps,1L,170910,Current variant ID,1,historical_detail_2024-11-01_to_2026-07-22,
149,41154970746955,41154970746955,Recipe 21 Premium Raspberry Flavored Vodka,1.75L,170969,Current variant ID,1,historical_detail_2024-11-01_to_2026-07-22,
150,42913415888971,41318387548235,Recipe 21 Raspberry Vodka,1L,170968,SKU + title,0,historical_detail_2024-11-01_to_2026-07-22,
151,41154970746955,41154970746955,Recipe 21 Raspberry Vodka,1.75L,170969,Current variant ID,1,historical_detail_2024-11-01_to_2026-07-22,
152,42913415888971,41154970779723,Recipe 21 Premium Raspberry Flavored Vodka,1L,170968,SKU + title,0,historical_detail_2024-11-01_to_2026-07-22,
153,41154970845259,41154970845259,Recipe 21 Triple Sec,1L,170915,Current variant ID,1,historical_detail_2024-11-01_to_2026-07-22,
154,41318387515467,41154970976331,Recipe 21 Premium Vodka,50ML,170955,SKU + title,0,historical_detail_2024-11-01_to_2026-07-22,
155,41318387515467,41318387515467,Recipe 21 Premium Vodka,50ML,170955,Current variant ID,1,historical_detail_2024-11-01_to_2026-07-22,
156,42913415790667,41154970878027,Recipe 21 Premium Vodka,1L,170960,SKU + title,0,historical_detail_2024-11-01_to_2026-07-22,
157,42913415823435,41154970910795,Recipe 21 Premium Vodka,1.75L,170970,SKU + title,0,historical_detail_2024-11-01_to_2026-07-22,
158,42913415757899,41318387482699,Recipe 21 Premium Vodka,375ML,170965,SKU + title,0,historical_detail_2024-11-01_to_2026-07-22,
159,42913415823435,41318387449931,Recipe 21 Premium Vodka,1.75L,170970,SKU + title,0,historical_detail_2024-11-01_to_2026-07-22,
160,42913415757899,42913415757899,Recipe 21 Premium Vodka,375ML,170965,Current variant ID,1,historical_detail_2024-11-01_to_2026-07-22,
161,42913415790667,42913415790667,Recipe 21 Premium Vodka,1L,170960,Current variant ID,1,historical_detail_2024-11-01_to_2026-07-22,
162,42913415823435,42913415823435,Recipe 21 Premium Vodka,1.75L,170970,Current variant ID,1,historical_detail_2024-11-01_to_2026-07-22,
163,42913415757899,41154970943563,Recipe 21 Premium Vodka,375ML,170965,SKU + title,0,historical_detail_2024-11-01_to_2026-07-22,
164,41716813594699,41154971041867,Sandbagger Variety 8Pk,12oz,202554,SKU,0,historical_detail_2024-11-01_to_2026-07-22,
165,41716813594699,41716813594699,Sandbagger Variety 8Pk,8pk-12oz Cans,202554,Current variant ID,1,historical_detail_2024-11-01_to_2026-07-22,
166,41716813561931,41716813561931,Sandbagger Vodka Transfusion,4pk-12oz Cans,,Current variant ID,1,historical_detail_2024-11-01_to_2026-07-22,
167,41716813529163,41716813529163,Sunny D Vodka Seltzer,4pk-12oz Cans,400000,Current variant ID,1,historical_detail_2024-11-01_to_2026-07-22,
168,41716813529163,41154971140171,Sunny D Vodka Seltzer,4 Pack,400000,SKU,0,historical_detail_2024-11-01_to_2026-07-22,
169,41716813496395,41154971271243,Togronis Negroni,100ML,125100,SKU,0,historical_detail_2024-11-01_to_2026-07-22,
170,41716813496395,41716813496395,Togronis Negroni,4plk-100ML Cans,125100,Current variant ID,1,historical_detail_2024-11-01_to_2026-07-22,
171,41318387384395,41318387384395,Windsor Blended,1L,153034,Current variant ID,1,historical_detail_2024-11-01_to_2026-07-22,
172,42913415725131,41318387417163,Windsor Blended,375ML,153037,SKU + title,0,historical_detail_2024-11-01_to_2026-07-22,
173,41156898685003,41156898685003,2XO American Oak Bourbon,750ML,,Current variant ID,1,historical_detail_2024-11-01_to_2026-07-22,
174,41156898685003,41156898685003,2XO The Tribute Blend Kentucky Straight,750ML,,Current variant ID,1,historical_detail_2024-11-01_to_2026-07-22,
175,41156898717771,41156898717771,Artesano Malbec White,750ML,,Current variant ID,1,historical_detail_2024-11-01_to_2026-07-22,
176,41156898816075,41156898816075,Bear Fight Kentucky Reserve Straight Bourbon,750ML,,Current variant ID,1,historical_detail_2024-11-01_to_2026-07-22,
177,41156898848843,41156898848843,BioKult Naken Skin Fermented Wine,750ML,,Current variant ID,1,historical_detail_2024-11-01_to_2026-07-22,
178,41156898881611,41156898881611,Black Stallion Cabernet Sauvignon North Coast,750ML,,Current variant ID,1,historical_detail_2024-11-01_to_2026-07-22,
179,41156898881611,41156898881611,Black Stallion Cabernet Sauvignon Napa Valley,750ML,,Current variant ID,1,historical_detail_2024-11-01_to_2026-07-22,
180,41156898914379,41156898914379,Boissiere Extra Dry Vermouth,1L,,Current variant ID,1,historical_detail_2024-11-01_to_2026-07-22,
181,41156898947147,41156898947147,Boissiere Sweet Red Vermouth,1L,,Current variant ID,1,historical_detail_2024-11-01_to_2026-07-22,
182,41156898979915,41156898979915,Bota Box Breeze Cabernet Sauvignon,3L,,Current variant ID,1,historical_detail_2024-11-01_to_2026-07-22,
183,41156899012683,41156899012683,Bota Box Breeze Chardonnay,3L,,Current variant ID,1,historical_detail_2024-11-01_to_2026-07-22,
184,41156899045451,41156899045451,Bota Box Breeze Pinot Grigio,3L,,Current variant ID,1,historical_detail_2024-11-01_to_2026-07-22,
185,41156899078219,41156899078219,Bota Box Cabernet Sauvignon California,3L,,Current variant ID,1,historical_detail_2024-11-01_to_2026-07-22,
186,42913415659595,41318387286091,Bota Box Chardonnay,3L,,Product ID + title,0,historical_detail_2024-11-01_to_2026-07-22,
187,42913415659595,41156899143755,Bota Box Chardonnay,3L,,Product ID + title,0,historical_detail_2024-11-01_to_2026-07-22,
188,41156899110987,41156899110987,Bota Box Chardonnay,500ML,,Current variant ID,1,historical_detail_2024-11-01_to_2026-07-22,
189,41156899209291,41156899209291,Bota Box Merlot,3L,,Current variant ID,1,historical_detail_2024-11-01_to_2026-07-22,
190,41156899242059,41156899242059,Bota Box Nighthawk Bourbon Barrel Cabernet Sauvignon,3L,,Current variant ID,1,historical_detail_2024-11-01_to_2026-07-22,
191,41156899242059,41156899242059,Bota Box Nighthawk Cabernet Sauvignon,3L,,Current variant ID,1,historical_detail_2024-11-01_to_2026-07-22,
192,41156899274827,41156899274827,Bota Box Nighthawk Bold Cabernet Sauvignon,3L,,Current variant ID,1,historical_detail_2024-11-01_to_2026-07-22,
193,41156899307595,41156899307595,Bota Box Nighthawk Black Dark Malbec,3L,,Current variant ID,1,historical_detail_2024-11-01_to_2026-07-22,
194,41156899340363,41156899340363,Bota Box Nighthawk Red Blend,3L,,Current variant ID,1,historical_detail_2024-11-01_to_2026-07-22,
195,41156899373131,41156899373131,Bota Box Nighthawk Gold Buttery Chardonnay,3L,,Current variant ID,1,historical_detail_2024-11-01_to_2026-07-22,
196,41156899405899,41156899405899,Bota Box Old Vine Zinfandel,3L,,Current variant ID,1,historical_detail_2024-11-01_to_2026-07-22,
197,41156899438667,41156899438667,Bota Box Pinot Grigio,500ML,,Current variant ID,1,historical_detail_2024-11-01_to_2026-07-22,
198,42913415594059,42913415594059,Bota Box Pinot Grigio,3L,,Current variant ID,1,historical_detail_2024-11-01_to_2026-07-22,
199,42913415594059,41156899471435,Bota Box Pinot Grigio,3L,,Product ID + title,0,historical_detail_2024-11-01_to_2026-07-22,
200,42913415594059,41318387253323,Bota Box Pinot Grigio,3L,,Product ID + title,0,historical_detail_2024-11-01_to_2026-07-22,
201,41156899504203,41156899504203,Bota Box Pinot Noir,3L,,Current variant ID,1,historical_detail_2024-11-01_to_2026-07-22,
202,41156899536971,41156899536971,Bota Box Redvolution,500ML,,Current variant ID,1,historical_detail_2024-11-01_to_2026-07-22,
203,42913415561291,41156899569739,Bota Box Redvolution,3L,,Product ID + title,0,historical_detail_2024-11-01_to_2026-07-22,
204,42913415561291,41318387220555,Bota Box Redvolution,3L,,Product ID + title,0,historical_detail_2024-11-01_to_2026-07-22,
205,41156899602507,41156899602507,Bota Box Riesling,3L,,Current variant ID,1,historical_detail_2024-11-01_to_2026-07-22,
206,42913415528523,41156899668043,Bota Box Sauvignon Blanc,3L,,Product ID + title,0,historical_detail_2024-11-01_to_2026-07-22,
207,42913415528523,41318387187787,Bota Box Sauvignon Blanc,3L,,Product ID + title,0,historical_detail_2024-11-01_to_2026-07-22,
208,42913415528523,42913415528523,Bota Box Sauvignon Blanc,3L,,Current variant ID,1,historical_detail_2024-11-01_to_2026-07-22,
209,41156899635275,41156899635275,Bota Box Sauvignon Blanc,500ML,,Current variant ID,1,historical_detail_2024-11-01_to_2026-07-22,
210,41156899733579,41156899733579,Bread & Butter Chardonnay,750ML,,Current variant ID,1,historical_detail_2024-11-01_to_2026-07-22,
211,41156899766347,41156899766347,Bread & Butter Merlot,750ML,,Current variant ID,1,historical_detail_2024-11-01_to_2026-07-22,
212,41156899799115,41156899799115,Bread & Butter Pinot Noir,750ML,,Current variant ID,1,historical_detail_2024-11-01_to_2026-07-22,
213,41156899831883,41156899831883,Breckenridge Distillery Gin,750ML,,Current variant ID,1,historical_detail_2024-11-01_to_2026-07-22,
214,41156899864651,41156899864651,Breckenridge Distillery Imperial Stout Cask Finish,750ML,,Current variant ID,1,historical_detail_2024-11-01_to_2026-07-22,
215,41156899962955,41156899962955,Buena Vista Cabernet Sauvignon Napa Valley,750ML,,Current variant ID,1,historical_detail_2024-11-01_to_2026-07-22,
216,41156899995723,41156899995723,Butternut Chardonnay,750ML,,Current variant ID,1,historical_detail_2024-11-01_to_2026-07-22,
217,41156900028491,41156900028491,Butternut Pinot Noir,750ML,,Current variant ID,1,historical_detail_2024-11-01_to_2026-07-22,
218,41156900061259,41156900061259,Canard-Duchene Brut,750ML,,Current variant ID,1,historical_detail_2024-11-01_to_2026-07-22,
219,41156900094027,41156900094027,Cannonball Cabernet Sauvignon California,750ML,,Current variant ID,1,historical_detail_2024-11-01_to_2026-07-22,
220,41156900159563,41156900159563,Caparzo Rosso di Montalcino,750ML,,Current variant ID,1,historical_detail_2024-11-01_to_2026-07-22,
221,41156900192331,41156900192331,Caparzo Toscana Sangiovese,750ML,,Current variant ID,1,historical_detail_2024-11-01_to_2026-07-22,
222,41156900225099,41156900225099,Carpineto Brunello di Montalcino,750ML,,Current variant ID,1,historical_detail_2024-11-01_to_2026-07-22,
223,41156900257867,41156900257867,Carpineto Toscana Dogajolo Rosso,750ML,,Current variant ID,1,historical_detail_2024-11-01_to_2026-07-22,
224,41156900323403,41156900323403,Casa Azul Organic Reposado Tequila,750ML,,Current variant ID,1,historical_detail_2024-11-01_to_2026-07-22,
225,42913415495755,41318386827339,Cavit Pinot Grigio,1.5L,,Product ID + title,0,historical_detail_2024-11-01_to_2026-07-22,
226,41156900388939,41156900388939,Cavit Pinot Grigio,750ML,,Current variant ID,1,historical_detail_2024-11-01_to_2026-07-22,
227,42913415495755,41156900421707,Cavit Pinot Grigio delle Venezie DOC,1.5L,,Product ID + title,0,historical_detail_2024-11-01_to_2026-07-22,
228,42913415495755,41318386827339,Cavit Pinot Grigio delle Venezie DOC,1.5L,,Product ID + title,0,historical_detail_2024-11-01_to_2026-07-22,
229,41156900388939,41156900388939,Cavit Pinot Grigio delle Venezie DOC,750ML,,Current variant ID,1,historical_detail_2024-11-01_to_2026-07-22,
230,41156900454475,41156900454475,Dead Rabbit Irish Whiskey,750ML,,Current variant ID,1,historical_detail_2024-11-01_to_2026-07-22,
231,41156900487243,41156900487243,Decoy Cabernet Sauvignon California,750ML,,Current variant ID,1,historical_detail_2024-11-01_to_2026-07-22,
232,41156900487243,41156900487243,Decoy Cabernet Sauvignon,750ML,,Current variant ID,1,historical_detail_2024-11-01_to_2026-07-22,
233,41156900520011,41156900520011,Decoy Chardonnay California,750ML,,Current variant ID,1,historical_detail_2024-11-01_to_2026-07-22,
234,41156900552779,41156900552779,Decoy Limited Cabernet Sauvignon,750ML,,Current variant ID,1,historical_detail_2024-11-01_to_2026-07-22,
235,41156900552779,41156900552779,Decoy Limited Cabernet Sauvignon Alexander Valley,750ML,,Current variant ID,1,historical_detail_2024-11-01_to_2026-07-22,
236,41156900585547,41156900585547,Decoy Limited Pinot Noir Sonoma Coast,750ML,,Current variant ID,1,historical_detail_2024-11-01_to_2026-07-22,
237,41156900618315,41156900618315,Decoy Pinot Noir California,750ML,,Current variant ID,1,historical_detail_2024-11-01_to_2026-07-22,
238,41716813463627,41716813463627,DIO Grapefruit Basil Paloma,4pk-200ML Cans,,Current variant ID,1,historical_detail_2024-11-01_to_2026-07-22,
239,41156900716619,41156900716619,Domaine Bousquet Virgen Malbec,750ML,,Current variant ID,1,historical_detail_2024-11-01_to_2026-07-22,
240,41156900716619,41156900716619,Virgen Organic Tupungato Malbec,750ML,,Current variant ID,1,historical_detail_2024-11-01_to_2026-07-22,
241,41156900749387,41156900749387,Dorda Coconut Liqueur,750ML,,Current variant ID,1,historical_detail_2024-11-01_to_2026-07-22,
242,41156900782155,41156900782155,Dorda Double Chocolate Liqueur,750ML,,Current variant ID,1,historical_detail_2024-11-01_to_2026-07-22,
243,41156900814923,41156900814923,Dos Maderas PX 5+5 Triple Aged Rum,750ML,,Current variant ID,1,historical_detail_2024-11-01_to_2026-07-22,
244,41156900847691,41156900847691,Drumshanbo Gunpowder Irish Gin,50ML,,Current variant ID,1,historical_detail_2024-11-01_to_2026-07-22,
245,41156900880459,41156900880459,Drumshanbo Gunpowder,750ML,,Current variant ID,1,historical_detail_2024-11-01_to_2026-07-22,
246,41156900880459,41156900880459,Drumshanbo Gunpowder Irish Gin (Dragon Edition),750ML,,Current variant ID,1,historical_detail_2024-11-01_to_2026-07-22,
247,41156900880459,41156900880459,Drumshanbo Gunpowder (Year Of The Dragon),750ML,,Current variant ID,1,historical_detail_2024-11-01_to_2026-07-22,
248,42913415462987,41156900978763,Drumshanbo Gunpowder Orange Citrus Gin,750ML,,Product ID + title,0,historical_detail_2024-11-01_to_2026-07-22,
249,41156900945995,41156900945995,Drumshanbo Gunpowder Orange Citrus Gin,50ML,,Current variant ID,1,historical_detail_2024-11-01_to_2026-07-22,
250,41156901011531,41156901011531,Drumshanbo Gunpowder Sardinian Gin,50ML,,Current variant ID,1,historical_detail_2024-11-01_to_2026-07-22,
251,42913415430219,41156901044299,Drumshanbo Gunpowder Sardinian Gin,750ML,,Product ID + title,0,historical_detail_2024-11-01_to_2026-07-22,
252,41156901077067,41156901077067,Duckhorn Vineyards Merlot Napa Valley,750ML,,Current variant ID,1,historical_detail_2024-11-01_to_2026-07-22,
253,41156901142603,41156901142603,Educated Guess Cabernet Sauvignon,750ML,,Current variant ID,1,historical_detail_2024-11-01_to_2026-07-22,
254,41156901175371,41156901175371,El Coto Blanco Rioja DOCa,750ML,,Current variant ID,1,historical_detail_2024-11-01_to_2026-07-22,
255,41156901208139,41156901208139,El Coto Crianza Rioja DOCa,750ML,,Current variant ID,1,historical_detail_2024-11-01_to_2026-07-22,
256,41156901240907,41156901240907,Four Roses Single Barrel Bourbon,750ML,,Current variant ID,1,historical_detail_2024-11-01_to_2026-07-22,
257,41156901273675,41156901273675,Four Roses Small Batch Bourbon,50ML,,Current variant ID,1,historical_detail_2024-11-01_to_2026-07-22,
258,42913415397451,41318386729035,Four Roses Small Batch Bourbon,750ML,,Product ID + title,0,historical_detail_2024-11-01_to_2026-07-22,
259,42913415397451,41156901306443,Four Roses Small Batch Bourbon,750ML,,Product ID + title,0,historical_detail_2024-11-01_to_2026-07-22,
260,41156901339211,41156901339211,Four Roses Small Batch Bourbon Gift Pack,750ML,,Current variant ID,1,historical_detail_2024-11-01_to_2026-07-22,
261,42913415364683,41156901437515,Four Roses Kentucky Straight Bourbon,1.75L,,Product ID + title,0,historical_detail_2024-11-01_to_2026-07-22,
262,42913415364683,41156901437515,Four Roses Small Batch Kentucky Straight Bourbon Whisky (with Ice Molds),1.75L,,Product ID + title,0,historical_detail_2024-11-01_to_2026-07-22,
263,42913415331915,42913415331915,Four Roses Kentucky Straight Bourbon,750ML,,Current variant ID,1,historical_detail_2024-11-01_to_2026-07-22,
264,41156901371979,41156901371979,Four Roses Kentucky Straight Bourbon,1L,,Current variant ID,1,historical_detail_2024-11-01_to_2026-07-22,
265,42913415331915,41156901404747,Four Roses Kentucky Straight Bourbon,750ML,,Product ID + title,0,historical_detail_2024-11-01_to_2026-07-22,
266,42913415299147,41194000384075,Four Roses Small Batch Select Bourbon,50ML,,Product ID + title,0,historical_detail_2024-11-01_to_2026-07-22,
267,41156901470283,41156901470283,Four Roses Small Batch Select Bourbon,750ML,,Current variant ID,1,historical_detail_2024-11-01_to_2026-07-22,
268,42913415299147,41318386696267,Four Roses Small Batch Select Bourbon,50ML,,Product ID + title,0,historical_detail_2024-11-01_to_2026-07-22,
269,41156901503051,41156901503051,Francis Ford Coppola Diamond Collection Black Label Claret,750ML,,Current variant ID,1,historical_detail_2024-11-01_to_2026-07-22,
270,41156901503051,41156901503051,Coppola Diamond Collection Black Label Claret,750ML,,Current variant ID,1,historical_detail_2024-11-01_to_2026-07-22,
271,41156901535819,41156901535819,Coppola Diamond Collection Chardonnay,750ML,,Current variant ID,1,historical_detail_2024-11-01_to_2026-07-22,
272,41156901568587,41156901568587,Francis Ford Coppola Diamond Collection Paso Robles Cabernet Sauvignon,750ML,,Current variant ID,1,historical_detail_2024-11-01_to_2026-07-22,
273,41156901568587,41156901568587,Coppola Diamond Paso Robles Cabernet Sauvignon,750ML,,Current variant ID,1,historical_detail_2024-11-01_to_2026-07-22,
274,41156901601355,41156901601355,Coppola Diamond Collection Pinot Noir,750ML,,Current variant ID,1,historical_detail_2024-11-01_to_2026-07-22,
275,41156901634123,41156901634123,Freakshow Cabernet Savignon,750ML,,Current variant ID,1,historical_detail_2024-11-01_to_2026-07-22,
276,41156901666891,41156901666891,FUYU Small Batch Japanese Mizunara,700ML,,Current variant ID,1,historical_detail_2024-11-01_to_2026-07-22,
277,41156901699659,41156901699659,Gnarly Head Cabernet Sauvignon,750ML,,Current variant ID,1,historical_detail_2024-11-01_to_2026-07-22,
278,41156901732427,41156901732427,Gnarly Head Zinfandel Old Vine Lodi,750ML,,Current variant ID,1,historical_detail_2024-11-01_to_2026-07-22,
279,42913415266379,41156901797963,Gozio Amaretto,750ML,,Product ID + title,0,historical_detail_2024-11-01_to_2026-07-22,
280,42913415266379,41318386663499,Gozio Amaretto,750ML,,Product ID + title,0,historical_detail_2024-11-01_to_2026-07-22,
281,41156901765195,41156901765195,Gozio Amaretto,375ML,,Current variant ID,1,historical_detail_2024-11-01_to_2026-07-22,
282,41156901830731,41156901830731,Honoro Vera Rioja Tempranillo,750ML,,Current variant ID,1,historical_detail_2024-11-01_to_2026-07-22,
283,41156901863499,41156901863499,Iceberg Canadian Vodka,750ML,,Current variant ID,1,historical_detail_2024-11-01_to_2026-07-22,
284,41156901896267,41156901896267,Jackson Morgan Peppermint Mocha,750ML,,Current variant ID,1,historical_detail_2024-11-01_to_2026-07-22,
285,41156901929035,41156901929035,Jackson Morgan Salted Caramel,750ML,,Current variant ID,1,historical_detail_2024-11-01_to_2026-07-22,
286,41156901961803,41156901961803,Kentucky Peerless Small Batch Rye,750ML,,Current variant ID,1,historical_detail_2024-11-01_to_2026-07-22,
287,41156901994571,41156901994571,La Vieille Ferme Sparkling Reserve Rose,750ML,,Current variant ID,1,historical_detail_2024-11-01_to_2026-07-22,
288,41156902027339,41156902027339,La Vieille Ferme Ventoux Rouge,750ML,,Current variant ID,1,historical_detail_2024-11-01_to_2026-07-22,
289,41156902060107,41156902060107,Lalo Blanco Tequila,750ML,,Current variant ID,1,historical_detail_2024-11-01_to_2026-07-22,
290,41156902092875,41156902092875,LaLuca Prosecco,750ML,,Current variant ID,1,historical_detail_2024-11-01_to_2026-07-22,
291,41156902125643,41156902125643,LaLuca Prosecco Rose,750ML,,Current variant ID,1,historical_detail_2024-11-01_to_2026-07-22,
292,41156902158411,41156902158411,Liberty School Cabernet Sauvignon,750ML,,Current variant ID,1,historical_detail_2024-11-01_to_2026-07-22,
293,41156902223947,41156902223947,Meletti Amaro,750ML,,Current variant ID,1,historical_detail_2024-11-01_to_2026-07-22,
294,41156902256715,41156902256715,Merrys Irish Cream,750ML,,Current variant ID,1,historical_detail_2024-11-01_to_2026-07-22,
295,42913415233611,41318386401355,Merrys Irish Cream,1.75L,,Product ID + title,0,historical_detail_2024-11-01_to_2026-07-22,
296,42913415233611,41156902289483,Merrys Irish Cream,1.75L,,Product ID + title,0,historical_detail_2024-11-01_to_2026-07-22,
297,41716813365323,41716813365323,Minute Maid Spiked Pina Colada,4pk-200ML Cans,,Current variant ID,1,historical_detail_2024-11-01_to_2026-07-22,
298,41716813332555,41716813332555,Minute Maid Spiked Strawberry Daiquiri,4pk-200ML Cans,,Current variant ID,1,historical_detail_2024-11-01_to_2026-07-22,
299,41156902420555,41156902420555,Mon Frere Vintner's Chardonnay,750ML,,Current variant ID,1,historical_detail_2024-11-01_to_2026-07-22,
300,41156902453323,41156902453323,Mount Fishtail Sauvignon Blanc,750ML,,Current variant ID,1,historical_detail_2024-11-01_to_2026-07-22,
301,41156902453323,41156902453323,Mount Fishtail Wines Sauvignon Blanc Marlborough,750ML,,Current variant ID,1,historical_detail_2024-11-01_to_2026-07-22,
302,41156902617163,41156902617163,Noble Vines Chardonnay 446 Monterey,750ML,,Current variant ID,1,historical_detail_2024-11-01_to_2026-07-22,
303,41156902649931,41156902649931,Noble Vines Pinot Noir 667 Monterey,750ML,,Current variant ID,1,historical_detail_2024-11-01_to_2026-07-22,
304,41156902682699,41156902682699,Nue Vodka Original,1.75L,,Current variant ID,1,historical_detail_2024-11-01_to_2026-07-22,
305,42913415168075,41318386368587,Nue Vodka Original,1L,,Product ID + title,0,historical_detail_2024-11-01_to_2026-07-22,
306,41156902715467,41156902715467,Portillo Malbec,750ML,,Current variant ID,1,historical_detail_2024-11-01_to_2026-07-22,
307,41156902748235,41156902748235,Post Meridiem Cosmopolitan,100ML,,Current variant ID,1,historical_detail_2024-11-01_to_2026-07-22,
308,41156902781003,41156902781003,Post Meridiem Spirit Co. Espresso Martini,100ML,,Current variant ID,1,historical_detail_2024-11-01_to_2026-07-22,
309,41156902813771,41156902813771,Post Meridiem Spirit Co. Southside,100ML,,Current variant ID,1,historical_detail_2024-11-01_to_2026-07-22,
310,41156902846539,41156902846539,Post Meridiem The Double Old Fashioned,100ML,,Current variant ID,1,historical_detail_2024-11-01_to_2026-07-22,
311,41156902879307,41156902879307,Prima Perla Prosecco di Treviso,750ML,,Current variant ID,1,historical_detail_2024-11-01_to_2026-07-22,
312,41156902912075,41156902912075,Rebel Kentucky Straight Bourbon 100 Proof,750ML,,Current variant ID,1,historical_detail_2024-11-01_to_2026-07-22,
313,41156903010379,41156903010379,Risata Moscato d'Asti,750ML,,Current variant ID,1,historical_detail_2024-11-01_to_2026-07-22,
314,41156903043147,41156903043147,Rocca delle Macie Chianti Classico,750ML,,Current variant ID,1,historical_detail_2024-11-01_to_2026-07-22,
315,41156903075915,41156903075915,Roscato Moscato Trevenezie,750ML,,Current variant ID,1,historical_detail_2024-11-01_to_2026-07-22,
316,41156903075915,41156903075915,Roscato Moscato,750ML,,Current variant ID,1,historical_detail_2024-11-01_to_2026-07-22,
317,42913415135307,41268132118603,Roscato Rosso Dolce,1.5L,,Product ID + title,0,historical_detail_2024-11-01_to_2026-07-22,
318,42913415135307,41318386303051,Roscato Rosso Dolce,1.5L,,Product ID + title,0,historical_detail_2024-11-01_to_2026-07-22,
319,41156903108683,41156903108683,Roscato Rosso Dolce,750ML,,Current variant ID,1,historical_detail_2024-11-01_to_2026-07-22,
320,41156903141451,41156903141451,Saint Brendan's Irish Cream,750ML,,Current variant ID,1,historical_detail_2024-11-01_to_2026-07-22,
321,42913415102539,41836514672715,Schmitt Sohne Relax Riesling,3L,,Product ID + title,0,historical_detail_2024-11-01_to_2026-07-22,
322,42913415069771,41156903206987,Schmitt Sohne Relax Riesling,1.5L,,Product ID + title,0,historical_detail_2024-11-01_to_2026-07-22,
323,42913415069771,42913415069771,Schmitt Sohne Relax Riesling,1.5L,,Current variant ID,1,historical_detail_2024-11-01_to_2026-07-22,
324,42913415069771,41318386270283,Schmitt Sohne Relax Riesling,1.5L,,Product ID + title,0,historical_detail_2024-11-01_to_2026-07-22,
325,41156903174219,41156903174219,Schmitt Sohne Relax Riesling,750ML,,Current variant ID,1,historical_detail_2024-11-01_to_2026-07-22,
326,41156903239755,41156903239755,Sonoma-Cutrer Russian River Ranches Chardonnay,750ML,,Current variant ID,1,historical_detail_2024-11-01_to_2026-07-22,
327,41156903305291,41156903305291,Stella Rosa Black,750ML,,Current variant ID,1,historical_detail_2024-11-01_to_2026-07-22,
328,41156903338059,41156903338059,Stella Rosa Black Cherry,750ML,,Current variant ID,1,historical_detail_2024-11-01_to_2026-07-22,
329,41156903370827,41156903370827,Stella Rosa Blackberry,750ML,,Current variant ID,1,historical_detail_2024-11-01_to_2026-07-22,
330,41156903403595,41156903403595,Stella Rosa Cranberry,750ML,,Current variant ID,1,historical_detail_2024-11-01_to_2026-07-22,
331,41156903436363,41156903436363,Stella Rosa Pineapple,750ML,,Current variant ID,1,historical_detail_2024-11-01_to_2026-07-22,
332,41156903469131,41156903469131,Stella Rosa Stella Peach,750ML,,Current variant ID,1,historical_detail_2024-11-01_to_2026-07-22,
333,41156903534667,41156903534667,Stella Rosa Tropical Mango,750ML,,Current variant ID,1,historical_detail_2024-11-01_to_2026-07-22,
334,41156903567435,41156903567435,Stoneleigh Classic Sauvignon Blanc,750ML,,Current variant ID,1,historical_detail_2024-11-01_to_2026-07-22,
335,41156903600203,41156903600203,The Icon Rock Red Blend Mendoza,750ML,,Current variant ID,1,historical_detail_2024-11-01_to_2026-07-22,
336,41156903632971,41156903632971,The Macallan Double Cask 12 Year Old,750ML,,Current variant ID,1,historical_detail_2024-11-01_to_2026-07-22,
337,41156903665739,41156903665739,The Macallan Double Cask 15 Year Old,750ML,,Current variant ID,1,historical_detail_2024-11-01_to_2026-07-22,
338,41156903796811,41156903796811,The Macallan Sherry Oak 12 Year Old,750ML,,Current variant ID,1,historical_detail_2024-11-01_to_2026-07-22,
339,41156903829579,41156903829579,The Macallan Sherry Oak 18 Year Old,750ML,,Current variant ID,1,historical_detail_2024-11-01_to_2026-07-22,
340,41156903862347,41156903862347,Tullibardine 12Yrs,750ML,,Current variant ID,1,historical_detail_2024-11-01_to_2026-07-22,
341,41156903895115,41156903895115,Umberto Cesari Sangiovese Riserva,750ML,,Current variant ID,1,historical_detail_2024-11-01_to_2026-07-22,
342,41156903927883,41156903927883,Underwood Cellars Pinot Noir,750ML,,Current variant ID,1,historical_detail_2024-11-01_to_2026-07-22,
343,41156903960651,41156903960651,Wagner Vineyards Unoaked Chardonany,750ML,,Current variant ID,1,historical_detail_2024-11-01_to_2026-07-22,
344,41156903993419,41156903993419,Warre's Fine Bottled Aged Port,750ML,,Current variant ID,1,historical_detail_2024-11-01_to_2026-07-22,
345,41156903993419,41156903993419,Warre's Fine White Port,750ML,,Current variant ID,1,historical_detail_2024-11-01_to_2026-07-22,
346,41156904026187,41156904026187,Warre's King's Tawny Port,750ML,,Current variant ID,1,historical_detail_2024-11-01_to_2026-07-22,
347,41156904058955,41156904058955,Warre's Warrior Finest Reserve Port,750ML,,Current variant ID,1,historical_detail_2024-11-01_to_2026-07-22,
348,41156904091723,41156904091723,White Claw Spirits Black Cherry Flavored Vodka,750ML,,Current variant ID,1,historical_detail_2024-11-01_to_2026-07-22,
349,41156904124491,41156904124491,White Claw Spirits Mango Flavored Vodka,750ML,,Current variant ID,1,historical_detail_2024-11-01_to_2026-07-22,
350,41156904157259,41156904157259,White Claw Spirits Pineapple Flavored Vodka,750ML,,Current variant ID,1,historical_detail_2024-11-01_to_2026-07-22,
351,41156904190027,41156904190027,White Claw Spirits Premium Vodka,750ML,,Current variant ID,1,historical_detail_2024-11-01_to_2026-07-22,
352,41156904222795,41156904222795,Yealands Sauvignon Blanc,750ML,,Current variant ID,1,historical_detail_2024-11-01_to_2026-07-22,
353,41156904255563,41156904255563,Yellowstone Select Kentucky Straight Bourbon,750ML,,Current variant ID,1,historical_detail_2024-11-01_to_2026-07-22,
354,41157194743883,41157194743883,21 Seeds Tequila Cucumber Jalapeno,750ML,,Current variant ID,1,historical_detail_2024-11-01_to_2026-07-22,
355,41157194776651,41157194776651,21 Seeds Tequila Grapefruit Hibiscus,750ML,,Current variant ID,1,historical_detail_2024-11-01_to_2026-07-22,
357,42913415037003,42509646561355,21 Seeds Tequila Grapefruit Hibiscus,50ML,,Product ID + title,0,historical_detail_2024-11-01_to_2026-07-22,
358,41157194809419,41157194809419,21 Seeds Tequila Valencia Orange,750ML,,Current variant ID,1,historical_detail_2024-11-01_to_2026-07-22,
360,42913415004235,42509646331979,21 Seeds Tequila Valencia Orange,50ML,,Product ID + title,0,historical_detail_2024-11-01_to_2026-07-22,
361,41157194842187,41157194842187,818 Tequila Blanco,750ML,95427,Current variant ID,1,historical_detail_2024-11-01_to_2026-07-22,
363,41157195137099,41157195137099,818 Tequila Reposado,750ML,,Current variant ID,1,historical_detail_2024-11-01_to_2026-07-22,
364,41157195169867,41157195169867,Aberfeldy 12 Year Old,750ML,,Current variant ID,1,historical_detail_2024-11-01_to_2026-07-22,
365,42913414971467,41318385942603,Absolut Citron,50ML,,Product ID + title,0,historical_detail_2024-11-01_to_2026-07-22,
367,41157195464779,41157195464779,Absolut Citron,1L,,Current variant ID,1,historical_detail_2024-11-01_to_2026-07-22,
368,41157195923531,41157195923531,Absolut Peach,1L,,Current variant ID,1,historical_detail_2024-11-01_to_2026-07-22,
369,41157195956299,41157195956299,Absolut Vanilia,1L,,Current variant ID,1,historical_detail_2024-11-01_to_2026-07-22,
370,41318385844299,41318385844299,Absolut Vodka,50ML,,Current variant ID,1,historical_detail_2024-11-01_to_2026-07-22,
371,41318385844299,41157196087371,Absolut Vodka,50ML,,Product ID + title,0,historical_detail_2024-11-01_to_2026-07-22,
372,42913414905931,41318385778763,Absolut Vodka,375ML,53512,SKU + title,0,historical_detail_2024-11-01_to_2026-07-22,
375,42913414938699,41157196120139,Absolut Vodka,1L,,Product ID + title,0,historical_detail_2024-11-01_to_2026-07-22,
376,42913414873163,41318385811531,Absolut Vodka,200ML,,Product ID + title,0,historical_detail_2024-11-01_to_2026-07-22,
377,42913414938699,41318385877067,Absolut Vodka,1L,,Product ID + title,0,historical_detail_2024-11-01_to_2026-07-22,
378,42913414905931,41157196021835,Absolut Vodka,375ML,,Product ID + title,0,historical_detail_2024-11-01_to_2026-07-22,
380,41157196152907,41157196152907,Absolut Vodka Mango Vodka,1L,,Current variant ID,1,historical_detail_2024-11-01_to_2026-07-22,
381,42913414840395,41157196218443,Absolut Wild Berri,1L,,Product ID + title,0,historical_detail_2024-11-01_to_2026-07-22,
382,42913414840395,41318385745995,Absolut Wild Berri,1L,,Product ID + title,0,historical_detail_2024-11-01_to_2026-07-22,
383,42913414807627,41318385713227,Angel's Envy Bourbon Whiskey,375ML,,Product ID + title,0,historical_detail_2024-11-01_to_2026-07-22,
384,41157196251211,41157196251211,Angel's Envy Bourbon Whiskey,750ML,,Current variant ID,1,historical_detail_2024-11-01_to_2026-07-22,
385,42913414807627,41157196283979,Angel's Envy Bourbon Whiskey,375ML,,Product ID + title,0,historical_detail_2024-11-01_to_2026-07-22,
386,42913414742091,41318385680459,Aperol Aperitivo,375ML,,Product ID + title,0,historical_detail_2024-11-01_to_2026-07-22,
387,42913414742091,42913414742091,Aperol Aperitivo,375ML,,Current variant ID,1,historical_detail_2024-11-01_to_2026-07-22,
388,42913414742091,41157196349515,Aperol Aperitivo,375ML,,Product ID + title,0,historical_detail_2024-11-01_to_2026-07-22,
389,41157196316747,41157196316747,Aperol Aperitivo,750ML,,Current variant ID,1,historical_detail_2024-11-01_to_2026-07-22,
390,42913414709323,41157196382283,Bacardi Black,1.75L,,Product ID + title,0,historical_detail_2024-11-01_to_2026-07-22,
391,41318385647691,41318385647691,Bacardi Black,750ML,,Current variant ID,1,historical_detail_2024-11-01_to_2026-07-22,
392,42913414709323,41157196382283,Bacardi Black Rum,1.75L,,Product ID + title,0,historical_detail_2024-11-01_to_2026-07-22,
393,41318385647691,41318385647691,Bacardi Black Rum,750ML,47738,Current variant ID,1,historical_detail_2024-11-01_to_2026-07-22,
395,41318385647691,41157196415051,Bacardi Black,750ML,,Product ID + title,0,historical_detail_2024-11-01_to_2026-07-22,
396,42913414676555,41157196480587,Bacardi Coconut,1L,,Product ID + title,0,historical_detail_2024-11-01_to_2026-07-22,
397,41157196447819,41157196447819,Bacardi Coconut,1.75L,,Current variant ID,1,historical_detail_2024-11-01_to_2026-07-22,
398,42913414676555,41318385614923,Bacardi Coconut,1L,,Product ID + title,0,historical_detail_2024-11-01_to_2026-07-22,
399,42913414643787,41318385582155,Bacardi Dragonberry,1L,,Product ID + title,0,historical_detail_2024-11-01_to_2026-07-22,
400,41157196513355,41157196513355,Bacardi Dragonberry,1.75L,,Current variant ID,1,historical_detail_2024-11-01_to_2026-07-22,
401,42913414447179,41318385385547,Bacardi Gold,100ML,,Product ID + title,0,historical_detail_2024-11-01_to_2026-07-22,
402,42913414578251,41318385516619,Bacardi Gold,1L,,Product ID + title,0,historical_detail_2024-11-01_to_2026-07-22,
403,42913414545483,41318385483851,Bacardi Gold,750ML,,Product ID + title,0,historical_detail_2024-11-01_to_2026-07-22,
404,42913414512715,41318385451083,Bacardi Gold,375ML,,Product ID + title,0,historical_detail_2024-11-01_to_2026-07-22,
406,41157197496395,41157197496395,Bacardi Gold,50ML,,Current variant ID,1,historical_detail_2024-11-01_to_2026-07-22,
407,42913414545483,41157197430859,Bacardi Gold,750ML,,Product ID + title,0,historical_detail_2024-11-01_to_2026-07-22,
408,42913414479947,41318385418315,Bacardi Gold,200ML,,Product ID + title,0,historical_detail_2024-11-01_to_2026-07-22,
409,42913414578251,41165340737611,Bacardi Gold,1L,,Product ID + title,0,historical_detail_2024-11-01_to_2026-07-22,
410,42913414479947,41157197529163,Bacardi Gold,200ML,,Product ID + title,0,historical_detail_2024-11-01_to_2026-07-22,
411,42913414611019,41318385549387,Bacardi Gold,1.75L,,Product ID + title,0,historical_detail_2024-11-01_to_2026-07-22,
413,42913414414411,41318385352779,Bacardi Lime,1.75L,,Product ID + title,0,historical_detail_2024-11-01_to_2026-07-22,
414,41157197594699,41157197594699,Bacardi Lime,1L,,Current variant ID,1,historical_detail_2024-11-01_to_2026-07-22,
415,42913414348875,41318385320011,Bacardi Limon,1L,,Product ID + title,0,historical_detail_2024-11-01_to_2026-07-22,
416,41157197660235,41157197660235,Bacardi Limon,1.75L,,Current variant ID,1,historical_detail_2024-11-01_to_2026-07-22,
417,42913414316107,41157197758539,Bacardi Pineapple,1L,,Product ID + title,0,historical_detail_2024-11-01_to_2026-07-22,
418,42913414316107,41318385287243,Bacardi Pineapple,1L,,Product ID + title,0,historical_detail_2024-11-01_to_2026-07-22,
419,41157197725771,41157197725771,Bacardi Pineapple,1.75L,,Current variant ID,1,historical_detail_2024-11-01_to_2026-07-22,
420,41157197791307,41157197791307,Bacardi Raspberry,1.75L,,Current variant ID,1,historical_detail_2024-11-01_to_2026-07-22,
421,42913414283339,41318385254475,Bacardi Raspberry,1L,,Product ID + title,0,historical_detail_2024-11-01_to_2026-07-22,
422,42913414283339,41157197824075,Bacardi Raspberry,1L,,Product ID + title,0,historical_detail_2024-11-01_to_2026-07-22,
423,42913414217803,41157197889611,Bacardi Spiced Rum,750ML,,Product ID + title,0,historical_detail_2024-11-01_to_2026-07-22,
424,42913414250571,41318385221707,Bacardi Spiced Rum,1.75L,,Product ID + title,0,historical_detail_2024-11-01_to_2026-07-22,
425,41157197856843,41157197856843,Bacardi Spiced Rum,50ML,,Current variant ID,1,historical_detail_2024-11-01_to_2026-07-22,
426,42913414250571,41157197922379,Bacardi Spiced Rum,1.75L,,Product ID + title,0,historical_detail_2024-11-01_to_2026-07-22,
427,42913414217803,41318385188939,Bacardi Spiced Rum,750ML,,Product ID + title,0,historical_detail_2024-11-01_to_2026-07-22,
428,42913413562443,41318385025099,Bacardi Superior Rum,750ML,,Product ID + title,0,historical_detail_2024-11-01_to_2026-07-22,
429,42913413562443,41157198446667,Bacardi Superior Rum,750ML,,Product ID + title,0,historical_detail_2024-11-01_to_2026-07-22,
430,42913413660747,41157198544971,Bacardi Superior Rum,200ML,,Product ID + title,0,historical_detail_2024-11-01_to_2026-07-22,
431,42913413595211,42913413595211,Bacardi Superior Rum,375ML,,Current variant ID,1,historical_detail_2024-11-01_to_2026-07-22,
432,42913413660747,41318385123403,Bacardi Superior Rum,200ML,,Product ID + title,0,historical_detail_2024-11-01_to_2026-07-22,
433,41315828138059,41315828138059,Bacardi Superior Rum,1.75L,,Current variant ID,1,historical_detail_2024-11-01_to_2026-07-22,
434,42913413627979,41157198512203,Bacardi Superior Rum,100ML,,Product ID + title,0,historical_detail_2024-11-01_to_2026-07-22,
435,42913413595211,41157198479435,Bacardi Superior Rum,375ML,,Product ID + title,0,historical_detail_2024-11-01_to_2026-07-22,
436,42913413595211,41318385057867,Bacardi Superior Rum,375ML,,Product ID + title,0,historical_detail_2024-11-01_to_2026-07-22,
437,42913413627979,41318385090635,Bacardi Superior Rum,100ML,,Product ID + title,0,historical_detail_2024-11-01_to_2026-07-22,
438,42913413693515,41318385156171,Bacardi Superior Rum,50ML,,Product ID + title,0,historical_detail_2024-11-01_to_2026-07-22,
439,42913413693515,41157198577739,Bacardi Superior Rum,50ML,,Product ID + title,0,historical_detail_2024-11-01_to_2026-07-22,
440,41157198610507,41157198610507,Baileys Chocolate Liqueur,750ML,,Current variant ID,1,historical_detail_2024-11-01_to_2026-07-22,
441,42913413464139,41157198676043,Baileys Cinnamon Churros Irish Cream Liqueur,50ML,,Product ID + title,0,historical_detail_2024-11-01_to_2026-07-22,
442,42913413464139,41318384992331,Baileys Cinnamon Churros Irish Cream Liqueur,50ML,,Product ID + title,0,historical_detail_2024-11-01_to_2026-07-22,
443,41157198643275,41157198643275,Baileys Cinnamon Churros Irish Cream Liqueur,750ML,,Current variant ID,1,historical_detail_2024-11-01_to_2026-07-22,
444,42913413398603,41318384926795,Baileys Original Irish Cream,750ML,,Product ID + title,0,historical_detail_2024-11-01_to_2026-07-22,
445,42913413398603,41157198839883,Baileys Original Irish Cream,750ML,,Product ID + title,0,historical_detail_2024-11-01_to_2026-07-22,
446,42913413431371,41318384959563,Baileys Original Irish Cream,50ML,,Product ID + title,0,historical_detail_2024-11-01_to_2026-07-22,
447,42913413365835,41318384894027,Baileys Original Irish Cream,200ML,,Product ID + title,0,historical_detail_2024-11-01_to_2026-07-22,
448,42913413300299,41157198741579,Baileys Original Irish Cream,1.75L,,Product ID + title,0,historical_detail_2024-11-01_to_2026-07-22,
449,41157198708811,41157198708811,Baileys Original Irish Cream,375ML,,Current variant ID,1,historical_detail_2024-11-01_to_2026-07-22,
450,42913413333067,41318384861259,Baileys Original Irish Cream,1L,,Product ID + title,0,historical_detail_2024-11-01_to_2026-07-22,
451,42913413365835,41157198807115,Baileys Original Irish Cream,200ML,,Product ID + title,0,historical_detail_2024-11-01_to_2026-07-22,
452,42913413300299,41318384828491,Baileys Original Irish Cream,1.75L,,Product ID + title,0,historical_detail_2024-11-01_to_2026-07-22,
453,42913413333067,41157198774347,Baileys Original Irish Cream,1L,,Product ID + title,0,historical_detail_2024-11-01_to_2026-07-22,
454,42913413365835,42913413365835,Baileys Original Irish Cream,200ML,,Current variant ID,1,historical_detail_2024-11-01_to_2026-07-22,
455,42913413431371,41157198872651,Baileys Original Irish Cream,50ML,,Product ID + title,0,historical_detail_2024-11-01_to_2026-07-22,
456,41318384795723,41318384795723,Basil Hayden Bourbon Whiskey,375ML,,Current variant ID,1,historical_detail_2024-11-01_to_2026-07-22,
457,42913413267531,41157198905419,Basil Hayden Bourbon Whiskey,1L,,Product ID + title,0,historical_detail_2024-11-01_to_2026-07-22,
458,42913413234763,41582292336715,Basil Hayden Bourbon Whiskey,750ML,,Product ID + title,0,historical_detail_2024-11-01_to_2026-07-22,
459,41318384795723,41157198938187,Basil Hayden Bourbon Whiskey,375ML,,Product ID + title,0,historical_detail_2024-11-01_to_2026-07-22,
460,41157198970955,41157198970955,Basil Hayden Dark Rye Whiskey,750ML,,Current variant ID,1,historical_detail_2024-11-01_to_2026-07-22,
461,41157200150603,41157200150603,Basil Hayden Toast Bourbon Whiskey,750ML,,Current variant ID,1,historical_detail_2024-11-01_to_2026-07-22,
462,41157200183371,41157200183371,Bombay Dry Gin,750ML,,Current variant ID,1,historical_detail_2024-11-01_to_2026-07-22,
463,42913412972619,41157200216139,Bombay Sapphire Gin,1.75L,,Product ID + title,0,historical_detail_2024-11-01_to_2026-07-22,
464,42913412939851,41157200248907,Bombay Sapphire Gin,750ML,,Product ID + title,0,historical_detail_2024-11-01_to_2026-07-22,
465,42913412939851,42714484801611,Bombay Sapphire Gin,750ML,,Product ID + title,0,historical_detail_2024-11-01_to_2026-07-22,
466,42913412939851,41318384697419,Bombay Sapphire Gin,750ML,,Product ID + title,0,historical_detail_2024-11-01_to_2026-07-22,
467,42913412907083,41157200314443,Bombay Sapphire Gin,1L,,Product ID + title,0,historical_detail_2024-11-01_to_2026-07-22,
468,41318384730187,41157200281675,Bombay Sapphire Gin,375ML,,Product ID + title,0,historical_detail_2024-11-01_to_2026-07-22,
469,41318384730187,41318384730187,Bombay Sapphire Gin,375ML,,Current variant ID,1,historical_detail_2024-11-01_to_2026-07-22,
470,42913412907083,41318384762955,Bombay Sapphire Gin,1L,,Product ID + title,0,historical_detail_2024-11-01_to_2026-07-22,
471,42913412841547,42913412841547,Bulleit Bourbon,1.75L,,Current variant ID,1,historical_detail_2024-11-01_to_2026-07-22,
472,42913412841547,41157200347211,Bulleit Bourbon,1.75L,,Product ID + title,0,historical_detail_2024-11-01_to_2026-07-22,
473,42913412808779,42913412808779,Bulleit Bourbon,1L,,Current variant ID,1,historical_detail_2024-11-01_to_2026-07-22,
474,42913412776011,41157200379979,Bulleit Bourbon,750ML,,Product ID + title,0,historical_detail_2024-11-01_to_2026-07-22,
475,41318384631883,41318384631883,Bulleit Bourbon,375ML,,Current variant ID,1,historical_detail_2024-11-01_to_2026-07-22,
476,42913412808779,41157200445515,Bulleit Bourbon,1L,,Product ID + title,0,historical_detail_2024-11-01_to_2026-07-22,
477,41318384631883,41157200412747,Bulleit Bourbon,375ML,,Product ID + title,0,historical_detail_2024-11-01_to_2026-07-22,
478,42913412776011,41318384599115,Bulleit Bourbon,750ML,,Product ID + title,0,historical_detail_2024-11-01_to_2026-07-22,
479,42913412808779,41318384664651,Bulleit Bourbon,1L,,Product ID + title,0,historical_detail_2024-11-01_to_2026-07-22,
480,41157200478283,41157200478283,Bully Hill Banty Red,750ML,,Current variant ID,1,historical_detail_2024-11-01_to_2026-07-22,
481,41157200576587,41157200576587,Bully Hill Sweet Walter Blackberry,750ML,,Current variant ID,1,historical_detail_2024-11-01_to_2026-07-22,
482,41157200609355,41157200609355,Bully Hill Sweet Walter Cherry,750ML,,Current variant ID,1,historical_detail_2024-11-01_to_2026-07-22,
483,41157200642123,41157200642123,Bully Hill Sweet Walter Loganberry Sangria,750ML,,Current variant ID,1,historical_detail_2024-11-01_to_2026-07-22,
484,41157200674891,41157200674891,Bully Hill Sweet Walter Rose,750ML,,Current variant ID,1,historical_detail_2024-11-01_to_2026-07-22,
485,41157200707659,41157200707659,Bully Hill Sweet Walter Strawberry,750ML,,Current variant ID,1,historical_detail_2024-11-01_to_2026-07-22,
486,41157200740427,41157200740427,Bully Hill Vineyards Love My Goat Red,750ML,,Current variant ID,1,historical_detail_2024-11-01_to_2026-07-22,
487,41157200773195,41157200773195,Bully Hill White Sweet Walters,750ML,,Current variant ID,1,historical_detail_2024-11-01_to_2026-07-22,
488,41157200805963,41157200805963,Buzzballz Chocolate Tease,200ML,,Current variant ID,1,historical_detail_2024-11-01_to_2026-07-22,
489,41157200838731,41157200838731,BuzzBallz Eggnog Cocktails 30 Proof,200ML,,Current variant ID,1,historical_detail_2024-11-01_to_2026-07-22,
490,41157200871499,41157200871499,Buzzballz Peachballz,200ML,,Current variant ID,1,historical_detail_2024-11-01_to_2026-07-22,
491,41157200904267,41157200904267,Buzzballz Tequila Rita,200ML,,Current variant ID,1,historical_detail_2024-11-01_to_2026-07-22,
492,42913412546635,41318384435275,Captain Morgan Original Spiced Rum,1L,,Product ID + title,0,historical_detail_2024-11-01_to_2026-07-22,
493,42913412546635,41157201133643,Captain Morgan Original Spiced Rum,1L,,Product ID + title,0,historical_detail_2024-11-01_to_2026-07-22,
494,42913412644939,41157201231947,Captain Morgan Original Spiced Rum,50ML,,Product ID + title,0,historical_detail_2024-11-01_to_2026-07-22,
495,41157201002571,41157201002571,Captain Morgan Original Spiced Rum,750ML,,Current variant ID,1,historical_detail_2024-11-01_to_2026-07-22,
496,42913412644939,41318384533579,Captain Morgan Original Spiced Rum,50ML,,Product ID + title,0,historical_detail_2024-11-01_to_2026-07-22,
497,42913412612171,41157201199179,Captain Morgan Original Spiced Rum,375ML,,Product ID + title,0,historical_detail_2024-11-01_to_2026-07-22,
498,42913412513867,41318384402507,Captain Morgan Original Spiced Rum,1.75L,,Product ID + title,0,historical_detail_2024-11-01_to_2026-07-22,
499,42913412579403,41318384468043,Captain Morgan Original Spiced Rum,200ML,,Product ID + title,0,historical_detail_2024-11-01_to_2026-07-22,
500,42913412513867,42913412513867,Captain Morgan Original Spiced Rum,1.75L,,Current variant ID,1,historical_detail_2024-11-01_to_2026-07-22,
501,42913412513867,41157201068107,Captain Morgan Original Spiced Rum,1.75L,,Product ID + title,0,historical_detail_2024-11-01_to_2026-07-22,
502,42913412612171,41318384500811,Captain Morgan Original Spiced Rum,375ML,,Product ID + title,0,historical_detail_2024-11-01_to_2026-07-22,
503,42913412579403,41157201166411,Captain Morgan Original Spiced Rum,200ML,,Product ID + title,0,historical_detail_2024-11-01_to_2026-07-22,
504,41157201264715,41157201264715,Casamigos Anejo,750ML,,Current variant ID,1,historical_detail_2024-11-01_to_2026-07-22,
505,42913412448331,41318384336971,Casamigos Blanco Tequila,375ML,,Product ID + title,0,historical_detail_2024-11-01_to_2026-07-22,
506,42913412448331,41157201330251,Casamigos Blanco,375ML,,Product ID + title,0,historical_detail_2024-11-01_to_2026-07-22,
507,42913412481099,41318384369739,Casamigos Blanco,750ML,,Product ID + title,0,historical_detail_2024-11-01_to_2026-07-22,
508,41157201297483,41157201297483,Casamigos Blanco Tequila,50ML,,Current variant ID,1,historical_detail_2024-11-01_to_2026-07-22,
509,42913412448331,42913412448331,Casamigos Blanco Tequila,375ML,,Current variant ID,1,historical_detail_2024-11-01_to_2026-07-22,
510,42913412481099,41318384369739,Casamigos Blanco Tequila,750ML,,Product ID + title,0,historical_detail_2024-11-01_to_2026-07-22,
511,41157201297483,41157201297483,Casamigos Blanco,50ML,,Current variant ID,1,historical_detail_2024-11-01_to_2026-07-22,
512,42913412481099,41157201363019,Casamigos Blanco,750ML,,Product ID + title,0,historical_detail_2024-11-01_to_2026-07-22,
513,42913412448331,41318384336971,Casamigos Blanco,375ML,,Product ID + title,0,historical_detail_2024-11-01_to_2026-07-22,
514,41157201395787,41157201395787,Casamigos Cristalino Reposado,750ML,,Current variant ID,1,historical_detail_2024-11-01_to_2026-07-22,
515,41157201428555,41157201428555,Casamigos Joven Mezcal,750ML,,Current variant ID,1,historical_detail_2024-11-01_to_2026-07-22,
516,42913412317259,41318384271435,Casamigos Reposado,50ML,,Product ID + title,0,historical_detail_2024-11-01_to_2026-07-22,
517,41157201461323,41157201461323,Casamigos Reposado,375ML,,Current variant ID,1,historical_detail_2024-11-01_to_2026-07-22,
518,42913412350027,41318384304203,Casamigos Reposado,750ML,,Product ID + title,0,historical_detail_2024-11-01_to_2026-07-22,
519,42913412350027,41157201526859,Casamigos Reposado,750ML,,Product ID + title,0,historical_detail_2024-11-01_to_2026-07-22,
520,42913412317259,41157201494091,Casamigos Reposado,50ML,,Product ID + title,0,historical_detail_2024-11-01_to_2026-07-22,
521,41157201559627,41157201559627,Christian Brothers  Honey Brandy,375ML,,Current variant ID,1,historical_detail_2024-11-01_to_2026-07-22,
522,42913412251723,41157201592395,Christian Brothers  Honey Brandy,750ML,,Product ID + title,0,historical_detail_2024-11-01_to_2026-07-22,
523,41157201657931,41157201657931,Christian Brothers V.S.O.P Brandy,750ML,,Current variant ID,1,historical_detail_2024-11-01_to_2026-07-22,
524,41157201723467,41157201723467,Christian Brothers VS Brandy,1L,,Current variant ID,1,historical_detail_2024-11-01_to_2026-07-22,
525,41157201723467,41157201723467,Christian Brothers VS Brandy,750ML,,Current variant ID,1,historical_detail_2024-11-01_to_2026-07-22,
526,41157201789003,41157201789003,CIROC Apple,50ML,,Current variant ID,1,historical_detail_2024-11-01_to_2026-07-22,
527,41157201821771,41157201821771,CIROC Coconut,750ML,,Current variant ID,1,historical_detail_2024-11-01_to_2026-07-22,
528,42913412022347,41318384140363,Ciroc Passion Vodka,50ML,,Product ID + title,0,historical_detail_2024-11-01_to_2026-07-22,
529,41157201854539,41157201854539,Ciroc Passion Vodka,750ML,,Current variant ID,1,historical_detail_2024-11-01_to_2026-07-22,
530,42913412022347,41157201887307,Ciroc Passion Vodka,50ML,,Product ID + title,0,historical_detail_2024-11-01_to_2026-07-22,
531,42913411989579,41318384107595,CIROC Peach,50ML,,Product ID + title,0,historical_detail_2024-11-01_to_2026-07-22,
532,42913411989579,41157202051147,CIROC Peach,50ML,,Product ID + title,0,historical_detail_2024-11-01_to_2026-07-22,
533,41157202018379,41157202018379,CIROC Peach,750ML,,Current variant ID,1,historical_detail_2024-11-01_to_2026-07-22,
534,41157202083915,41157202083915,CIROC Pineapple,50ML,,Current variant ID,1,historical_detail_2024-11-01_to_2026-07-22,
535,41157202116683,41157202116683,CIROC Red Berry,50ML,,Current variant ID,1,historical_detail_2024-11-01_to_2026-07-22,
536,41157202149451,41157202149451,CIROC Ultra-Premium Vodka,50ML,,Current variant ID,1,historical_detail_2024-11-01_to_2026-07-22,
537,42913411891275,41318384074827,CIROC Ultra-Premium Vodka,750ML,,Product ID + title,0,historical_detail_2024-11-01_to_2026-07-22,
538,41157202214987,41157202214987,Clyde May's Whiskey,750ML,,Current variant ID,1,historical_detail_2024-11-01_to_2026-07-22,
539,41157202214987,41157202214987,Clyde May's Alabama Style Whiskey 85 Proof,750ML,,Current variant ID,1,historical_detail_2024-11-01_to_2026-07-22,
540,41157202247755,41157202247755,Clyde May's Straight Rye Whiskey,750ML,,Current variant ID,1,historical_detail_2024-11-01_to_2026-07-22,
541,41157202280523,41157202280523,Cocktail Essentials Grenadine,375ML,,Current variant ID,1,historical_detail_2024-11-01_to_2026-07-22,
542,41157202313291,41157202313291,Cocktail Essentials Lime Juice,375ML,,Current variant ID,1,historical_detail_2024-11-01_to_2026-07-22,
543,41157202346059,41157202346059,Cocktail Essentials Simple Syrup,375ML,,Current variant ID,1,historical_detail_2024-11-01_to_2026-07-22,
544,41157202411595,41157202411595,Crown Royal Black,750ML,,Current variant ID,1,historical_detail_2024-11-01_to_2026-07-22,
545,42913411760203,41157202575435,Crown Royal Canadian Whisky,750ML,,Product ID + title,0,historical_detail_2024-11-01_to_2026-07-22,
546,42913411825739,41318383943755,Crown Royal Canadian Whisky,1.75L,,Product ID + title,0,historical_detail_2024-11-01_to_2026-07-22,
547,42913411825739,42913411825739,Crown Royal Canadian Whisky,1.75L,,Current variant ID,1,historical_detail_2024-11-01_to_2026-07-22,
548,42913411825739,41157202477131,Crown Royal Canadian Whisky,1.75L,,Product ID + title,0,historical_detail_2024-11-01_to_2026-07-22,
549,41318384009291,41318384009291,Crown Royal Canadian Whisky,200ML,,Current variant ID,1,historical_detail_2024-11-01_to_2026-07-22,
550,42913411760203,41318384042059,Crown Royal Canadian Whisky,750ML,76131,SKU + title,0,historical_detail_2024-11-01_to_2026-07-22,
551,42913411792971,41318383976523,Crown Royal Canadian Whisky,1L,,Product ID + title,0,historical_detail_2024-11-01_to_2026-07-22,
553,41318384009291,41157202542667,Crown Royal Canadian Whisky,200ML,,Product ID + title,0,historical_detail_2024-11-01_to_2026-07-22,
554,41157202608203,41157202608203,Crown Royal Noble Collection Barley Edition,750ML,,Current variant ID,1,historical_detail_2024-11-01_to_2026-07-22,
555,41318383878219,41318383878219,Crown Royal Peach,375ML,,Current variant ID,1,historical_detail_2024-11-01_to_2026-07-22,
556,42913411498059,41157202673739,Crown Royal Peach,1L,,Product ID + title,0,historical_detail_2024-11-01_to_2026-07-22,
557,41318383878219,41157202706507,Crown Royal Peach,375ML,,Product ID + title,0,historical_detail_2024-11-01_to_2026-07-22,
558,42913411498059,41318383845451,Crown Royal Peach,1L,,Product ID + title,0,historical_detail_2024-11-01_to_2026-07-22,
559,42913411530827,41157202739275,Crown Royal Peach,1.75L,,Product ID + title,0,historical_detail_2024-11-01_to_2026-07-22,
560,42913411530827,41318383910987,Crown Royal Peach,1.75L,,Product ID + title,0,historical_detail_2024-11-01_to_2026-07-22,
561,42913411366987,41157203066955,Crown Royal Regal Apple,1L,,Product ID + title,0,historical_detail_2024-11-01_to_2026-07-22,
562,42913411399755,41157202968651,Crown Royal Regal Apple Flavored Whisky,1.75L,,Product ID + title,0,historical_detail_2024-11-01_to_2026-07-22,
563,41318383747147,41318383747147,Crown Royal Regal Apple,375ML,,Current variant ID,1,historical_detail_2024-11-01_to_2026-07-22,
564,42913411366987,41318383779915,Crown Royal Regal Apple,1L,,Product ID + title,0,historical_detail_2024-11-01_to_2026-07-22,
565,42913411334219,41157203001419,Crown Royal Regal Apple,750ML,,Product ID + title,0,historical_detail_2024-11-01_to_2026-07-22,
566,42913411399755,41157202968651,Crown Royal Regal Apple,1.75L,,Product ID + title,0,historical_detail_2024-11-01_to_2026-07-22,
567,41318383747147,41318383747147,Crown Royal Regal Apple Flavored Whisky,375ML,,Current variant ID,1,historical_detail_2024-11-01_to_2026-07-22,
568,42913411366987,41318383779915,Crown Royal Regal Apple Flavored Whisky,1L,,Product ID + title,0,historical_detail_2024-11-01_to_2026-07-22,
569,41157203132491,41157203132491,Crown Royal Reserve,750ML,,Current variant ID,1,historical_detail_2024-11-01_to_2026-07-22,
570,41157203198027,41157203198027,Crown Royal XO Canadian Whiskey,375ML,,Current variant ID,1,historical_detail_2024-11-01_to_2026-07-22,
571,41157203230795,41157203230795,D'Usse VSOP,375ML,,Current variant ID,1,historical_detail_2024-11-01_to_2026-07-22,
572,42913411203147,41318383419467,D'Usse VSOP,200ML,,Product ID + title,0,historical_detail_2024-11-01_to_2026-07-22,
573,42913411170379,41318383386699,D'Usse VSOP,750ML,,Product ID + title,0,historical_detail_2024-11-01_to_2026-07-22,
574,42913411170379,41157203263563,D'Usse VSOP,750ML,,Product ID + title,0,historical_detail_2024-11-01_to_2026-07-22,
575,41157203329099,41157203329099,Del Maguey Vida,750ML,,Current variant ID,1,historical_detail_2024-11-01_to_2026-07-22,
576,41157203329099,41157203329099,Del Maguey Vida Puebla,750ML,,Current variant ID,1,historical_detail_2024-11-01_to_2026-07-22,
577,42913411104843,41318383353931,Dewar's White Label,375ML,,Product ID + title,0,historical_detail_2024-11-01_to_2026-07-22,
578,41157203460171,41157203460171,Dewar's White Label,750ML,,Current variant ID,1,historical_detail_2024-11-01_to_2026-07-22,
579,42913411072075,41318383321163,Dewar's White Label,1L,,Product ID + title,0,historical_detail_2024-11-01_to_2026-07-22,
580,42913411104843,41157203525707,Dewar's White Label,375ML,,Product ID + title,0,historical_detail_2024-11-01_to_2026-07-22,
581,41157203558475,41157203558475,Don Julio Cristalino Anejo Tequila,750ML,,Current variant ID,1,historical_detail_2024-11-01_to_2026-07-22,
582,41157203591243,41157203591243,Don Julio Alma Miel,750ML,,Current variant ID,1,historical_detail_2024-11-01_to_2026-07-22,
583,42913410908235,41318383288395,Don Julio Anejo,750ML,,Product ID + title,0,historical_detail_2024-11-01_to_2026-07-22,
584,41157203624011,41157203624011,Don Julio Anejo,375ML,,Current variant ID,1,historical_detail_2024-11-01_to_2026-07-22,
585,41318383255627,41318383255627,Don Julio Blanco Tequila,375ML,,Current variant ID,1,historical_detail_2024-11-01_to_2026-07-22,
586,41318383255627,41318383255627,Don Julio Blanco,375ML,,Current variant ID,1,historical_detail_2024-11-01_to_2026-07-22,
587,42913410842699,41157203689547,Don Julio Blanco,750ML,,Product ID + title,0,historical_detail_2024-11-01_to_2026-07-22,
588,42913410842699,41157203689547,Don Julio Blanco Tequila,750ML,,Product ID + title,0,historical_detail_2024-11-01_to_2026-07-22,
589,41318383255627,41157203755083,Don Julio Blanco,375ML,,Product ID + title,0,historical_detail_2024-11-01_to_2026-07-22,
590,42913410711627,41318383157323,Don Julio Reposado,750ML,,Product ID + title,0,historical_detail_2024-11-01_to_2026-07-22,
591,41318383190091,41318383190091,Don Julio Reposado,50ML,,Current variant ID,1,historical_detail_2024-11-01_to_2026-07-22,
592,42913410678859,41157203853387,Don Julio Reposado,375ML,,Product ID + title,0,historical_detail_2024-11-01_to_2026-07-22,
593,41318383190091,41157203918923,Don Julio Reposado,50ML,,Product ID + title,0,historical_detail_2024-11-01_to_2026-07-22,
594,42913410580555,41157204017227,Early Times Whisky,1L,,Product ID + title,0,historical_detail_2024-11-01_to_2026-07-22,
595,42913410547787,41157203984459,Early Times Whisky,375ML,,Product ID + title,0,historical_detail_2024-11-01_to_2026-07-22,
596,41157203951691,41157203951691,Early Times Whisky,1.75L,,Current variant ID,1,historical_detail_2024-11-01_to_2026-07-22,
597,41157204049995,41157204049995,Elijah Craig Oak Barrel Straight Rye,750ML,,Current variant ID,1,historical_detail_2024-11-01_to_2026-07-22,
598,41318383124555,41318383124555,Elijah Craig Small Batch,50ML,,Current variant ID,1,historical_detail_2024-11-01_to_2026-07-22,
599,42913410449483,41157204115531,Elijah Craig Small Batch,375ML,,Product ID + title,0,historical_detail_2024-11-01_to_2026-07-22,
600,42913410449483,41318383091787,Elijah Craig Small Batch,375ML,,Product ID + title,0,historical_detail_2024-11-01_to_2026-07-22,
601,42913410482251,42913410482251,Elijah Craig Small Batch,750ML,,Current variant ID,1,historical_detail_2024-11-01_to_2026-07-22,
602,42913410482251,41157204082763,Elijah Craig Small Batch,750ML,,Product ID + title,0,historical_detail_2024-11-01_to_2026-07-22,
603,41318383124555,41157204148299,Elijah Craig Small Batch,50ML,,Product ID + title,0,historical_detail_2024-11-01_to_2026-07-22,
604,41157204181067,41157204181067,Elijah Craig Toasted Barrel Finish,750ML,,Current variant ID,1,historical_detail_2024-11-01_to_2026-07-22,
605,41157204279371,41157204279371,Espolon Cristalino Anejo Tequila 100% Puro Agave,1L,,Current variant ID,1,historical_detail_2024-11-01_to_2026-07-22,
606,42913410285643,41157204312139,Espolon Tequila Blanco,1L,,Product ID + title,0,historical_detail_2024-11-01_to_2026-07-22,
607,42913410318411,41599991316555,Espolon Tequila Blanco,1.75L,,Product ID + title,0,historical_detail_2024-11-01_to_2026-07-22,
608,41318383059019,41318383059019,Espolon Tequila Blanco,375ML,,Current variant ID,1,historical_detail_2024-11-01_to_2026-07-22,
609,42913410285643,42913410285643,Espolon Tequila Blanco,1L,,Current variant ID,1,historical_detail_2024-11-01_to_2026-07-22,
610,42913410252875,41490411585611,Espolon Tequila Blanco,750ML,,Product ID + title,0,historical_detail_2024-11-01_to_2026-07-22,
611,41318383059019,41158723862603,Espolon Tequila Blanco,375ML,,Product ID + title,0,historical_detail_2024-11-01_to_2026-07-22,
612,41157204344907,41157204344907,Espolon Tequila Reposado,1L,,Current variant ID,1,historical_detail_2024-11-01_to_2026-07-22,
613,41157204377675,41157204377675,Evan Williams 1783 Small Batch,750ML,,Current variant ID,1,historical_detail_2024-11-01_to_2026-07-22,
614,42913410121803,41238162800715,Evan Williams Apple Liqueur,50ML,,Product ID + title,0,historical_detail_2024-11-01_to_2026-07-22,
615,41157204410443,41157204410443,Evan Williams Apple Liqueur,750ML,,Current variant ID,1,historical_detail_2024-11-01_to_2026-07-22,
616,42913409957963,41318382731339,Evan Williams Black Label Bourbon,750ML,,Product ID + title,0,historical_detail_2024-11-01_to_2026-07-22,
617,42913409990731,41318382698571,Evan Williams Black Label,1L,,Product ID + title,0,historical_detail_2024-11-01_to_2026-07-22,
618,42913410023499,41157204475979,Evan Williams Black Label,1.75L,,Product ID + title,0,historical_detail_2024-11-01_to_2026-07-22,
619,41318382764107,41318382764107,Evan Williams Black Label,50ML,,Current variant ID,1,historical_detail_2024-11-01_to_2026-07-22,
620,42913409957963,42913409957963,Evan Williams Black Label Bourbon,750ML,,Current variant ID,1,historical_detail_2024-11-01_to_2026-07-22,
621,42913409957963,41157204541515,Evan Williams Black Label,750ML,,Product ID + title,0,historical_detail_2024-11-01_to_2026-07-22,
622,42913409990731,41157204508747,Evan Williams Black Label,1L,,Product ID + title,0,historical_detail_2024-11-01_to_2026-07-22,
623,42913409957963,41318382731339,Evan Williams Black Label,750ML,,Product ID + title,0,historical_detail_2024-11-01_to_2026-07-22,
624,41318382764107,41157204574283,Evan Williams Black Label,50ML,,Product ID + title,0,historical_detail_2024-11-01_to_2026-07-22,
625,42913409990731,41318382698571,Evan Williams Black Label Bourbon,1L,,Product ID + title,0,historical_detail_2024-11-01_to_2026-07-22,
626,42913410023499,41157204475979,Evan Williams Black Label Bourbon,1.75L,,Product ID + title,0,historical_detail_2024-11-01_to_2026-07-22,
627,41318382764107,41318382764107,Evan Williams Black Label Bourbon,50ML,,Current variant ID,1,historical_detail_2024-11-01_to_2026-07-22,
628,41157204672587,41157204672587,Evan Williams Cherry Liqueur,50ML,,Current variant ID,1,historical_detail_2024-11-01_to_2026-07-22,
629,42913409892427,41157204705355,Evan Williams Cherry Liqueur,750ML,,Product ID + title,0,historical_detail_2024-11-01_to_2026-07-22,
630,41157204738123,41157204738123,Evan Williams Egg Nog,750ML,,Current variant ID,1,historical_detail_2024-11-01_to_2026-07-22,
631,41157204770891,41157204770891,Evan Williams Fire,50ML,,Current variant ID,1,historical_detail_2024-11-01_to_2026-07-22,
632,41157204803659,41157204803659,Evan Williams Honey,750ML,,Current variant ID,1,historical_detail_2024-11-01_to_2026-07-22,
633,42913409761355,41157204836427,Evan Williams Honey,50ML,,Product ID + title,0,historical_detail_2024-11-01_to_2026-07-22,
634,42913409761355,41318382633035,Evan Williams Honey,50ML,,Product ID + title,0,historical_detail_2024-11-01_to_2026-07-22,
635,41157204869195,41157204869195,Evan Williams Peach,750ML,,Current variant ID,1,historical_detail_2024-11-01_to_2026-07-22,
636,42913409597515,41318382534731,Fireball Cinnamon Whisky,750ML,,Product ID + title,0,historical_detail_2024-11-01_to_2026-07-22,
637,42913409531979,41157205000267,Fireball Cinnamon Whisky,200ML,,Product ID + title,0,historical_detail_2024-11-01_to_2026-07-22,
638,42913409564747,41157204934731,Fireball Cinnamon Whisky,375ML,,Product ID + title,0,historical_detail_2024-11-01_to_2026-07-22,
639,42913409663051,41157205065803,Fireball Cinnamon Whisky,1.75L,,Product ID + title,0,historical_detail_2024-11-01_to_2026-07-22,
640,41318382600267,41318382600267,Fireball Cinnamon Whisky,50ML,,Current variant ID,1,historical_detail_2024-11-01_to_2026-07-22,
641,42913409630283,41318382469195,Fireball Cinnamon Whisky,1L,74630,SKU + title,0,historical_detail_2024-11-01_to_2026-07-22,
642,42913409630283,41157204967499,Fireball Cinnamon Whisky,1L,,Product ID + title,0,historical_detail_2024-11-01_to_2026-07-22,
643,42913409597515,41157205033035,Fireball Cinnamon Whisky,750ML,,Product ID + title,0,historical_detail_2024-11-01_to_2026-07-22,
644,42913409663051,42913409663051,Fireball Cinnamon Whisky,1.75L,,Current variant ID,1,historical_detail_2024-11-01_to_2026-07-22,
645,41318382600267,41157205098571,Fireball Cinnamon Whisky,50ML,,Product ID + title,0,historical_detail_2024-11-01_to_2026-07-22,
646,42913409531979,41318382501963,Fireball Cinnamon Whisky,200ML,,Product ID + title,0,historical_detail_2024-11-01_to_2026-07-22,
647,42913409663051,41318382567499,Fireball Cinnamon Whisky,1.75L,,Product ID + title,0,historical_detail_2024-11-01_to_2026-07-22,
650,41157205131339,41157205131339,Forty Creek Barrel Select Whiskey,1L,,Current variant ID,1,historical_detail_2024-11-01_to_2026-07-22,
651,41157205164107,41157205164107,Franzia Chillable Red,5L,,Current variant ID,1,historical_detail_2024-11-01_to_2026-07-22,
652,41157205196875,41157205196875,Franzia Crisp White,5L,,Current variant ID,1,historical_detail_2024-11-01_to_2026-07-22,
653,41157205491787,41157205491787,Franzia Fruity Red Sangria,5L,,Current variant ID,1,historical_detail_2024-11-01_to_2026-07-22,
654,41157205524555,41157205524555,Franzia Refreshing White,5L,,Current variant ID,1,historical_detail_2024-11-01_to_2026-07-22,
655,41157205557323,41157205557323,Franzia Sunset Blush,5L,,Current variant ID,1,historical_detail_2024-11-01_to_2026-07-22,
656,41157205590091,41157205590091,Franzia Vintner Select Chardonnay,5L,,Current variant ID,1,historical_detail_2024-11-01_to_2026-07-22,
657,41157205622859,41157205622859,Franzia Vintner Select Moscato,5L,,Current variant ID,1,historical_detail_2024-11-01_to_2026-07-22,
658,41157205655627,41157205655627,Franzia White Zinfandel,5L,,Current variant ID,1,historical_detail_2024-11-01_to_2026-07-22,
659,41157205688395,41157205688395,Gray Whale Gin,750ML,,Current variant ID,1,historical_detail_2024-11-01_to_2026-07-22,
660,42913409237067,41318381813835,Grey Goose Vodka,375ML,,Product ID + title,0,historical_detail_2024-11-01_to_2026-07-22,
661,42913409269835,42913409269835,Grey Goose Vodka,750ML,,Current variant ID,1,historical_detail_2024-11-01_to_2026-07-22,
662,42913409269835,41157205753931,Grey Goose Vodka,750ML,,Product ID + title,0,historical_detail_2024-11-01_to_2026-07-22,
663,41318381879371,41318381879371,Grey Goose Vodka,50ML,,Current variant ID,1,historical_detail_2024-11-01_to_2026-07-22,
664,42913409204299,41157205819467,Grey Goose Vodka,200ML,,Product ID + title,0,historical_detail_2024-11-01_to_2026-07-22,
665,42913409302603,41157205721163,Grey Goose Vodka,1.75L,,Product ID + title,0,historical_detail_2024-11-01_to_2026-07-22,
666,42913409269835,41318381781067,Grey Goose Vodka,750ML,,Product ID + title,0,historical_detail_2024-11-01_to_2026-07-22,
667,42913409237067,41157205786699,Grey Goose Vodka,375ML,,Product ID + title,0,historical_detail_2024-11-01_to_2026-07-22,
668,41318381879371,41157205852235,Grey Goose Vodka,50ML,,Product ID + title,0,historical_detail_2024-11-01_to_2026-07-22,
669,42913409204299,41318381846603,Grey Goose Vodka,200ML,,Product ID + title,0,historical_detail_2024-11-01_to_2026-07-22,
670,41157205950539,41157205950539,Heaven Hill Grain To Glass Straight Rye,700ML,,Current variant ID,1,historical_detail_2024-11-01_to_2026-07-22,
671,41157205983307,41157205983307,Heaven Hill Grain To Glass Straight Wheated,700ML,,Current variant ID,1,historical_detail_2024-11-01_to_2026-07-22,
672,41157206016075,41157206016075,Hibiki Japanese Harmony Whiskey,750ML,,Current variant ID,1,historical_detail_2024-11-01_to_2026-07-22,
673,42913409073227,41318381748299,High West Bourbon Whiskey,375ML,,Product ID + title,0,historical_detail_2024-11-01_to_2026-07-22,
674,41157206114379,41157206114379,High West Bourbon Whiskey,750ML,,Current variant ID,1,historical_detail_2024-11-01_to_2026-07-22,
675,42913409073227,41157206147147,High West Bourbon Whiskey,375ML,,Product ID + title,0,historical_detail_2024-11-01_to_2026-07-22,
676,41157206179915,41157206179915,High West Campfire Whiskey,750ML,,Current variant ID,1,historical_detail_2024-11-01_to_2026-07-22,
677,41157206212683,41157206212683,High West Double Rye,750ML,,Current variant ID,1,historical_detail_2024-11-01_to_2026-07-22,
678,42913408974923,41196511395915,Jagermeister,1L,,Product ID + title,0,historical_detail_2024-11-01_to_2026-07-22,
679,41318381682763,41318381682763,Jagermeister,50ML,,Current variant ID,1,historical_detail_2024-11-01_to_2026-07-22,
680,42913408974923,41318381715531,Jagermeister Herbal Liqueur,1L,,Product ID + title,0,historical_detail_2024-11-01_to_2026-07-22,
681,42913408942155,41834808475723,Jagermeister Herbal Liqueur,750ML,,Product ID + title,0,historical_detail_2024-11-01_to_2026-07-22,
682,42913408974923,41318381715531,Jagermeister,1L,,Product ID + title,0,historical_detail_2024-11-01_to_2026-07-22,
683,42913408942155,41834808475723,Jagermeister,750ML,,Product ID + title,0,historical_detail_2024-11-01_to_2026-07-22,
684,41318381682763,41318381682763,Jagermeister Herbal Liqueur,50ML,,Current variant ID,1,historical_detail_2024-11-01_to_2026-07-22,
685,42913408942155,41157206409291,Jagermeister,750ML,,Product ID + title,0,historical_detail_2024-11-01_to_2026-07-22,
686,41157206507595,41157206507595,Jameson Black Barrel Irish Whiskey,750ML,,Current variant ID,1,historical_detail_2024-11-01_to_2026-07-22,
687,41157206507595,41157206507595,Jameson Black Barrel Irish Whiskey,1L,,Current variant ID,1,historical_detail_2024-11-01_to_2026-07-22,
688,42913408745547,41318381617227,Jameson Irish Whiskey,750ML,,Product ID + title,0,historical_detail_2024-11-01_to_2026-07-22,
689,42913408778315,41318381649995,Jameson Irish Whiskey,1L,,Product ID + title,0,historical_detail_2024-11-01_to_2026-07-22,
690,41157206540363,41157206540363,Jameson Irish Whiskey,375ML,22991,Current variant ID,1,historical_detail_2024-11-01_to_2026-07-22,
691,42913408745547,41157206605899,Jameson Irish Whiskey,750ML,,Product ID + title,0,historical_detail_2024-11-01_to_2026-07-22,
692,42913408811083,41318381584459,Jameson Irish Whiskey,1.75L,,Product ID + title,0,historical_detail_2024-11-01_to_2026-07-22,
693,42913408778315,41157206638667,Jameson Irish Whiskey,1L,,Product ID + title,0,historical_detail_2024-11-01_to_2026-07-22,
696,41157206999115,41157206999115,Jameson Orange,750ML,,Current variant ID,1,historical_detail_2024-11-01_to_2026-07-22,
697,41157207064651,41157207064651,Jefferson's Ocean Aged Double Barrel Rye,750ML,,Current variant ID,1,historical_detail_2024-11-01_to_2026-07-22,
698,41157207097419,41157207097419,Jefferson's Reserve Bourbon Whiskey,750ML,,Current variant ID,1,historical_detail_2024-11-01_to_2026-07-22,
699,42913408548939,41177555632203,Jefferson's Bourbon Whiskey,750ML,,Product ID + title,0,historical_detail_2024-11-01_to_2026-07-22,
700,41157207130187,41157207130187,Jefferson's Bourbon Whiskey,1.75L,,Current variant ID,1,historical_detail_2024-11-01_to_2026-07-22,
701,41157207195723,41157207195723,Jim Beam 7 Years Old Black Kentucky Straight Bourbon Whiskey,50ML,,Current variant ID,1,historical_detail_2024-11-01_to_2026-07-22,
702,41157207195723,41157207195723,Jim Beam 7Yrs Black Straight,50ML,,Current variant ID,1,historical_detail_2024-11-01_to_2026-07-22,
703,42913408483403,41157207228491,Jim Beam 7Yrs Black Straight,750ML,,Product ID + title,0,historical_detail_2024-11-01_to_2026-07-22,
704,42913408385099,41318381486155,Jim Beam Apple Bourbon Whiskey Proof 70,50ML,,Product ID + title,0,historical_detail_2024-11-01_to_2026-07-22,
705,42913408385099,41157207294027,Jim Beam Apple Bourbon Whiskey Proof 70,50ML,,Product ID + title,0,historical_detail_2024-11-01_to_2026-07-22,
706,41157207261259,41157207261259,Jim Beam Apple Bourbon Whiskey Proof 70,750ML,,Current variant ID,1,historical_detail_2024-11-01_to_2026-07-22,
707,41318381420619,41318381420619,Jim Beam Bourbon Whiskey,50ML,,Current variant ID,1,historical_detail_2024-11-01_to_2026-07-22,
708,42913408286795,41157207392331,Jim Beam Bourbon Whiskey,1L,,Product ID + title,0,historical_detail_2024-11-01_to_2026-07-22,
709,42913408254027,42913408254027,Jim Beam Bourbon Whiskey,750ML,,Current variant ID,1,historical_detail_2024-11-01_to_2026-07-22,
710,42913408319563,41157207425099,Jim Beam Bourbon Whiskey,1.75L,,Product ID + title,0,historical_detail_2024-11-01_to_2026-07-22,
711,42913408221259,41157207359563,Jim Beam Bourbon Whiskey,375ML,,Product ID + title,0,historical_detail_2024-11-01_to_2026-07-22,
712,42913408319563,41318381387851,Jim Beam Bourbon Whiskey,1.75L,,Product ID + title,0,historical_detail_2024-11-01_to_2026-07-22,
713,42913408221259,41318381322315,Jim Beam Bourbon Whiskey,375ML,,Product ID + title,0,historical_detail_2024-11-01_to_2026-07-22,
714,42913408286795,41318381355083,Jim Beam Bourbon Whiskey,1L,,Product ID + title,0,historical_detail_2024-11-01_to_2026-07-22,
715,42913408254027,41157207326795,Jim Beam Bourbon Whiskey,750ML,,Product ID + title,0,historical_detail_2024-11-01_to_2026-07-22,
716,41318381420619,41157207457867,Jim Beam Bourbon Whiskey,50ML,,Product ID + title,0,historical_detail_2024-11-01_to_2026-07-22,
717,41157207490635,41157207490635,Jim Beam Devil's Cut Bourbon Whiskey,50ML,,Current variant ID,1,historical_detail_2024-11-01_to_2026-07-22,
718,41157207523403,41157207523403,Jim Beam Devil's Cut Straight Bourbon,750ML,,Current variant ID,1,historical_detail_2024-11-01_to_2026-07-22,
719,41157207556171,41157207556171,Jim Beam Double Oak Straight Bourbon Whiskey,750ML,,Current variant ID,1,historical_detail_2024-11-01_to_2026-07-22,
720,42913408155723,41157207621707,Jim Beam Honey Bourbon Whiskey,50ML,,Product ID + title,0,historical_detail_2024-11-01_to_2026-07-22,
721,42913408155723,41318381027403,Jim Beam Honey Bourbon Whiskey,50ML,,Product ID + title,0,historical_detail_2024-11-01_to_2026-07-22,
722,41157207588939,41157207588939,Jim Beam Honey Bourbon Whiskey,750ML,,Current variant ID,1,historical_detail_2024-11-01_to_2026-07-22,
723,41157207654475,41157207654475,Jim Beam Fire Kentucky Straight Bourbon,750ML,,Current variant ID,1,historical_detail_2024-11-01_to_2026-07-22,
724,42913408122955,41157207687243,Jim Beam Fire Kentucky Straight Bourbon,50ML,,Product ID + title,0,historical_detail_2024-11-01_to_2026-07-22,
725,41157207654475,41157207654475,Jim Beam Kentucky Fire Cinnamon Infused Kentucky Straight Bourbon Whiskey 65 Proof,750ML,,Current variant ID,1,historical_detail_2024-11-01_to_2026-07-22,
726,42913408057419,41318380994635,Jim Beam Peach Bourbon Whiskey,50ML,,Product ID + title,0,historical_detail_2024-11-01_to_2026-07-22,
727,41157207752779,41157207752779,Jim Beam Peach Bourbon Whiskey,750ML,,Current variant ID,1,historical_detail_2024-11-01_to_2026-07-22,
728,41157207883851,41157207883851,Jim Beam Red Stag Bourbon Whiskey,50ML,,Current variant ID,1,historical_detail_2024-11-01_to_2026-07-22,
729,42913407991883,41722938949707,Jim Beam Red Stag Bourbon Whiskey,1L,,Product ID + title,0,historical_detail_2024-11-01_to_2026-07-22,
730,42913407926347,41157207851083,Jim Beam Red Stag Bourbon Whiskey,375ML,,Product ID + title,0,historical_detail_2024-11-01_to_2026-07-22,
731,42913408024651,41315733405771,Jim Beam Red Stag Bourbon Whiskey,1.75L,948526,SKU + title,0,historical_detail_2024-11-01_to_2026-07-22,
732,42913407959115,41157207818315,Jim Beam Red Stag Bourbon Whiskey,750ML,,Product ID + title,0,historical_detail_2024-11-01_to_2026-07-22,
733,42913407828043,41157207916619,Jim Beam Vanilla Bourbon Whiskey 70 Proof,750ML,,Product ID + title,0,historical_detail_2024-11-01_to_2026-07-22,
734,41318380961867,41157207949387,Jim Beam Vanilla Bourbon Whiskey 70 Proof,50ML,,Product ID + title,0,historical_detail_2024-11-01_to_2026-07-22,
735,41318380961867,41318380961867,Jim Beam Vanilla Bourbon Whiskey 70 Proof,50ML,,Current variant ID,1,historical_detail_2024-11-01_to_2026-07-22,
736,42913407729739,41318380929099,Johnnie Walker Black Label,1L,,Product ID + title,0,historical_detail_2024-11-01_to_2026-07-22,
737,42913407664203,41318380863563,Johnnie Walker Black Label,750ML,,Product ID + title,0,historical_detail_2024-11-01_to_2026-07-22,
738,42913407696971,41318380896331,Johnnie Walker Black Label,375ML,,Product ID + title,0,historical_detail_2024-11-01_to_2026-07-22,
739,41157207982155,41157207982155,Johnnie Walker Black Label,1.75L,,Current variant ID,1,historical_detail_2024-11-01_to_2026-07-22,
740,42913407664203,41157208014923,Johnnie Walker Black Label,750ML,,Product ID + title,0,historical_detail_2024-11-01_to_2026-07-22,
741,41157208211531,41157208211531,Johnnie Walker Gold Label Reserve,750ML,,Current variant ID,1,historical_detail_2024-11-01_to_2026-07-22,
742,42913407533131,41318380798027,Johnnie Walker Red Label,200ML,,Product ID + title,0,historical_detail_2024-11-01_to_2026-07-22,
743,42913407500363,41157208309835,Johnnie Walker Red Label,750ML,,Product ID + title,0,historical_detail_2024-11-01_to_2026-07-22,
744,42913407467595,41318380732491,Johnnie Walker Red Label,1.75L,,Product ID + title,0,historical_detail_2024-11-01_to_2026-07-22,
745,42913407565899,41157208375371,Johnnie Walker Red Label,375ML,,Product ID + title,0,historical_detail_2024-11-01_to_2026-07-22,
746,42913407533131,42913407533131,Johnnie Walker Red Label,200ML,,Current variant ID,1,historical_detail_2024-11-01_to_2026-07-22,
747,42913407467595,41157208277067,Johnnie Walker Red Label,1.75L,,Product ID + title,0,historical_detail_2024-11-01_to_2026-07-22,
748,42913407500363,41318380765259,Johnnie Walker Red Label,750ML,,Product ID + title,0,historical_detail_2024-11-01_to_2026-07-22,
749,42913407533131,41157208342603,Johnnie Walker Red Label,200ML,,Product ID + title,0,historical_detail_2024-11-01_to_2026-07-22,
750,42913407565899,41318380830795,Johnnie Walker Red Label,375ML,,Product ID + title,0,historical_detail_2024-11-01_to_2026-07-22,
751,41157208244299,41157208244299,Johnnie Walker Red Label,1L,,Current variant ID,1,historical_detail_2024-11-01_to_2026-07-22,
752,41157208408139,41157208408139,Josh Cellars Buttery Chardonnay Reserve,750ML,,Current variant ID,1,historical_detail_2024-11-01_to_2026-07-22,
753,41157208440907,41157208440907,Josh Cellars Cabernet Sauvignon,750ML,,Current variant ID,1,historical_detail_2024-11-01_to_2026-07-22,
754,41157208473675,41157208473675,Josh Cellars Cabernet Sauvignon Hearth California,750ML,,Current variant ID,1,historical_detail_2024-11-01_to_2026-07-22,
755,41157208506443,41157208506443,Josh Cellars Chardonnay,750ML,,Current variant ID,1,historical_detail_2024-11-01_to_2026-07-22,
756,41157208539211,41157208539211,Josh Cellars Family Reserve Red Blend,750ML,,Current variant ID,1,historical_detail_2024-11-01_to_2026-07-22,
757,41157208571979,41157208571979,Josh Cellars Legacy Red,750ML,,Current variant ID,1,historical_detail_2024-11-01_to_2026-07-22,
758,41157208604747,41157208604747,Josh Cellars Pinot Noir,750ML,,Current variant ID,1,historical_detail_2024-11-01_to_2026-07-22,
759,41157208637515,41157208637515,Josh Cellars Sauvignon Blanc,750ML,,Current variant ID,1,historical_detail_2024-11-01_to_2026-07-22,
760,42913407238219,41318380699723,Kamchatka Vodka,375ML,,Product ID + title,0,historical_detail_2024-11-01_to_2026-07-22,
761,41157208670283,41157208670283,Kamchatka Vodka,1L,,Current variant ID,1,historical_detail_2024-11-01_to_2026-07-22,
762,41157208768587,41157208768587,Kendall-Jackson Vintner's Reserve Chardonnay,750ML,,Current variant ID,1,historical_detail_2024-11-01_to_2026-07-22,
763,42913407074379,42913407074379,Ketel One Vodka,1.75L,,Current variant ID,1,historical_detail_2024-11-01_to_2026-07-22,
764,42913407008843,42913407008843,Ketel One Vodka,750ML,,Current variant ID,1,historical_detail_2024-11-01_to_2026-07-22,
765,42913407008843,41318380437579,Ketel One Vodka,750ML,,Product ID + title,0,historical_detail_2024-11-01_to_2026-07-22,
766,41318380372043,41318380372043,Ketel One Vodka,375ML,,Current variant ID,1,historical_detail_2024-11-01_to_2026-07-22,
767,41318380372043,41157208834123,Ketel One Vodka,375ML,,Product ID + title,0,historical_detail_2024-11-01_to_2026-07-22,
768,42913407074379,41157208801355,Ketel One Vodka,1.75L,,Product ID + title,0,historical_detail_2024-11-01_to_2026-07-22,
769,42913407008843,41157208899659,Ketel One Vodka,750ML,,Product ID + title,0,historical_detail_2024-11-01_to_2026-07-22,
770,42913407041611,41318380404811,Ketel One Vodka,1L,,Product ID + title,0,historical_detail_2024-11-01_to_2026-07-22,
771,42913407041611,41157208866891,Ketel One Vodka,1L,,Product ID + title,0,historical_detail_2024-11-01_to_2026-07-22,
772,42913407041611,42913407041611,Ketel One Vodka,1L,,Current variant ID,1,historical_detail_2024-11-01_to_2026-07-22,
773,41157208932427,41157208932427,Kim Crawford Prosecco,750ML,,Current variant ID,1,historical_detail_2024-11-01_to_2026-07-22,
774,41157208965195,41157208965195,Kim Crawford Rose,750ML,,Current variant ID,1,historical_detail_2024-11-01_to_2026-07-22,
775,41157208997963,41157208997963,Kim Crawford Sauvignon Blanc,750ML,,Current variant ID,1,historical_detail_2024-11-01_to_2026-07-22,
776,41157209030731,41157209030731,Knob Creek 7 Year Old Rye,750ML,,Current variant ID,1,historical_detail_2024-11-01_to_2026-07-22,
777,42913406845003,42913406845003,Knob Creek Kentucky Straight Bourbon,750ML,,Current variant ID,1,historical_detail_2024-11-01_to_2026-07-22,
778,42913406845003,41157209063499,Knob Creek Kentucky Straight Bourbon,750ML,,Product ID + title,0,historical_detail_2024-11-01_to_2026-07-22,
779,41157209129035,41157209129035,Knob Creek Kentucky Straight Bourbon,375ML,,Current variant ID,1,historical_detail_2024-11-01_to_2026-07-22,
780,42913406877771,41157209161803,Knob Creek Kentucky Straight Bourbon,1L,,Product ID + title,0,historical_detail_2024-11-01_to_2026-07-22,
781,41716813201483,41716813201483,Loyal 9 Cocktails Lemonade + Iced Tea,4pk-12oz Cans,,Current variant ID,1,historical_detail_2024-11-01_to_2026-07-22,
782,41716813168715,41716813168715,Loyal 9 Mixed Berry Lemonade,4pk-12oz Cans,,Current variant ID,1,historical_detail_2024-11-01_to_2026-07-22,
783,41716813135947,41716813135947,Loyal 9 Watermelon Lemonade,4pk-12oz Cans,,Current variant ID,1,historical_detail_2024-11-01_to_2026-07-22,
784,41157209325643,41157209325643,Lunazul Anejo,750ML,,Current variant ID,1,historical_detail_2024-11-01_to_2026-07-22,
785,41157209423947,41157209423947,Lunazul Anejo Extra Aged,750ML,,Current variant ID,1,historical_detail_2024-11-01_to_2026-07-22,
786,41157209456715,41157209456715,Lunazul Blanco,750ML,,Current variant ID,1,historical_detail_2024-11-01_to_2026-07-22,
787,41157209489483,41157209489483,Lunazul Reposado,750ML,,Current variant ID,1,historical_detail_2024-11-01_to_2026-07-22,
788,42913406582859,41157209555019,Maker's Mark 46 Bourbon Whisky,750ML,,Product ID + title,0,historical_detail_2024-11-01_to_2026-07-22,
789,42913406582859,41318380339275,Maker's Mark 46 Bourbon Whisky,750ML,,Product ID + title,0,historical_detail_2024-11-01_to_2026-07-22,
790,41157209522251,41157209522251,Maker's Mark 46 Bourbon Whisky,375ML,,Current variant ID,1,historical_detail_2024-11-01_to_2026-07-22,
791,41157209587787,41157209587787,Maker's Mark Bourbon Whisky,1.75L,,Current variant ID,1,historical_detail_2024-11-01_to_2026-07-22,
792,42913406419019,41318380208203,Maker's Mark Bourbon Whisky,1L,,Product ID + title,0,historical_detail_2024-11-01_to_2026-07-22,
793,42913406517323,42913406517323,Maker's Mark Bourbon Whisky,750ML,,Current variant ID,1,historical_detail_2024-11-01_to_2026-07-22,
794,42913406419019,41157209620555,Maker's Mark Bourbon Whisky,1L,,Product ID + title,0,historical_detail_2024-11-01_to_2026-07-22,
795,42913406517323,41318380306507,Maker's Mark Bourbon Whisky,750ML,,Product ID + title,0,historical_detail_2024-11-01_to_2026-07-22,
796,42913406451787,41318380240971,Maker's Mark Bourbon Whisky,375ML,,Product ID + title,0,historical_detail_2024-11-01_to_2026-07-22,
797,42913406517323,41157209718859,Maker's Mark Bourbon Whisky,750ML,,Product ID + title,0,historical_detail_2024-11-01_to_2026-07-22,
798,42913406451787,41157209653323,Maker's Mark Bourbon Whisky,375ML,,Product ID + title,0,historical_detail_2024-11-01_to_2026-07-22,
799,42913406484555,41157209686091,Maker's Mark Bourbon Whisky,50ML,,Product ID + title,0,historical_detail_2024-11-01_to_2026-07-22,
800,42913406484555,41318380273739,Maker's Mark Bourbon Whisky,50ML,,Product ID + title,0,historical_detail_2024-11-01_to_2026-07-22,
801,41157209751627,41157209751627,Master of Mixes Margarita,1.75L,,Current variant ID,1,historical_detail_2024-11-01_to_2026-07-22,
802,42913406320715,41164123930699,Master of Mixes Margarita,1L,,Product ID + title,0,historical_detail_2024-11-01_to_2026-07-22,
803,42913406255179,41318379913291,Master of Mixes Pina Colada,1L,,Product ID + title,0,historical_detail_2024-11-01_to_2026-07-22,
804,42913406255179,41157209849931,Master of Mixes Pina Colada,1L,,Product ID + title,0,historical_detail_2024-11-01_to_2026-07-22,
805,41157209817163,41157209817163,Master of Mixes Pina Colada,1.75L,,Current variant ID,1,historical_detail_2024-11-01_to_2026-07-22,
806,42913406156875,41318379847755,Master of Mixes Strawberry Daiquiri Margarita,1L,,Product ID + title,0,historical_detail_2024-11-01_to_2026-07-22,
807,41157209882699,41157209882699,Master of Mixes Strawberry Daiquiri Margarita,1.75L,,Current variant ID,1,historical_detail_2024-11-01_to_2026-07-22,
808,42913406156875,41157209915467,Master of Mixes Strawberry Daiquiri Margarita,1L,,Product ID + title,0,historical_detail_2024-11-01_to_2026-07-22,
809,41157209981003,41157209981003,Old Crow Bourbon Whiskey,750ML,,Current variant ID,1,historical_detail_2024-11-01_to_2026-07-22,
810,41157210013771,41157210013771,Old Grand-Dad 80 Proof,750ML,,Current variant ID,1,historical_detail_2024-11-01_to_2026-07-22,
811,41157210046539,41157210046539,Ole Smoky Banana Pudding Cream Moonshine,750ML,,Current variant ID,1,historical_detail_2024-11-01_to_2026-07-22,
812,41157210079307,41157210079307,Ole Smoky Moonshine Cherries,750ML,,Current variant ID,1,historical_detail_2024-11-01_to_2026-07-22,
813,41157210210379,41157210210379,Ole Smoky Moonshine Pickles,750ML,,Current variant ID,1,historical_detail_2024-11-01_to_2026-07-22,
814,41157210243147,41157210243147,Ole Smoky Moonshine Pineapples with Pina Colada,750ML,,Current variant ID,1,historical_detail_2024-11-01_to_2026-07-22,
815,41157210275915,41157210275915,Ole Smoky Orange Shinesicle Cream Liqueur,750ML,,Current variant ID,1,historical_detail_2024-11-01_to_2026-07-22,
816,41157210308683,41157210308683,Patron Anejo,750ML,,Current variant ID,1,historical_detail_2024-11-01_to_2026-07-22,
817,41157210341451,41157210341451,Patron El Cielo,750ML,,Current variant ID,1,historical_detail_2024-11-01_to_2026-07-22,
818,41157210374219,41157210374219,Patron Reposado,750ML,,Current variant ID,1,historical_detail_2024-11-01_to_2026-07-22,
819,42913405829195,41157210439755,Patron Silver,750ML,,Product ID + title,0,historical_detail_2024-11-01_to_2026-07-22,
820,42913405796427,42376753021003,Patron Silver Tequila,375ML,,Product ID + title,0,historical_detail_2024-11-01_to_2026-07-22,
821,41318379683915,41318379683915,Patron Silver,50ML,,Current variant ID,1,historical_detail_2024-11-01_to_2026-07-22,
822,42913405829195,41157210439755,Patron Silver Tequila,750ML,,Product ID + title,0,historical_detail_2024-11-01_to_2026-07-22,
823,41318379683915,41318379683915,Patron Silver Tequila,50ML,,Current variant ID,1,historical_detail_2024-11-01_to_2026-07-22,
824,41318379683915,41157210472523,Patron Silver,50ML,,Product ID + title,0,historical_detail_2024-11-01_to_2026-07-22,
825,41157210505291,41157210505291,Paul Masson Amber Peach Brandy,750ML,,Current variant ID,1,historical_detail_2024-11-01_to_2026-07-22,
826,41157210538059,41157210538059,Paul Masson Grande Amber 80 Proof,375ML,,Current variant ID,1,historical_detail_2024-11-01_to_2026-07-22,
827,42913405698123,41318379618379,Paul Masson Grande Amber 80 Proof,200ML,,Product ID + title,0,historical_detail_2024-11-01_to_2026-07-22,
828,42913405665355,41318379585611,Paul Masson Grande Amber 80 Proof,750ML,,Product ID + title,0,historical_detail_2024-11-01_to_2026-07-22,
829,42913405665355,41157210570827,Paul Masson Grande Amber 80 Proof,750ML,,Product ID + title,0,historical_detail_2024-11-01_to_2026-07-22,
830,41157210636363,41157210636363,Remy Martin VSOP,750ML,,Current variant ID,1,historical_detail_2024-11-01_to_2026-07-22,
831,42913405599819,41318379552843,Remy Martin VSOP Cognac,375ML,,Product ID + title,0,historical_detail_2024-11-01_to_2026-07-22,
832,41157210636363,41157210636363,Remy Martin VSOP Cognac,750ML,,Current variant ID,1,historical_detail_2024-11-01_to_2026-07-22,
833,42913405599819,41318379552843,Remy Martin VSOP,375ML,,Product ID + title,0,historical_detail_2024-11-01_to_2026-07-22,
834,42913405599819,41157210669131,Remy Martin VSOP,375ML,,Product ID + title,0,historical_detail_2024-11-01_to_2026-07-22,
835,41157210734667,41157210734667,Roku Japanese Gin,750ML,,Current variant ID,1,historical_detail_2024-11-01_to_2026-07-22,
836,41157210800203,41157210800203,Ruffino Delle Venezie Pinot Grigio Lumina,750ML,,Current variant ID,1,historical_detail_2024-11-01_to_2026-07-22,
837,41157210865739,41157210865739,Ruffino Prosecco,750ML,,Current variant ID,1,historical_detail_2024-11-01_to_2026-07-22,
838,41157210898507,41157210898507,Ruffino Prosecco Rose,750ML,,Current variant ID,1,historical_detail_2024-11-01_to_2026-07-22,
839,41157210931275,41157210931275,Saldo Red Blend,750ML,,Current variant ID,1,historical_detail_2024-11-01_to_2026-07-22,
840,41157210964043,41157210964043,Saldo Zinfandel,750ML,,Current variant ID,1,historical_detail_2024-11-01_to_2026-07-22,
841,42913405337675,41318379421771,Seagram's 7 Crown,375ML,,Product ID + title,0,historical_detail_2024-11-01_to_2026-07-22,
842,42913405370443,41318379323467,Seagram's 7 Crown American Blended Whiskey,750ML,,Product ID + title,0,historical_detail_2024-11-01_to_2026-07-22,
843,42913405370443,42913405370443,Seagram's 7 Crown American Blended Whiskey,750ML,,Current variant ID,1,historical_detail_2024-11-01_to_2026-07-22,
844,42913405337675,41318379421771,Seagram's 7 Crown American Blended Whiskey,375ML,,Product ID + title,0,historical_detail_2024-11-01_to_2026-07-22,
845,42913405403211,41157210996811,Seagram's 7 Crown,1L,,Product ID + title,0,historical_detail_2024-11-01_to_2026-07-22,
846,42913405304907,41318379454539,Seagram's 7 Crown American Blended Whiskey,200ML,,Product ID + title,0,historical_detail_2024-11-01_to_2026-07-22,
847,42913405337675,41157211127883,Seagram's 7 Crown,375ML,,Product ID + title,0,historical_detail_2024-11-01_to_2026-07-22,
848,42913405370443,41318379323467,Seagram's 7 Crown,750ML,,Product ID + title,0,historical_detail_2024-11-01_to_2026-07-22,
849,42913405435979,41318379356235,Seagram's 7 Crown,1.75L,,Product ID + title,0,historical_detail_2024-11-01_to_2026-07-22,
850,42913405435979,41318379356235,Seagram's 7 Crown American Blended Whiskey,1.75L,,Product ID + title,0,historical_detail_2024-11-01_to_2026-07-22,
851,42913405370443,41157211029579,Seagram's 7 Crown,750ML,,Product ID + title,0,historical_detail_2024-11-01_to_2026-07-22,
852,41318379389003,41318379389003,Seagram's 7 Crown American Blended Whiskey,50ML,,Current variant ID,1,historical_detail_2024-11-01_to_2026-07-22,
853,42913405304907,41318379454539,Seagram's 7 Crown,200ML,,Product ID + title,0,historical_detail_2024-11-01_to_2026-07-22,
854,42913405435979,41157211062347,Seagram's 7 Crown,1.75L,,Product ID + title,0,historical_detail_2024-11-01_to_2026-07-22,
855,41157211193419,41157211193419,Seagrams Extra Dry Gin,50ML,,Current variant ID,1,historical_detail_2024-11-01_to_2026-07-22,
856,42913405206603,41318379257931,Seagrams Extra Dry Gin,375ML,,Product ID + title,0,historical_detail_2024-11-01_to_2026-07-22,
857,42913405206603,41157211291723,Seagrams Extra Dry Gin,375ML,,Product ID + title,0,historical_detail_2024-11-01_to_2026-07-22,
858,42913405141067,41318379192395,Seagrams Extra Dry Gin,1.75L,,Product ID + title,0,historical_detail_2024-11-01_to_2026-07-22,
859,42913405173835,41318379225163,Seagrams Extra Dry Gin,750ML,,Product ID + title,0,historical_detail_2024-11-01_to_2026-07-22,
860,42913405173835,41157211258955,Seagrams Extra Dry Gin,750ML,,Product ID + title,0,historical_detail_2024-11-01_to_2026-07-22,
861,42913405206603,42913405206603,Seagrams Extra Dry Gin,375ML,,Current variant ID,1,historical_detail_2024-11-01_to_2026-07-22,
862,42913405239371,41157211324491,Seagrams Extra Dry Gin,1L,,Product ID + title,0,historical_detail_2024-11-01_to_2026-07-22,
863,42913405239371,41318379290699,Seagrams Extra Dry Gin,1L,,Product ID + title,0,historical_detail_2024-11-01_to_2026-07-22,
864,42913404977227,41318379126859,Skrewball Peanut Butter Whiskey,375ML,,Product ID + title,0,historical_detail_2024-11-01_to_2026-07-22,
865,41318379159627,41157211488331,Skrewball Peanut Butter Whiskey,50ML,,Product ID + title,0,historical_detail_2024-11-01_to_2026-07-22,
866,42913405009995,42018432188491,Skrewball Peanut Butter Whiskey,750ML,,Product ID + title,0,historical_detail_2024-11-01_to_2026-07-22,
867,42913404944459,41318379094091,Skrewball Peanut Butter Whiskey,200ML,,Product ID + title,0,historical_detail_2024-11-01_to_2026-07-22,
868,42913404977227,41157211455563,Skrewball Peanut Butter Whiskey,375ML,,Product ID + title,0,historical_detail_2024-11-01_to_2026-07-22,
869,42913405042763,41157211390027,Skrewball Peanut Butter Whiskey,1L,,Product ID + title,0,historical_detail_2024-11-01_to_2026-07-22,
870,41318379159627,41318379159627,Skrewball Peanut Butter Whiskey,50ML,,Current variant ID,1,historical_detail_2024-11-01_to_2026-07-22,
871,42913404944459,41157211422795,Skrewball Peanut Butter Whiskey,200ML,,Product ID + title,0,historical_detail_2024-11-01_to_2026-07-22,
872,42913404813387,41318378897483,Skyy Vodka,1L,,Product ID + title,0,historical_detail_2024-11-01_to_2026-07-22,
873,42913404813387,41157211521099,Skyy Vodka,1L,,Product ID + title,0,historical_detail_2024-11-01_to_2026-07-22,
874,41318379028555,41318379028555,Skyy Vodka,50ML,,Current variant ID,1,historical_detail_2024-11-01_to_2026-07-22,
875,42913404780619,42913404780619,Skyy Vodka,750ML,,Current variant ID,1,historical_detail_2024-11-01_to_2026-07-22,
876,42913404747851,41157211553867,Skyy Vodka,375ML,,Product ID + title,0,historical_detail_2024-11-01_to_2026-07-22,
877,42913404780619,41318378930251,Skyy Vodka,750ML,,Product ID + title,0,historical_detail_2024-11-01_to_2026-07-22,
878,42913404846155,41165223886923,Skyy Vodka,1.75L,,Product ID + title,0,historical_detail_2024-11-01_to_2026-07-22,
879,42913404715083,41318378995787,Skyy Vodka,200ML,,Product ID + title,0,historical_detail_2024-11-01_to_2026-07-22,
880,42913404715083,41157211652171,Skyy Vodka,200ML,,Product ID + title,0,historical_detail_2024-11-01_to_2026-07-22,
881,42913404747851,41318378963019,Skyy Vodka,375ML,,Product ID + title,0,historical_detail_2024-11-01_to_2026-07-22,
882,42913404846155,42913404846155,Skyy Vodka,1.75L,,Current variant ID,1,historical_detail_2024-11-01_to_2026-07-22,
883,42913404780619,41157211586635,Skyy Vodka,750ML,,Product ID + title,0,historical_detail_2024-11-01_to_2026-07-22,
884,42913404649547,41157211717707,Smirnoff Blue Raspberry Lemonade Vodka,50ML,,Product ID + title,0,historical_detail_2024-11-01_to_2026-07-22,
885,42913404649547,41318378864715,Smirnoff Blue Raspberry Lemonade,50ML,,Product ID + title,0,historical_detail_2024-11-01_to_2026-07-22,
886,41157211684939,41157211684939,Smirnoff Blue Raspberry Lemonade Vodka,750ML,,Current variant ID,1,historical_detail_2024-11-01_to_2026-07-22,
887,41157211684939,41157211684939,Smirnoff Blue Raspberry Lemonade,750ML,,Current variant ID,1,historical_detail_2024-11-01_to_2026-07-22,
888,41157211750475,41157211750475,Smirnoff Blueberry Vodka 60 Proof,50ML,,Current variant ID,1,historical_detail_2024-11-01_to_2026-07-22,
889,41157211750475,41157211750475,Smirnoff Blueberry,50ML,,Current variant ID,1,historical_detail_2024-11-01_to_2026-07-22,
890,42913404584011,41318378831947,Smirnoff Citrus,750ML,,Product ID + title,0,historical_detail_2024-11-01_to_2026-07-22,
891,41157211783243,41157211783243,Smirnoff Citrus Vodka 60 Proof,50ML,,Current variant ID,1,historical_detail_2024-11-01_to_2026-07-22,
892,42913404518475,41318378799179,Smirnoff Kissed Caramel,50ML,,Product ID + title,0,historical_detail_2024-11-01_to_2026-07-22,
893,41157211848779,41157211848779,Smirnoff Kissed Caramel,750ML,,Current variant ID,1,historical_detail_2024-11-01_to_2026-07-22,
894,42913404518475,41157211881547,Smirnoff Kissed Caramel,50ML,,Product ID + title,0,historical_detail_2024-11-01_to_2026-07-22,
895,42913404420171,41318378635339,Smirnoff No. 21 Vodka,1.75L,,Product ID + title,0,historical_detail_2024-11-01_to_2026-07-22,
896,42913404289099,42913404289099,Smirnoff No. 21 Vodka,200ML,,Current variant ID,1,historical_detail_2024-11-01_to_2026-07-22,
897,42913404420171,41157211979851,Smirnoff No. 21 Vodka,1.75L,,Product ID + title,0,historical_detail_2024-11-01_to_2026-07-22,
898,41318378733643,41166771191883,Smirnoff No. 21 Vodka,50ML,,Product ID + title,0,historical_detail_2024-11-01_to_2026-07-22,
899,42913404321867,41318378700875,Smirnoff No. 21 Vodka,375ML,,Product ID + title,0,historical_detail_2024-11-01_to_2026-07-22,
900,42913404354635,42913404354635,Smirnoff No. 21 Vodka,750ML,,Current variant ID,1,historical_detail_2024-11-01_to_2026-07-22,
901,42913404354635,41157211947083,Smirnoff No. 21 Vodka,750ML,,Product ID + title,0,historical_detail_2024-11-01_to_2026-07-22,
902,42913404321867,41157212045387,Smirnoff No. 21 Vodka,375ML,,Product ID + title,0,historical_detail_2024-11-01_to_2026-07-22,
903,42913404420171,42913404420171,Smirnoff No. 21 Vodka,1.75L,,Current variant ID,1,historical_detail_2024-11-01_to_2026-07-22,
904,42913404289099,41157212012619,Smirnoff No. 21 Vodka,200ML,,Product ID + title,0,historical_detail_2024-11-01_to_2026-07-22,
905,42913404289099,41318378668107,Smirnoff No. 21 Vodka,200ML,,Product ID + title,0,historical_detail_2024-11-01_to_2026-07-22,
906,41318378733643,41318378733643,Smirnoff No. 21 Vodka,50ML,,Current variant ID,1,historical_detail_2024-11-01_to_2026-07-22,
907,42913404387403,41157211914315,Smirnoff No. 21 Vodka,1L,,Product ID + title,0,historical_detail_2024-11-01_to_2026-07-22,
908,42913404354635,41318378602571,Smirnoff No. 21 Vodka,750ML,,Product ID + title,0,historical_detail_2024-11-01_to_2026-07-22,
909,42913404321867,42913404321867,Smirnoff No. 21 Vodka,375ML,,Current variant ID,1,historical_detail_2024-11-01_to_2026-07-22,
910,42913404223563,41318378569803,Smirnoff Orange,750ML,,Product ID + title,0,historical_detail_2024-11-01_to_2026-07-22,
911,41157212078155,41157212078155,Smirnoff Orange,50ML,,Current variant ID,1,historical_detail_2024-11-01_to_2026-07-22,
912,42913404223563,41318378569803,Smirnoff Orange Vodka 60 Proof,750ML,,Product ID + title,0,historical_detail_2024-11-01_to_2026-07-22,
913,41157212078155,41157212078155,Smirnoff Orange Vodka 60 Proof,50ML,,Current variant ID,1,historical_detail_2024-11-01_to_2026-07-22,
914,42913404223563,41157212110923,Smirnoff Orange Vodka 60 Proof,750ML,,Product ID + title,0,historical_detail_2024-11-01_to_2026-07-22,
915,41318378504267,41318378504267,Smirnoff Peach,750ML,,Current variant ID,1,historical_detail_2024-11-01_to_2026-07-22,
916,42913404158027,41318378537035,Smirnoff Peach,50ML,,Product ID + title,0,historical_detail_2024-11-01_to_2026-07-22,
917,42913404059723,41157212241995,Smirnoff Peppermint Twist,50ML,,Product ID + title,0,historical_detail_2024-11-01_to_2026-07-22,
918,41157212209227,41157212209227,Smirnoff Peppermint Twist,750ML,,Current variant ID,1,historical_detail_2024-11-01_to_2026-07-22,
919,42913404059723,41318378438731,Smirnoff Peppermint Twist,50ML,,Product ID + title,0,historical_detail_2024-11-01_to_2026-07-22,
920,41157212274763,41157212274763,Smirnoff Red White & Berry Vodka,750ML,,Current variant ID,1,historical_detail_2024-11-01_to_2026-07-22,
921,41157212274763,41157212274763,Smirnoff Raspberry,750ML,,Current variant ID,1,historical_detail_2024-11-01_to_2026-07-22,
922,41157212307531,41157212307531,Smirnoff Raspberry 60 Proof,50ML,,Current variant ID,1,historical_detail_2024-11-01_to_2026-07-22,
923,41157212438603,41157212438603,Smirnoff Strawberry,750ML,,Current variant ID,1,historical_detail_2024-11-01_to_2026-07-22,
924,42913403961419,41318378405963,Smirnoff Strawberry,50ML,,Product ID + title,0,historical_detail_2024-11-01_to_2026-07-22,
925,42913403863115,41318378373195,Smirnoff Vanilla Vodka 60 Proof,50ML,,Product ID + title,0,historical_detail_2024-11-01_to_2026-07-22,
926,41157212504139,41157212504139,Smirnoff Vanilla Vodka 60 Proof,750ML,,Current variant ID,1,historical_detail_2024-11-01_to_2026-07-22,
927,42913403797579,41318378307659,Smirnoff Watermelon,50ML,,Product ID + title,0,historical_detail_2024-11-01_to_2026-07-22,
928,42913403797579,41157212602443,Smirnoff Watermelon,50ML,,Product ID + title,0,historical_detail_2024-11-01_to_2026-07-22,
929,41157212569675,41157212569675,Smirnoff Watermelon,750ML,,Current variant ID,1,historical_detail_2024-11-01_to_2026-07-22,
930,41157212635211,41157212635211,Sutter Home Cabernet Sauvignon,187ML,,Current variant ID,1,historical_detail_2024-11-01_to_2026-07-22,
931,41157212667979,41157212667979,Sutter Home Chardonnay,187ML,,Current variant ID,1,historical_detail_2024-11-01_to_2026-07-22,
932,41157212700747,41157212700747,Sutter Home Moscato,187ML,,Current variant ID,1,historical_detail_2024-11-01_to_2026-07-22,
933,41157212733515,41157212733515,Sutter Home Pinot Grigio,187ML,,Current variant ID,1,historical_detail_2024-11-01_to_2026-07-22,
934,41157212733515,41157212733515,Sutter Home Pinot Grigio 4pk,187ML,,Current variant ID,1,historical_detail_2024-11-01_to_2026-07-22,
935,41157212766283,41157212766283,Sutter Home White Zinfandel,187ML,,Current variant ID,1,historical_detail_2024-11-01_to_2026-07-22,
936,42913403666507,41318378242123,Svedka Blue Raspberry,1.75L,,Product ID + title,0,historical_detail_2024-11-01_to_2026-07-22,
937,41157212799051,41157212799051,Svedka Blue Raspberry,1L,,Current variant ID,1,historical_detail_2024-11-01_to_2026-07-22,
938,42913403568203,41318378209355,Svedka Cherry Limeade,1L,,Product ID + title,0,historical_detail_2024-11-01_to_2026-07-22,
939,41157212864587,41157212864587,Svedka Cherry Limeade,1.75L,,Current variant ID,1,historical_detail_2024-11-01_to_2026-07-22,
940,42913403502667,41318378176587,Svedka Mango Pineapple,1L,,Product ID + title,0,historical_detail_2024-11-01_to_2026-07-22,
941,41157213028427,41157213028427,Svedka Mango Pineapple,1.75L,,Current variant ID,1,historical_detail_2024-11-01_to_2026-07-22,
942,42913403502667,41157213061195,Svedka Mango Pineapple,1L,,Product ID + title,0,historical_detail_2024-11-01_to_2026-07-22,
943,42913403437131,41318378143819,Svedka Strawberry Lemonade,1L,,Product ID + title,0,historical_detail_2024-11-01_to_2026-07-22,
944,41157213093963,41157213093963,Svedka Strawberry Lemonade,1.75L,,Current variant ID,1,historical_detail_2024-11-01_to_2026-07-22,
945,41318378078283,41318378078283,Svedka Vodka,50ML,,Current variant ID,1,historical_detail_2024-11-01_to_2026-07-22,
946,41318378078283,41157213257803,Svedka Vodka,50ML,,Product ID + title,0,historical_detail_2024-11-01_to_2026-07-22,
947,42913403273291,41157213192267,Svedka Vodka,1L,,Product ID + title,0,historical_detail_2024-11-01_to_2026-07-22,
948,42913403273291,41318378012747,Svedka Vodka,1L,,Product ID + title,0,historical_detail_2024-11-01_to_2026-07-22,
949,42913403240523,41318378045515,Svedka Vodka,375ML,,Product ID + title,0,historical_detail_2024-11-01_to_2026-07-22,
950,42913403240523,41157213225035,Svedka Vodka,375ML,,Product ID + title,0,historical_detail_2024-11-01_to_2026-07-22,
951,42913403306059,41157213159499,Svedka Vodka,1.75L,,Product ID + title,0,historical_detail_2024-11-01_to_2026-07-22,
952,42913403142219,41318377947211,Ten High Bourbon,750ML,,Product ID + title,0,historical_detail_2024-11-01_to_2026-07-22,
953,42913403109451,41157213323339,Ten High Bourbon,1.75L,,Product ID + title,0,historical_detail_2024-11-01_to_2026-07-22,
954,42913403174987,41318377979979,Ten High Bourbon,200ML,,Product ID + title,0,historical_detail_2024-11-01_to_2026-07-22,
955,42913403142219,41157213356107,Ten High Bourbon,750ML,,Product ID + title,0,historical_detail_2024-11-01_to_2026-07-22,
956,42913403109451,41318377914443,Ten High Bourbon,1.75L,,Product ID + title,0,historical_detail_2024-11-01_to_2026-07-22,
957,41157213290571,41157213290571,Ten High Bourbon,375ML,,Current variant ID,1,historical_detail_2024-11-01_to_2026-07-22,
958,41157213421643,41157213421643,The Prisoner Chardonnay,750ML,,Current variant ID,1,historical_detail_2024-11-01_to_2026-07-22,
959,41157213454411,41157213454411,The Prisoner Red Blend,750ML,,Current variant ID,1,historical_detail_2024-11-01_to_2026-07-22,
960,41157213487179,41157213487179,The Prisoner Cabernet Sauvignon,750ML,,Current variant ID,1,historical_detail_2024-11-01_to_2026-07-22,
961,41157213519947,41157213519947,The Prisoner No. 39007 Paso Robles Red,750ML,,Current variant ID,1,historical_detail_2024-11-01_to_2026-07-22,
962,42913402880075,41157213552715,Tito's Handmade Vodka,750ML,,Product ID + title,0,historical_detail_2024-11-01_to_2026-07-22,
963,42913402912843,41318377750603,Tito's Handmade Vodka,1L,,Product ID + title,0,historical_detail_2024-11-01_to_2026-07-22,
964,42913402814539,41157213651019,Tito's Handmade Vodka,200ML,,Product ID + title,0,historical_detail_2024-11-01_to_2026-07-22,
965,42913402814539,41318377783371,Tito's Handmade Vodka,200ML,,Product ID + title,0,historical_detail_2024-11-01_to_2026-07-22,
966,42913402880075,42913402880075,Tito's Handmade Vodka,750ML,,Current variant ID,1,historical_detail_2024-11-01_to_2026-07-22,
967,42913402912843,41157213618251,Tito's Handmade Vodka,1L,,Product ID + title,0,historical_detail_2024-11-01_to_2026-07-22,
968,42913402912843,42913402912843,Tito's Handmade Vodka,1L,,Current variant ID,1,historical_detail_2024-11-01_to_2026-07-22,
969,42913402847307,41157213683787,Tito's Handmade Vodka,375ML,,Product ID + title,0,historical_detail_2024-11-01_to_2026-07-22,
970,41318377848907,41157213716555,Tito's Handmade Vodka,50ML,,Product ID + title,0,historical_detail_2024-11-01_to_2026-07-22,
971,42913402945611,42913402945611,Tito's Handmade Vodka,1.75L,,Current variant ID,1,historical_detail_2024-11-01_to_2026-07-22,
972,41318377848907,41318377848907,Tito's Handmade Vodka,50ML,,Current variant ID,1,historical_detail_2024-11-01_to_2026-07-22,
973,42913402847307,42913402847307,Tito's Handmade Vodka,375ML,,Current variant ID,1,historical_detail_2024-11-01_to_2026-07-22,
974,42913402847307,41318377816139,Tito's Handmade Vodka,375ML,,Product ID + title,0,historical_detail_2024-11-01_to_2026-07-22,
975,42913402814539,42913402814539,Tito's Handmade Vodka,200ML,,Current variant ID,1,historical_detail_2024-11-01_to_2026-07-22,
976,42913402945611,41157213585483,Tito's Handmade Vodka,1.75L,,Product ID + title,0,historical_detail_2024-11-01_to_2026-07-22,
977,42913402945611,41318377717835,Tito's Handmade Vodka,1.75L,,Product ID + title,0,historical_detail_2024-11-01_to_2026-07-22,
978,41157213749323,41157213749323,Toki Japanese Whiskey,750ML,,Current variant ID,1,historical_detail_2024-11-01_to_2026-07-22,
979,41157213782091,41157213782091,Truly Strawberry Lemonade Vodka,750ML,,Current variant ID,1,historical_detail_2024-11-01_to_2026-07-22,
980,41157213814859,41157213814859,Truly Wild Berry Vodka,750ML,,Current variant ID,1,historical_detail_2024-11-01_to_2026-07-22,
981,41157213847627,41157213847627,Unshackled Cabernet Sauvignon,750ML,,Current variant ID,1,historical_detail_2024-11-01_to_2026-07-22,
982,41157213880395,41157213880395,Unshackled Red,750ML,,Current variant ID,1,historical_detail_2024-11-01_to_2026-07-22,
983,41157213913163,41157213913163,WhistlePig PiggyBack Bourbon,750ML,,Current variant ID,1,historical_detail_2024-11-01_to_2026-07-22,
984,41157214077003,41157214077003,WhistlePig PiggyBack Rye,750ML,,Current variant ID,1,historical_detail_2024-11-01_to_2026-07-22,
985,41157214109771,41157214109771,WhistlePig Rye 10 Year Old,750ML,,Current variant ID,1,historical_detail_2024-11-01_to_2026-07-22,
986,42913402585163,41191209828427,Wild Turkey American Honey Liqueur,1.75L,,Product ID + title,0,historical_detail_2024-11-01_to_2026-07-22,
987,42913402585163,41318377324619,Wild Turkey American Honey Liqueur,1.75L,,Product ID + title,0,historical_detail_2024-11-01_to_2026-07-22,
988,41157214142539,41157214142539,Wild Turkey American Honey Liqueur,750ML,,Current variant ID,1,historical_detail_2024-11-01_to_2026-07-22,
989,41157214208075,41157214208075,Wild Turkey Bourbon 81,1L,,Current variant ID,1,historical_detail_2024-11-01_to_2026-07-22,
990,42913402519627,41157214240843,Wild Turkey Bourbon 81,750ML,,Product ID + title,0,historical_detail_2024-11-01_to_2026-07-22,
991,42913402519627,41318377259083,Wild Turkey Bourbon 81,750ML,,Product ID + title,0,historical_detail_2024-11-01_to_2026-07-22,
992,42913402355787,41318377160779,Wild Turkey Straight Bourbon 101,750ML,,Product ID + title,0,historical_detail_2024-11-01_to_2026-07-22,
993,42913402388555,41157214306379,Wild Turkey Kentucky Straight Bourbon 101,1L,,Product ID + title,0,historical_detail_2024-11-01_to_2026-07-22,
994,42913402388555,41318377128011,Wild Turkey Kentucky Straight Bourbon 101,1L,,Product ID + title,0,historical_detail_2024-11-01_to_2026-07-22,
995,42913402388555,41318377128011,Wild Turkey Straight Bourbon 101,1L,,Product ID + title,0,historical_detail_2024-11-01_to_2026-07-22,
996,42913402355787,41157214339147,Wild Turkey Kentucky Straight Bourbon 101,750ML,,Product ID + title,0,historical_detail_2024-11-01_to_2026-07-22,
997,42913402323019,41318377226315,Wild Turkey Kentucky Straight Bourbon 101,375ML,,Product ID + title,0,historical_detail_2024-11-01_to_2026-07-22,
998,42913402323019,41318377226315,Wild Turkey Straight Bourbon 101,375ML,,Product ID + title,0,historical_detail_2024-11-01_to_2026-07-22,
999,41318377193547,41318377193547,Wild Turkey Kentucky Straight Bourbon 101,50ML,,Current variant ID,1,historical_detail_2024-11-01_to_2026-07-22,
1000,42913402421323,41157214273611,Wild Turkey Straight Bourbon 101,1.75L,,Product ID + title,0,historical_detail_2024-11-01_to_2026-07-22,
1001,42913402421323,41157214273611,Wild Turkey Kentucky Straight Bourbon 101,1.75L,,Product ID + title,0,historical_detail_2024-11-01_to_2026-07-22,
1002,42913402355787,41318377160779,Wild Turkey Kentucky Straight Bourbon 101,750ML,,Product ID + title,0,historical_detail_2024-11-01_to_2026-07-22,
1003,41318377193547,41318377193547,Wild Turkey Straight Bourbon 101,50ML,,Current variant ID,1,historical_detail_2024-11-01_to_2026-07-22,
1004,41157214437451,41157214437451,Wild Turkey Kentucky Straight Rye 101 Proof,750ML,,Current variant ID,1,historical_detail_2024-11-01_to_2026-07-22,
1005,41157214470219,41157214470219,Wild Turkey Longbranch,750ML,,Current variant ID,1,historical_detail_2024-11-01_to_2026-07-22,
1006,41318377062475,41157214568523,Woodbridge Cabernet Sauvignon,500ML,,Product ID + title,0,historical_detail_2024-11-01_to_2026-07-22,
1007,42913402191947,41157214502987,Woodbridge Cabernet Sauvignon,1.5L,,Product ID + title,0,historical_detail_2024-11-01_to_2026-07-22,
1008,42913402159179,41157214535755,Woodbridge Cabernet Sauvignon,750ML,,Product ID + title,0,historical_detail_2024-11-01_to_2026-07-22,
1009,42913402159179,41318377029707,Woodbridge Cabernet Sauvignon,750ML,,Product ID + title,0,historical_detail_2024-11-01_to_2026-07-22,
1010,42913402191947,42913402191947,Woodbridge Cabernet Sauvignon,1.5L,,Current variant ID,1,historical_detail_2024-11-01_to_2026-07-22,
1011,41318377062475,41318377062475,Woodbridge Cabernet Sauvignon,500ML,,Current variant ID,1,historical_detail_2024-11-01_to_2026-07-22,
1012,42913402093643,41318376996939,Woodbridge Chardonnay,500ML,,Product ID + title,0,historical_detail_2024-11-01_to_2026-07-22,
1013,42913402060875,41318376964171,Woodbridge Chardonnay,750ML,,Product ID + title,0,historical_detail_2024-11-01_to_2026-07-22,
1014,42913402093643,41157214666827,Woodbridge Chardonnay,500ML,,Product ID + title,0,historical_detail_2024-11-01_to_2026-07-22,
1015,41157214601291,41157214601291,Woodbridge Chardonnay,1.5L,,Current variant ID,1,historical_detail_2024-11-01_to_2026-07-22,
1016,42913402060875,41157214634059,Woodbridge Chardonnay,750ML,,Product ID + title,0,historical_detail_2024-11-01_to_2026-07-22,
1017,41157214699595,41157214699595,Woodbridge Merlot,750ML,,Current variant ID,1,historical_detail_2024-11-01_to_2026-07-22,
1018,42913401995339,41318376833099,Woodbridge Pinot Grigio,500ML,,Product ID + title,0,historical_detail_2024-11-01_to_2026-07-22,
1019,42913401962571,42913401962571,Woodbridge Pinot Grigio,750ML,,Current variant ID,1,historical_detail_2024-11-01_to_2026-07-22,
1020,42913401995339,41157214797899,Woodbridge Pinot Grigio,500ML,,Product ID + title,0,historical_detail_2024-11-01_to_2026-07-22,
1021,42913401962571,41157214765131,Woodbridge Pinot Grigio,750ML,,Product ID + title,0,historical_detail_2024-11-01_to_2026-07-22,
1022,41157214732363,41157214732363,Woodbridge Pinot Grigio,1.5L,,Current variant ID,1,historical_detail_2024-11-01_to_2026-07-22,
1023,42913401962571,41318376800331,Woodbridge Pinot Grigio,750ML,,Product ID + title,0,historical_detail_2024-11-01_to_2026-07-22,
1024,41157214863435,41157214863435,Woodbridge Pinot Noir,750ML,,Current variant ID,1,historical_detail_2024-11-01_to_2026-07-22,
1025,42913401831499,41318376767563,Woodbridge Sauvignon Blanc,750ML,,Product ID + title,0,historical_detail_2024-11-01_to_2026-07-22,
1026,42913401831499,41157214928971,Woodbridge Sauvignon Blanc,750ML,,Product ID + title,0,historical_detail_2024-11-01_to_2026-07-22,
1027,41157214896203,41157214896203,Woodbridge Sauvignon Blanc,1.5L,,Current variant ID,1,historical_detail_2024-11-01_to_2026-07-22,
1028,41157214961739,41157214961739,Yellow Tail Big Bold Red,750ML,,Current variant ID,1,historical_detail_2024-11-01_to_2026-07-22,
1029,42913401798731,41318376734795,Yellow Tail Big Bold Red,1.5L,,Product ID + title,0,historical_detail_2024-11-01_to_2026-07-22,
1030,41157215027275,41157215027275,Yellow Tail Cabernet Sauvignon,750ML,,Current variant ID,1,historical_detail_2024-11-01_to_2026-07-22,
1031,42913401733195,41318376702027,Yellow Tail Cabernet Sauvignon,1.5L,,Product ID + title,0,historical_detail_2024-11-01_to_2026-07-22,
1032,41157215092811,41157215092811,Yellow Tail Merlot,750ML,,Current variant ID,1,historical_detail_2024-11-01_to_2026-07-22,
1033,42913401667659,41157215125579,Yellow Tail Merlot,1.5L,,Product ID + title,0,historical_detail_2024-11-01_to_2026-07-22,
1034,42913401667659,41318376636491,Yellow Tail Merlot,1.5L,,Product ID + title,0,historical_detail_2024-11-01_to_2026-07-22,
1035,41318376603723,41157215191115,Yellow Tail Moscato,750ML,,Product ID + title,0,historical_detail_2024-11-01_to_2026-07-22,
1036,41318376603723,41318376603723,Yellow Tail Moscato,750ML,,Current variant ID,1,historical_detail_2024-11-01_to_2026-07-22,
1037,42913401536587,41318376570955,Yellow Tail Pinot Grigio,1.5L,,Product ID + title,0,historical_detail_2024-11-01_to_2026-07-22,
1038,41157215223883,41157215223883,Yellow Tail Pinot Grigio,750ML,,Current variant ID,1,historical_detail_2024-11-01_to_2026-07-22,
1039,42913401536587,41157215256651,Yellow Tail Pinot Grigio,1.5L,,Product ID + title,0,historical_detail_2024-11-01_to_2026-07-22,
1040,41157215289419,41157215289419,Yellow Tail Pinot Noir,1.5L,,Current variant ID,1,historical_detail_2024-11-01_to_2026-07-22,
1041,42913401471051,41157215322187,Yellow Tail Pinot Noir,750ML,,Product ID + title,0,historical_detail_2024-11-01_to_2026-07-22,
1042,42913401471051,41318376538187,Yellow Tail Pinot Noir,750ML,,Product ID + title,0,historical_detail_2024-11-01_to_2026-07-22,
1043,42913401372747,41157215453259,Yellow Tail Sauvignon Blanc,750ML,,Product ID + title,0,historical_detail_2024-11-01_to_2026-07-22,
1044,41157215420491,41157215420491,Yellow Tail Sauvignon Blanc,1.5L,,Current variant ID,1,historical_detail_2024-11-01_to_2026-07-22,
1045,42913401372747,41318376439883,Yellow Tail Sauvignon Blanc,750ML,,Product ID + title,0,historical_detail_2024-11-01_to_2026-07-22,
1046,42913401339979,41318376374347,Yellow Tail Shiraz,750ML,,Product ID + title,0,historical_detail_2024-11-01_to_2026-07-22,
1047,41157215584331,41157215584331,Yellow Tail Shiraz,1.5L,,Current variant ID,1,historical_detail_2024-11-01_to_2026-07-22,
1048,42913401339979,41157215617099,Yellow Tail Shiraz,750ML,,Product ID + title,0,historical_detail_2024-11-01_to_2026-07-22,
1049,41157215649867,41157215649867,Yellow Tail Super Crisp Chardonnay,1.5L,,Current variant ID,1,historical_detail_2024-11-01_to_2026-07-22,
1050,42913401208907,41157215682635,Yellow Tail Super Crisp Chardonnay,750ML,,Product ID + title,0,historical_detail_2024-11-01_to_2026-07-22,
1051,41157215649867,41157215649867,Yellow Tail Chardonnay,1.5L,,Current variant ID,1,historical_detail_2024-11-01_to_2026-07-22,
1052,42913401208907,41318376341579,Yellow Tail Super Crisp Chardonnay,750ML,,Product ID + title,0,historical_detail_2024-11-01_to_2026-07-22,
1053,42913401208907,42913401208907,Yellow Tail Chardonnay,750ML,,Current variant ID,1,historical_detail_2024-11-01_to_2026-07-22,
1054,41157273223243,41157273223243,Alamos Malbec,750ML,2364842,Current variant ID,1,historical_detail_2024-11-01_to_2026-07-22,
1055,41157273256011,41157273256011,Alamos Malbec Seleccion,750ML,9007638,Current variant ID,1,historical_detail_2024-11-01_to_2026-07-22,
1056,41157273288779,41157273288779,Allegrini Palazzo della Torre Veronese IGT,750ML,9101815,Current variant ID,1,historical_detail_2024-11-01_to_2026-07-22,
1057,41157273321547,41157273321547,Amaro Montenegro,750ML,9166583,Current variant ID,1,historical_detail_2024-11-01_to_2026-07-22,
1058,41157273354315,41157273354315,Andre California Brut,750ML,1235647,Current variant ID,1,historical_detail_2024-11-01_to_2026-07-22,
1059,41157273387083,41157273387083,Andre California Extra Dry,750ML,1235043,Current variant ID,1,historical_detail_2024-11-01_to_2026-07-22,
1060,41157273419851,41157273419851,Andre Spumante,750ML,1236140,Current variant ID,1,historical_detail_2024-11-01_to_2026-07-22,
1061,41157273452619,41157273452619,Apothic Cabernet Sauvignon California,750ML,3004870,Current variant ID,1,historical_detail_2024-11-01_to_2026-07-22,
1062,41157273485387,41157273485387,Apothic California Chardonnay,750ML,3013297,Current variant ID,1,historical_detail_2024-11-01_to_2026-07-22,
1063,41157273518155,41157273518155,Apothic Crush Smooth Red Blend California,750ML,9185713,Current variant ID,1,historical_detail_2024-11-01_to_2026-07-22,
1064,41157273550923,41157273550923,Apothic Dark,750ML,9167975,Current variant ID,1,historical_detail_2024-11-01_to_2026-07-22,
1065,41157273583691,41157273583691,Apothic Merlot,750ML,3006856,Current variant ID,1,historical_detail_2024-11-01_to_2026-07-22,
1066,41157273616459,41157273616459,Apothic Red,750ML,9093648,Current variant ID,1,historical_detail_2024-11-01_to_2026-07-22,
1067,41157273649227,41157273649227,Apothic White,750ML,9145264,Current variant ID,1,historical_detail_2024-11-01_to_2026-07-22,
1068,41318375817291,41157273714763,Arbor Mist Blackberry Merlot,750ML,9044470,SKU + title,0,historical_detail_2024-11-01_to_2026-07-22,
1069,41318375817291,41318375817291,Arbor Mist Blackberry Merlot,750ML,9044470,Current variant ID,1,historical_detail_2024-11-01_to_2026-07-22,
1070,41157273747531,41157273747531,Arbor Mist Exotic Fruit White Zinfandel,1.5L,9044350,Current variant ID,1,historical_detail_2024-11-01_to_2026-07-22,
1071,42913400520779,41318375784523,Arbor Mist Mango Strawberry Moscato,1.5L,3004069,SKU + title,0,historical_detail_2024-11-01_to_2026-07-22,
1072,42913400520779,41157273813067,Arbor Mist Mango Strawberry Moscato,1.5L,3004069,SKU + title,0,historical_detail_2024-11-01_to_2026-07-22,
1073,41157273780299,41157273780299,Arbor Mist Mango Strawberry Moscato,750ML,3004076,Current variant ID,1,historical_detail_2024-11-01_to_2026-07-22,
1074,41157273845835,41157273845835,Arbor Mist Peach Moscato,1.5L,3004071,Current variant ID,1,historical_detail_2024-11-01_to_2026-07-22,
1075,42913400193099,41157273878603,Arbor Mist Peach Moscato,750ML,3004077,SKU + title,0,historical_detail_2024-11-01_to_2026-07-22,
1076,42913400193099,41318375751755,Arbor Mist Peach Moscato,750ML,3004077,SKU + title,0,historical_detail_2024-11-01_to_2026-07-22,
1077,41157273911371,41157273911371,Arbor Mist Pineapple Strawberry Pink Moscato,1.5L,3004073,Current variant ID,1,historical_detail_2024-11-01_to_2026-07-22,
1078,41157273976907,41157273976907,Arbor Mist Strawberry White Zinfandel,1.5L,9044372,Current variant ID,1,historical_detail_2024-11-01_to_2026-07-22,
1079,41157274107979,41157274107979,Barefoot Bright & Breezy Rose,750ML,3009335,Current variant ID,1,historical_detail_2024-11-01_to_2026-07-22,
1080,42913400062027,41318375718987,Barefoot Cabernet Sauvignon,187ML,9257463,SKU + title,0,historical_detail_2024-11-01_to_2026-07-22,
1081,42913400029259,41157274173515,Barefoot Cabernet Sauvignon,750ML,2112241,SKU + title,0,historical_detail_2024-11-01_to_2026-07-22,
1082,42913400062027,41157274206283,Barefoot Cabernet Sauvignon,187ML,9257463,SKU + title,0,historical_detail_2024-11-01_to_2026-07-22,
1083,41157274140747,41157274140747,Barefoot Cabernet Sauvignon,1.5L,2112225,Current variant ID,1,historical_detail_2024-11-01_to_2026-07-22,
1084,42913400029259,41318375686219,Barefoot Cabernet Sauvignon,750ML,2112241,SKU + title,0,historical_detail_2024-11-01_to_2026-07-22,
1085,42913399930955,41157274271819,Barefoot Chardonnay,750ML,2112944,SKU + title,0,historical_detail_2024-11-01_to_2026-07-22,
1086,41318375653451,41318375653451,Barefoot Chardonnay,187ML,9253409,Current variant ID,1,historical_detail_2024-11-01_to_2026-07-22,
1087,42913399930955,41318375620683,Barefoot Chardonnay,750ML,2112944,SKU + title,0,historical_detail_2024-11-01_to_2026-07-22,
1088,42913399930955,42913399930955,Barefoot Chardonnay,750ML,2112944,Current variant ID,1,historical_detail_2024-11-01_to_2026-07-22,
1089,42913399963723,41157274239051,Barefoot Chardonnay,1.5L,2112928,SKU + title,0,historical_detail_2024-11-01_to_2026-07-22,
1090,42913399832651,41318375587915,Barefoot Pinot Grigio,187ML,9253411,SKU + title,0,historical_detail_2024-11-01_to_2026-07-22,
1091,41157274337355,41157274337355,Barefoot Pinot Grigio,1.5L,9006138,Current variant ID,1,historical_detail_2024-11-01_to_2026-07-22,
1092,42913399832651,41157274402891,Barefoot Pinot Grigio,187ML,9253411,SKU + title,0,historical_detail_2024-11-01_to_2026-07-22,
1093,42913399799883,41157274370123,Barefoot Pinot Grigio,750ML,9006139,SKU + title,0,historical_detail_2024-11-01_to_2026-07-22,
1094,42913399799883,41318375555147,Barefoot Pinot Grigio,750ML,9006139,SKU + title,0,historical_detail_2024-11-01_to_2026-07-22,
1095,42913399701579,41157274468427,Barefoot Pinot Noir,750ML,9086348,SKU + title,0,historical_detail_2024-11-01_to_2026-07-22,
1096,42913399701579,41318375489611,Barefoot Pinot Noir,750ML,9086348,SKU + title,0,historical_detail_2024-11-01_to_2026-07-22,
1097,41318375522379,41157274501195,Barefoot Pinot Noir,187ML,9257464,SKU + title,0,historical_detail_2024-11-01_to_2026-07-22,
1098,42913399734347,41157274435659,Barefoot Pinot Noir,1.5L,9096135,SKU + title,0,historical_detail_2024-11-01_to_2026-07-22,
1099,41318375522379,41318375522379,Barefoot Pinot Noir,187ML,9257464,Current variant ID,1,historical_detail_2024-11-01_to_2026-07-22,
1100,41157274533963,41157274533963,Barefoot Riesling,1.5L,9089666,Current variant ID,1,historical_detail_2024-11-01_to_2026-07-22,
1101,42913399668811,41157274599499,Barefoot Riesling,187ML,9257467,SKU + title,0,historical_detail_2024-11-01_to_2026-07-22,
1102,42913399636043,41318375424075,Barefoot Riesling,750ML,9078178,SKU + title,0,historical_detail_2024-11-01_to_2026-07-22,
1103,42913399636043,41157274566731,Barefoot Riesling,750ML,9078178,SKU + title,0,historical_detail_2024-11-01_to_2026-07-22,
1104,42913399668811,41318375456843,Barefoot Riesling,187ML,9257467,SKU + title,0,historical_detail_2024-11-01_to_2026-07-22,
1105,42913399537739,41318375391307,Barefoot Rose,187ML,9263830,SKU + title,0,historical_detail_2024-11-01_to_2026-07-22,
1106,41157274632267,41157274632267,Barefoot Rose,1.5L,9263829,Current variant ID,1,historical_detail_2024-11-01_to_2026-07-22,
1107,42913399504971,41157274665035,Barefoot Rose,750ML,9251933,SKU + title,0,historical_detail_2024-11-01_to_2026-07-22,
1108,42913399537739,41157274697803,Barefoot Rose,187ML,9263830,SKU + title,0,historical_detail_2024-11-01_to_2026-07-22,
1109,42913399504971,41318375358539,Barefoot Rose,750ML,9251933,SKU + title,0,historical_detail_2024-11-01_to_2026-07-22,
1110,42913399406667,41157274763339,Barefoot Sauvignon Blanc,750ML,2113140,SKU + title,0,historical_detail_2024-11-01_to_2026-07-22,
1111,42913399439435,41318375325771,Barefoot Sauvignon Blanc,187ML,3016468,SKU + title,0,historical_detail_2024-11-01_to_2026-07-22,
1112,41157274730571,41157274730571,Barefoot Sauvignon Blanc,1.5L,2113124,Current variant ID,1,historical_detail_2024-11-01_to_2026-07-22,
1113,42913399439435,41157274796107,Barefoot Sauvignon Blanc,187ML,3016468,SKU + title,0,historical_detail_2024-11-01_to_2026-07-22,
1114,42913399406667,41318375293003,Barefoot Sauvignon Blanc,750ML,2113140,SKU + title,0,historical_detail_2024-11-01_to_2026-07-22,
1115,41157274861643,41157274861643,Black Box Brilliant Collection Chardonnay,3L,3010087,Current variant ID,1,historical_detail_2024-11-01_to_2026-07-22,
1116,41318375260235,41178321289291,Black Box Cabernet Sauvignon Chile,500ML,,Product ID + title,0,historical_detail_2024-11-01_to_2026-07-22,
1117,42913399275595,42913399275595,Black Box Cabernet Sauvignon Chile,3L,9004297,Current variant ID,1,historical_detail_2024-11-01_to_2026-07-22,
1118,41318375260235,41318375260235,Black Box Cabernet Sauvignon Chile,500ML,,Current variant ID,1,historical_detail_2024-11-01_to_2026-07-22,
1119,42913399275595,41157274894411,Black Box Cabernet Sauvignon Chile,3L,9004297,SKU + title,0,historical_detail_2024-11-01_to_2026-07-22,
1120,41157274927179,41157274927179,Black Box Chardonnay Australia,3L,3010659,Current variant ID,1,historical_detail_2024-11-01_to_2026-07-22,
1121,42913399210059,41178321813579,Black Box Chardonnay Australia,500ML,,Product ID + title,0,historical_detail_2024-11-01_to_2026-07-22,
1122,42913399210059,41318375227467,Black Box Chardonnay Australia,500ML,,Product ID + title,0,historical_detail_2024-11-01_to_2026-07-22,
1123,41157274959947,41157274959947,Black Box Merlot,3L,9015876,Current variant ID,1,historical_detail_2024-11-01_to_2026-07-22,
1124,42913399111755,41178320175179,Black Box Merlot,500ML,,Product ID + title,0,historical_detail_2024-11-01_to_2026-07-22,
1125,42913399111755,41318375194699,Black Box Merlot,500ML,,Product ID + title,0,historical_detail_2024-11-01_to_2026-07-22,
1126,42913399046219,41157274992715,Black Box Pinot Grigio,3L,9015878,SKU + title,0,historical_detail_2024-11-01_to_2026-07-22,
1127,41318375161931,41178321649739,Black Box Pinot Grigio,500ML,,Product ID + title,0,historical_detail_2024-11-01_to_2026-07-22,
1128,41318375161931,41318375161931,Black Box Pinot Grigio,500ML,,Current variant ID,1,historical_detail_2024-11-01_to_2026-07-22,
1129,42913399013451,41178320404555,Black Box Pinot Noir,500ML,,Product ID + title,0,historical_detail_2024-11-01_to_2026-07-22,
1130,42913399013451,41318375129163,Black Box Pinot Noir,500ML,,Product ID + title,0,historical_detail_2024-11-01_to_2026-07-22,
1131,41157275025483,41157275025483,Black Box Pinot Noir,3L,3004081,Current variant ID,1,historical_detail_2024-11-01_to_2026-07-22,
1132,41157275058251,41157275058251,Black Box Red Blend,3L,3004082,Current variant ID,1,historical_detail_2024-11-01_to_2026-07-22,
1133,42913398947915,41178321518667,Black Box Sauvignon Blanc,500ML,,Product ID + title,0,historical_detail_2024-11-01_to_2026-07-22,
1134,41157275123787,41157275123787,Black Box Sauvignon Blanc,3L,9086524,Current variant ID,1,historical_detail_2024-11-01_to_2026-07-22,
1135,42913398947915,41318375096395,Black Box Sauvignon Blanc,500ML,,Product ID + title,0,historical_detail_2024-11-01_to_2026-07-22,
1136,41157275156555,41157275156555,Camarena Reposado,375ML,9125228,Current variant ID,1,historical_detail_2024-11-01_to_2026-07-22,
1137,42913398915147,41318375063627,Camarena Reposado,750ML,9119539,SKU + title,0,historical_detail_2024-11-01_to_2026-07-22,
1138,41157275222091,41157275222091,Camarena Silver,375ML,9125224,Current variant ID,1,historical_detail_2024-11-01_to_2026-07-22,
1139,42913398849611,41157275254859,Camarena Silver,750ML,9042965,SKU + title,0,historical_detail_2024-11-01_to_2026-07-22,
1140,42913398849611,41318375030859,Camarena Silver,750ML,9042965,SKU + title,0,historical_detail_2024-11-01_to_2026-07-22,
1141,41157275287627,41157275287627,Carlo Rossi Burgundy,4L,9009998,Current variant ID,1,historical_detail_2024-11-01_to_2026-07-22,
1142,41157275320395,41157275320395,Carlo Rossi Moscato Sangria,4L,9157283,Current variant ID,1,historical_detail_2024-11-01_to_2026-07-22,
1143,41157275353163,41157275353163,Carlo Rossi Paisano,4L,9010001,Current variant ID,1,historical_detail_2024-11-01_to_2026-07-22,
1144,41157275385931,41157275385931,Carlo Rossi Peach Sangria,750ML,3006865,Current variant ID,1,historical_detail_2024-11-01_to_2026-07-22,
1145,41157275418699,41157275418699,Carlo Rossi Pink Moscato Sangria,750ML,9261709,Current variant ID,1,historical_detail_2024-11-01_to_2026-07-22,
1146,41157275451467,41157275451467,Carlo Rossi Raspberry Sangria,750ML,3004718,Current variant ID,1,historical_detail_2024-11-01_to_2026-07-22,
1147,41157275484235,41157275484235,Carlo Rossi Rhine,4L,9010002,Current variant ID,1,historical_detail_2024-11-01_to_2026-07-22,
1148,42913398718539,41318374998091,Carlo Rossi Sangria,750ML,9236102,SKU + title,0,historical_detail_2024-11-01_to_2026-07-22,
1149,42913398718539,41157275942987,Carlo Rossi Sangria,750ML,9236102,SKU + title,0,historical_detail_2024-11-01_to_2026-07-22,
1150,41157275910219,41157275910219,Carlo Rossi Sangria,4L,9010003,Current variant ID,1,historical_detail_2024-11-01_to_2026-07-22,
1151,41157275975755,41157275975755,Chum Churum Original Soju,375ML,301491,Current variant ID,1,historical_detail_2024-11-01_to_2026-07-22,
1152,41157276008523,41157276008523,Clos du Bois Buttery Chardonnay,750ML,3010050,Current variant ID,1,historical_detail_2024-11-01_to_2026-07-22,
1153,41157276041291,41157276041291,Clos du Bois California Cabernet Sauvignon,750ML,3007176,Current variant ID,1,historical_detail_2024-11-01_to_2026-07-22,
1154,41157276074059,41157276074059,Clos du Bois California Chardonnay,750ML,3007177,Current variant ID,1,historical_detail_2024-11-01_to_2026-07-22,
1155,41157276106827,41157276106827,Condesa Gin Clasica Gin,750ML,3016035,Current variant ID,1,historical_detail_2024-11-01_to_2026-07-22,
1156,41157276172363,41157276172363,Dark Horse Cabernet Sauvignon,750ML,9150309,Current variant ID,1,historical_detail_2024-11-01_to_2026-07-22,
1157,41157276205131,41157276205131,Dark Horse Chardonnay Buttery California,750ML,3004872,Current variant ID,1,historical_detail_2024-11-01_to_2026-07-22,
1158,41157276237899,41157276237899,Dark Horse Double Down Red Blend,750ML,3013773,Current variant ID,1,historical_detail_2024-11-01_to_2026-07-22,
1159,41157276270667,41157276270667,Dark Horse Pinot Grigio,750ML,9251936,Current variant ID,1,historical_detail_2024-11-01_to_2026-07-22,
1160,41157276303435,41157276303435,Dark Horse Sauvignon Blanc,750ML,9187214,Current variant ID,1,historical_detail_2024-11-01_to_2026-07-22,
1161,41157276336203,41157276336203,Don Fulano Anejo,750ML,,Current variant ID,1,historical_detail_2024-11-01_to_2026-07-22,
1162,41157276368971,41157276368971,Don Fulano Blanco,750ML,,Current variant ID,1,historical_detail_2024-11-01_to_2026-07-22,
1163,41157276401739,41157276401739,Don Fulano Reposado,750ML,3015296,Current variant ID,1,historical_detail_2024-11-01_to_2026-07-22,
1164,41157276434507,41157276434507,Don Miguel Gascon Malbec,750ML,9019651,Current variant ID,1,historical_detail_2024-11-01_to_2026-07-22,
1165,42913398292555,41157276532811,E&J Brandy VSOP,1L,220533,SKU + title,0,historical_detail_2024-11-01_to_2026-07-22,
1166,41157276500043,41157276500043,E&J Brandy VSOP,1.75L,220525,Current variant ID,1,historical_detail_2024-11-01_to_2026-07-22,
1167,42913398325323,41318374932555,E&J Brandy VSOP,750ML,220541,SKU + title,0,historical_detail_2024-11-01_to_2026-07-22,
1168,42913398292555,41318374899787,E&J Brandy VSOP,1L,220533,SKU + title,0,historical_detail_2024-11-01_to_2026-07-22,
1169,42913398358091,41318374965323,E&J Brandy VSOP,200ML,220574,SKU + title,0,historical_detail_2024-11-01_to_2026-07-22,
1170,42913398227019,41318374867019,E&J Brandy XO,50ML,9010010,SKU + title,0,historical_detail_2024-11-01_to_2026-07-22,
1171,42913398194251,41157276663883,E&J Brandy XO,750ML,9016328,SKU + title,0,historical_detail_2024-11-01_to_2026-07-22,
1172,41157276631115,41157276631115,E&J Brandy XO,1.75L,9120356,Current variant ID,1,historical_detail_2024-11-01_to_2026-07-22,
1173,42913398227019,41157276696651,E&J Brandy XO,50ML,9010010,SKU + title,0,historical_detail_2024-11-01_to_2026-07-22,
1174,42913398194251,41318374834251,E&J Brandy XO,750ML,9016328,SKU + title,0,historical_detail_2024-11-01_to_2026-07-22,
1175,41157276729419,41157276729419,Ecco Domani Pinot Grigio delle Venezie,750ML,9244871,Current variant ID,1,historical_detail_2024-11-01_to_2026-07-22,
1176,41157276762187,41157276762187,Estancia Cabernet Sauvignon California,750ML,3016124,Current variant ID,1,historical_detail_2024-11-01_to_2026-07-22,
1177,41157276827723,41157276827723,The Simple Grape Pinot Noir,750ML,,Current variant ID,1,historical_detail_2024-11-01_to_2026-07-22,
1178,41157276827723,41157276827723,Estancia Pinot Noir California,750ML,3015895,Current variant ID,1,historical_detail_2024-11-01_to_2026-07-22,
1179,41157276926027,41157276926027,Fleur de Mer Rose,750ML,3012297,Current variant ID,1,historical_detail_2024-11-01_to_2026-07-22,
1180,41157276958795,41157276958795,Gallo Family Vineyards Cabernet Sauvignon,1.5L,1221928,Current variant ID,1,historical_detail_2024-11-01_to_2026-07-22,
1181,42913398030411,41157276991563,Gallo Family Vineyards Cabernet Sauvignon,750ML,1221944,SKU + title,0,historical_detail_2024-11-01_to_2026-07-22,
1182,42913398030411,41318374801483,Gallo Family Vineyards Cabernet Sauvignon,750ML,1221944,SKU + title,0,historical_detail_2024-11-01_to_2026-07-22,
1183,41157277024331,41157277024331,Gallo Family Vineyards Chardonnay,1.5L,1221720,Current variant ID,1,historical_detail_2024-11-01_to_2026-07-22,
1184,42913397932107,41157277057099,Gallo Family Vineyards Chardonnay,750ML,1221746,SKU + title,0,historical_detail_2024-11-01_to_2026-07-22,
1185,42913397932107,41318374768715,Gallo Family Vineyards Chardonnay,750ML,1221746,SKU + title,0,historical_detail_2024-11-01_to_2026-07-22,
1186,42913397866571,41318374735947,Gallo Family Vineyards Moscato,750ML,9007515,SKU + title,0,historical_detail_2024-11-01_to_2026-07-22,
1187,42913397866571,41157277122635,Gallo Family Vineyards Moscato,750ML,9007515,SKU + title,0,historical_detail_2024-11-01_to_2026-07-22,
1188,41157277089867,41157277089867,Gallo Family Vineyards Moscato,1.5L,9007514,Current variant ID,1,historical_detail_2024-11-01_to_2026-07-22,
1189,42913397801035,41157277188171,Gallo Family Vineyards Pink Moscato California,750ML,9144845,SKU + title,0,historical_detail_2024-11-01_to_2026-07-22,
1190,41157277155403,41157277155403,Gallo Family Vineyards Pink Moscato California,1.5L,9144846,Current variant ID,1,historical_detail_2024-11-01_to_2026-07-22,
1191,42913397801035,41318374703179,Gallo Family Vineyards Pink Moscato California,750ML,9144845,SKU + title,0,historical_detail_2024-11-01_to_2026-07-22,
1192,41157277220939,41157277220939,Gallo Family Vineyards Pinot Grigio,1.5L,9018732,Current variant ID,1,historical_detail_2024-11-01_to_2026-07-22,
1193,42913397735499,41318374670411,Gallo Family Vineyards Pinot Grigio,750ML,9018731,SKU + title,0,historical_detail_2024-11-01_to_2026-07-22,
1194,42913397735499,41157277253707,Gallo Family Vineyards Pinot Grigio,750ML,9018731,SKU + title,0,historical_detail_2024-11-01_to_2026-07-22,
1195,41157277286475,41157277286475,Gallo Family Vineyards Sweet Peach,1.5L,9252255,Current variant ID,1,historical_detail_2024-11-01_to_2026-07-22,
1196,42913397669963,41318374637643,Gallo Family Vineyards Sweet Peach,750ML,9190479,SKU + title,0,historical_detail_2024-11-01_to_2026-07-22,
1197,42913397669963,41157277319243,Gallo Family Vineyards Sweet Peach,750ML,9190479,SKU + title,0,historical_detail_2024-11-01_to_2026-07-22,
1198,41157277352011,41157277352011,Gallo Family Vineyards Sweet Pineapple,1.5L,9252257,Current variant ID,1,historical_detail_2024-11-01_to_2026-07-22,
1199,42913397604427,41318374604875,Gallo Family Vineyards Sweet Pineapple,750ML,9190476,SKU + title,0,historical_detail_2024-11-01_to_2026-07-22,
1200,41157277417547,41157277417547,Gallo Family Vineyards Sweet Berry,1.5L,9252254,Current variant ID,1,historical_detail_2024-11-01_to_2026-07-22,
1201,42913397538891,41157277450315,Gallo Family Vineyards Sweet Strawberry,750ML,9190478,SKU + title,0,historical_detail_2024-11-01_to_2026-07-22,
1202,41157277417547,41157277417547,Gallo Family Vineyards Sweet Strawberry,1.5L,9252254,Current variant ID,1,historical_detail_2024-11-01_to_2026-07-22,
1203,42913397538891,41318374047819,Gallo Family Vineyards Sweet Berry,750ML,9190478,SKU + title,0,historical_detail_2024-11-01_to_2026-07-22,
1204,42913397538891,41318374047819,Gallo Family Vineyards Sweet Strawberry,750ML,9190478,SKU + title,0,historical_detail_2024-11-01_to_2026-07-22,
1205,41716813037643,41716813037643,High Noon Hard Seltzer Black Cherry,4pk-12oz Cans,3002909,Current variant ID,1,historical_detail_2024-11-01_to_2026-07-22,
1206,41716813037643,41157277483083,High Noon Hard Seltzer Black Cherry,12oz,3002909,SKU,0,historical_detail_2024-11-01_to_2026-07-22,
1207,41716813004875,41157277515851,High Noon Hard Seltzer Grapefruit,12oz,3002910,SKU,0,historical_detail_2024-11-01_to_2026-07-22,
1208,41716813004875,41716813004875,High Noon Hard Seltzer Grapefruit,4pk-12oz Cans,3002910,Current variant ID,1,historical_detail_2024-11-01_to_2026-07-22,
1209,41716812972107,41157277581387,High Noon Hard Seltzer Lemon,12oz,3010387,SKU,0,historical_detail_2024-11-01_to_2026-07-22,
1210,41716812972107,41716812972107,High Noon Hard Seltzer Lemon,4pk-12oz Cans,3010387,Current variant ID,1,historical_detail_2024-11-01_to_2026-07-22,
1211,41716812939339,41716812939339,High Noon Hard Seltzer Lime,4pk-12oz Cans,3005352,Current variant ID,1,historical_detail_2024-11-01_to_2026-07-22,
1212,41716812939339,41157277614155,High Noon Hard Seltzer Lime,12oz,3005352,SKU,0,historical_detail_2024-11-01_to_2026-07-22,
1213,41716810940491,41157277646923,High Noon Hard Seltzer Mango,12oz,3007471,SKU,0,historical_detail_2024-11-01_to_2026-07-22,
1214,41716810940491,41716810940491,High Noon Hard Seltzer Mango,4pk-12oz Cans,3007471,Current variant ID,1,historical_detail_2024-11-01_to_2026-07-22,
1215,41716810907723,41157277679691,High Noon Hard Seltzer Passion Fruit,12oz,3007472,SKU,0,historical_detail_2024-11-01_to_2026-07-22,
1216,41716810907723,41716810907723,High Noon Hard Seltzer Passion Fruit,4pk-12oz Cans,3007472,Current variant ID,1,historical_detail_2024-11-01_to_2026-07-22,
1217,41716810874955,41318374015051,High Noon Hard Seltzer Peach,12oz,3005353,SKU,0,historical_detail_2024-11-01_to_2026-07-22,
1218,41716810874955,41157277745227,High Noon Hard Seltzer Peach,12oz,3005353,SKU,0,historical_detail_2024-11-01_to_2026-07-22,
1219,41716810874955,41716810874955,High Noon Hard Seltzer Peach,4pk-12oz Cans,3005353,Current variant ID,1,historical_detail_2024-11-01_to_2026-07-22,
1220,41716810842187,41157277810763,High Noon Hard Seltzer Pineapple,12oz,3002911,SKU,0,historical_detail_2024-11-01_to_2026-07-22,
1221,41716810842187,41716810842187,High Noon Hard Seltzer Pineapple,4pk-12oz Cans,3002911,Current variant ID,1,historical_detail_2024-11-01_to_2026-07-22,
1222,41716810842187,41318373982283,High Noon Hard Seltzer Pineapple,12oz,3002911,SKU,0,historical_detail_2024-11-01_to_2026-07-22,
1223,41716810612811,41157277843531,High Noon Hard Seltzer Tropical Variety Pack,12oz,3007473,SKU,0,historical_detail_2024-11-01_to_2026-07-22,
1224,41716810612811,41157277843531,High Noon Tropical 8 Pack,12oz,3007473,SKU,0,historical_detail_2024-11-01_to_2026-07-22,
1225,41716810612811,41716810612811,High Noon Tropical Variety Pack,8pk-12oz Cans,3007473,Current variant ID,1,historical_detail_2024-11-01_to_2026-07-22,
1226,41716810612811,41716810612811,High Noon Tropical 8 Pack,8pk-12oz Cans,3007473,Current variant ID,1,historical_detail_2024-11-01_to_2026-07-22,
1227,41716810612811,41716810612811,High Noon Tropical 8 Pack,4pk-12oz Cans,3007473,Current variant ID,1,historical_detail_2024-11-01_to_2026-07-22,
1228,41716810580043,41157278040139,High Noon Hard Seltzer Variety Pack 12Pk,12oz,3004690,SKU,0,historical_detail_2024-11-01_to_2026-07-22,
1229,41716810580043,41716810580043,High Noon Hard Seltzer Variety Pack 12Pk,12pk-12oz Cans,3004690,Current variant ID,1,historical_detail_2024-11-01_to_2026-07-22,
1230,41716810580043,41716810580043,High Noon Hard Seltzer Variety,12pk-12oz Cans,3004690,Current variant ID,1,historical_detail_2024-11-01_to_2026-07-22,
1231,41716810514507,41716810514507,High Noon Iced Tea Variety 8 PK,8pk-12oz Cans,3015250,Current variant ID,1,historical_detail_2024-11-01_to_2026-07-22,
1232,41716810514507,41157278138443,High Noon Vodka Iced Tea Variety Pack,12oz,3015250,SKU,0,historical_detail_2024-11-01_to_2026-07-22,
1233,41716810514507,41157278138443,High Noon Iced Tea Variety 8 PK,12oz,3015250,SKU,0,historical_detail_2024-11-01_to_2026-07-22,
1234,41157278203979,41157278203979,Horse Soldier Small Batch Bourbon,750ML,,Current variant ID,1,historical_detail_2024-11-01_to_2026-07-22,
1235,41157278236747,41157278236747,Horse Soldier Straight Bourbon,750ML,,Current variant ID,1,historical_detail_2024-11-01_to_2026-07-22,
1236,41157278335051,41157278335051,J Vineyards Multi AVA Pinot Noir,750ML,,Current variant ID,1,historical_detail_2024-11-01_to_2026-07-22,
1237,42913397211211,41318373949515,John Barr Reserve Blend Blended Scotch Whisky,1.75L,9240881,SKU + title,0,historical_detail_2024-11-01_to_2026-07-22,
1238,42913397178443,41318373916747,John Barr Reserve Blend Blended Scotch Whisky,1L,9240889,SKU + title,0,historical_detail_2024-11-01_to_2026-07-22,
1239,41157278400587,41157278400587,John Barr Reserve Blend Blended Scotch Whisky,750ML,9240890,Current variant ID,1,historical_detail_2024-11-01_to_2026-07-22,
1240,42913397112907,41318373883979,La Marca Prosecco,1.5L,9064479,SKU + title,0,historical_detail_2024-11-01_to_2026-07-22,
1241,42913397047371,41157278531659,La Marca Prosecco,375ML,3004871,SKU + title,0,historical_detail_2024-11-01_to_2026-07-22,
1242,42913397080139,42913397080139,La Marca Prosecco,750ML,9064483,Current variant ID,1,historical_detail_2024-11-01_to_2026-07-22,
1243,41318373851211,41157278564427,La Marca Prosecco,187ML,9174974,SKU + title,0,historical_detail_2024-11-01_to_2026-07-22,
1244,42913397047371,42913397047371,La Marca Prosecco,375ML,3004871,Current variant ID,1,historical_detail_2024-11-01_to_2026-07-22,
1245,42913397047371,41318373818443,La Marca Prosecco,375ML,3004871,SKU + title,0,historical_detail_2024-11-01_to_2026-07-22,
1246,41318373851211,41318373851211,La Marca Prosecco,187ML,9174974,Current variant ID,1,historical_detail_2024-11-01_to_2026-07-22,
1247,42913397112907,41157278597195,La Marca Prosecco,1.5L,9064479,SKU + title,0,historical_detail_2024-11-01_to_2026-07-22,
1248,42913397080139,41157278498891,La Marca Prosecco,750ML,9064483,SKU + title,0,historical_detail_2024-11-01_to_2026-07-22,
1249,42913396981835,41157278662731,La Marca Prosecco Rose,187ML,3015965,SKU + title,0,historical_detail_2024-11-01_to_2026-07-22,
1250,42913396981835,41318373785675,La Marca Prosecco Rose,187ML,3015965,SKU + title,0,historical_detail_2024-11-01_to_2026-07-22,
1251,41157278629963,41157278629963,La Marca Prosecco Rose,750ML,3015712,Current variant ID,1,historical_detail_2024-11-01_to_2026-07-22,
1252,41157278695499,41157278695499,Liberty Creek Cabernet Sauvignon American,1.5L,3015894,Current variant ID,1,historical_detail_2024-11-01_to_2026-07-22,
1253,41157278728267,41157278728267,Liberty Creek Chardonnay,1.5L,3015958,Current variant ID,1,historical_detail_2024-11-01_to_2026-07-22,
1254,41157278761035,41157278761035,Liberty Creek Merlot,1.5L,9012098,Current variant ID,1,historical_detail_2024-11-01_to_2026-07-22,
1255,41157278793803,41157278793803,Liberty Creek Moscato,1.5L,3015959,Current variant ID,1,historical_detail_2024-11-01_to_2026-07-22,
1256,41157278826571,41157278826571,Liberty Creek Pinot Grigio,1.5L,3015961,Current variant ID,1,historical_detail_2024-11-01_to_2026-07-22,
1257,41157278859339,41157278859339,Liberty Creek Pinot Noir American,1.5L,3015947,Current variant ID,1,historical_detail_2024-11-01_to_2026-07-22,
1258,41157278892107,41157278892107,Louis M. Martini Cabernet Sauvignon Prati Sonoma County,750ML,3015919,Current variant ID,1,historical_detail_2024-11-01_to_2026-07-22,
1259,41157278892107,41157278892107,Louis M. Martini Prati Cabernet,750ML,3015919,Current variant ID,1,historical_detail_2024-11-01_to_2026-07-22,
1260,41157278924875,41157278924875,Louis M. Martini Napa Valley Cabernet,750ML,3014645,Current variant ID,1,historical_detail_2024-11-01_to_2026-07-22,
1261,42913396785227,41318373752907,Manischewitz Blackberry Kosher,750ML,9044808,SKU + title,0,historical_detail_2024-11-01_to_2026-07-22,
1262,41157279023179,41157279023179,Manischewitz Concord Grape Kosher,1.5L,9044827,Current variant ID,1,historical_detail_2024-11-01_to_2026-07-22,
1263,42913396719691,41318373720139,Manischewitz Concord Grape Kosher,750ML,9044829,SKU + title,0,historical_detail_2024-11-01_to_2026-07-22,
1264,41157279088715,41157279088715,Mark West Cabernet Sauvignon California,750ML,3014495,Current variant ID,1,historical_detail_2024-11-01_to_2026-07-22,
1265,41157279121483,41157279121483,Mark West Pinot Noir California,750ML,9041055,Current variant ID,1,historical_detail_2024-11-01_to_2026-07-22,
1266,41157279154251,41157279154251,Mirassou Vineyards Pinot Noir,750ML,9021226,Current variant ID,1,historical_detail_2024-11-01_to_2026-07-22,
1267,41157279187019,41157279187019,New Amsterdam Coconut,1.75L,9166539,Current variant ID,1,historical_detail_2024-11-01_to_2026-07-22,
1268,42913396588619,41157279219787,New Amsterdam Coconut,50ML,3014400,SKU + title,0,historical_detail_2024-11-01_to_2026-07-22,
1269,42913396621387,41157279252555,New Amsterdam Coconut,750ML,9163999,SKU + title,0,historical_detail_2024-11-01_to_2026-07-22,
1270,42913396621387,41318373687371,New Amsterdam Coconut,750ML,9163999,SKU + title,0,historical_detail_2024-11-01_to_2026-07-22,
1271,42913396588619,41318373654603,New Amsterdam Coconut,50ML,3014400,SKU + title,0,historical_detail_2024-11-01_to_2026-07-22,
1272,41157279285323,41157279285323,New Amsterdam Flavored Apple,50ML,3014389,Current variant ID,1,historical_detail_2024-11-01_to_2026-07-22,
1273,42913396523083,41318373621835,New Amsterdam Grapefruit,750ML,3002359,SKU + title,0,historical_detail_2024-11-01_to_2026-07-22,
1274,42913396457547,41318373589067,New Amsterdam Lemon,750ML,9263831,SKU + title,0,historical_detail_2024-11-01_to_2026-07-22,
1275,41157279383627,41157279383627,New Amsterdam Lemon,1.75L,9263934,Current variant ID,1,historical_detail_2024-11-01_to_2026-07-22,
1276,42913396392011,41318373556299,New Amsterdam Mango,750ML,9185690,SKU + title,0,historical_detail_2024-11-01_to_2026-07-22,
1277,42913396359243,41318373523531,New Amsterdam Mango,1.75L,9185687,SKU + title,0,historical_detail_2024-11-01_to_2026-07-22,
1278,42913396359243,41157279481931,New Amsterdam Mango,1.75L,9185687,SKU + title,0,historical_detail_2024-11-01_to_2026-07-22,
1279,41157279449163,41157279449163,New Amsterdam Mango,50ML,3014390,Current variant ID,1,historical_detail_2024-11-01_to_2026-07-22,
1280,42913396195403,41318373392459,New Amsterdam Original Vodka,750ML,9137923,SKU + title,0,historical_detail_2024-11-01_to_2026-07-22,
1281,42913396195403,41157279613003,New Amsterdam Original Vodka,750ML,9137923,SKU + title,0,historical_detail_2024-11-01_to_2026-07-22,
1282,42913396260939,41157279547467,New Amsterdam Original Vodka,1.75L,9137929,SKU + title,0,historical_detail_2024-11-01_to_2026-07-22,
1283,42913396129867,42913396129867,New Amsterdam Original Vodka,375ML,9137927,Current variant ID,1,historical_detail_2024-11-01_to_2026-07-22,
1284,42913396228171,41318373359691,New Amsterdam Original Vodka,1L,9137928,SKU + title,0,historical_detail_2024-11-01_to_2026-07-22,
1285,42913396228171,41157279580235,New Amsterdam Original Vodka,1L,9137928,SKU + title,0,historical_detail_2024-11-01_to_2026-07-22,
1286,42913396129867,41318373457995,New Amsterdam Original Vodka,375ML,9137927,SKU + title,0,historical_detail_2024-11-01_to_2026-07-22,
1287,42913396129867,41157279678539,New Amsterdam Original Vodka,375ML,9137927,SKU + title,0,historical_detail_2024-11-01_to_2026-07-22,
1288,42913396162635,41157279711307,New Amsterdam Original Vodka,200ML,9137926,SKU + title,0,historical_detail_2024-11-01_to_2026-07-22,
1289,42913396162635,41318373490763,New Amsterdam Original Vodka,200ML,9137926,SKU + title,0,historical_detail_2024-11-01_to_2026-07-22,
1290,41318373425227,41157279645771,New Amsterdam Original Vodka,50ML,3005489,SKU + title,0,historical_detail_2024-11-01_to_2026-07-22,
1291,41318373425227,41318373425227,New Amsterdam Original Vodka,50ML,3005489,Current variant ID,1,historical_detail_2024-11-01_to_2026-07-22,
1292,42913396260939,42913396260939,New Amsterdam Original Vodka,1.75L,9137929,Current variant ID,1,historical_detail_2024-11-01_to_2026-07-22,
1293,42913396064331,41318373326923,New Amsterdam Original Vodka 100 Proof,50ML,3014414,SKU + title,0,historical_detail_2024-11-01_to_2026-07-22,
1294,42913396031563,41318373294155,New Amsterdam Original Vodka 100 Proof,750ML,9227376,SKU + title,0,historical_detail_2024-11-01_to_2026-07-22,
1295,42913396064331,42913396064331,New Amsterdam Original Vodka 100 Proof,50ML,3014414,Current variant ID,1,historical_detail_2024-11-01_to_2026-07-22,
1296,41157279744075,41157279744075,New Amsterdam Original Vodka 100 Proof,1.75L,9227375,Current variant ID,1,historical_detail_2024-11-01_to_2026-07-22,
1297,41157279842379,41157279842379,New Amsterdam Passionfruit,1.75L,3010044,Current variant ID,1,historical_detail_2024-11-01_to_2026-07-22,
1298,42913395933259,41318373261387,New Amsterdam Passionfruit,750ML,3010045,SKU + title,0,historical_detail_2024-11-01_to_2026-07-22,
1299,42913395867723,41318373228619,New Amsterdam Peach,750ML,9152412,SKU + title,0,historical_detail_2024-11-01_to_2026-07-22,
1300,41157279907915,41157279907915,New Amsterdam Peach,1.75L,9169166,Current variant ID,1,historical_detail_2024-11-01_to_2026-07-22,
1301,41157279973451,41157279973451,New Amsterdam Pineapple,50ML,3014410,Current variant ID,1,historical_detail_2024-11-01_to_2026-07-22,
1302,41318372900939,41318372900939,New Amsterdam Pink Whitney,50ML,,Current variant ID,1,historical_detail_2024-11-01_to_2026-07-22,
1303,42913395638347,41157280006219,New Amsterdam Pink Whitney,200ML,3007464,SKU + title,0,historical_detail_2024-11-01_to_2026-07-22,
1304,42913395769419,41318372769867,New Amsterdam Pink Whitney,1.75L,3012315,SKU + title,0,historical_detail_2024-11-01_to_2026-07-22,
1305,42913395769419,41157280038987,New Amsterdam Pink Whitney,1.75L,3012315,SKU + title,0,historical_detail_2024-11-01_to_2026-07-22,
1306,42913395671115,41157280104523,New Amsterdam Pink Whitney,375ML,3007463,SKU + title,0,historical_detail_2024-11-01_to_2026-07-22,
1307,41318372900939,41178319618123,New Amsterdam Pink Whitney,50ML,,Product ID + title,0,historical_detail_2024-11-01_to_2026-07-22,
1308,42913395736651,41157280137291,New Amsterdam Pink Whitney,1L,3005104,SKU + title,0,historical_detail_2024-11-01_to_2026-07-22,
1309,42913395703883,41157280071755,New Amsterdam Pink Whitney,750ML,3003817,SKU + title,0,historical_detail_2024-11-01_to_2026-07-22,
1310,42913395671115,41318372835403,New Amsterdam Pink Whitney,375ML,3007463,SKU + title,0,historical_detail_2024-11-01_to_2026-07-22,
1311,42913395703883,41318372802635,New Amsterdam Pink Whitney,750ML,3003817,SKU + title,0,historical_detail_2024-11-01_to_2026-07-22,
1312,42913395736651,41318372868171,New Amsterdam Pink Whitney,1L,3005104,SKU + title,0,historical_detail_2024-11-01_to_2026-07-22,
1313,42913395540043,41318372704331,New Amsterdam Raspberry,750ML,9259912,SKU + title,0,historical_detail_2024-11-01_to_2026-07-22,
1314,42913395540043,41157280202827,New Amsterdam Raspberry,750ML,9259912,SKU + title,0,historical_detail_2024-11-01_to_2026-07-22,
1315,41157280170059,41157280170059,New Amsterdam Raspberry,1.75L,9259911,Current variant ID,1,historical_detail_2024-11-01_to_2026-07-22,
1316,42913395441739,41318372671563,New Amsterdam Red Berry,1.75L,9169167,SKU + title,0,historical_detail_2024-11-01_to_2026-07-22,
1317,41157280235595,41157280235595,New Amsterdam Red Berry,750ML,9152357,Current variant ID,1,historical_detail_2024-11-01_to_2026-07-22,
1318,42913395343435,41318372638795,New Amsterdam Tangerine Flavored Vodka,750ML,3014817,SKU + title,0,historical_detail_2024-11-01_to_2026-07-22,
1319,41157280301131,41157280301131,New Amsterdam Tangerine Flavored Vodka,1.75L,3014816,Current variant ID,1,historical_detail_2024-11-01_to_2026-07-22,
1320,42913395146827,41157280399435,New Amsterdam The Original Gin,1L,9025747,SKU + title,0,historical_detail_2024-11-01_to_2026-07-22,
1321,42913395245131,41157280497739,New Amsterdam The Original Gin,200ML,9020830,SKU + title,0,historical_detail_2024-11-01_to_2026-07-22,
1322,42913395277899,41157280530507,New Amsterdam The Original Gin,50ML,9030083,SKU + title,0,historical_detail_2024-11-01_to_2026-07-22,
1323,42913395179595,41157280432203,New Amsterdam The Original Gin,375ML,9020829,SKU + title,0,historical_detail_2024-11-01_to_2026-07-22,
1324,41157280366667,41157280366667,New Amsterdam The Original Gin,1.75L,9020827,Current variant ID,1,historical_detail_2024-11-01_to_2026-07-22,
1325,42913395212363,41157280464971,New Amsterdam The Original Gin,750ML,9020828,SKU + title,0,historical_detail_2024-11-01_to_2026-07-22,
1326,42913395212363,41157280464971,New Amsterdam The Original Stratusphere Gin,750ML,9020828,SKU + title,0,historical_detail_2024-11-01_to_2026-07-22,
1327,41157280563275,41157280563275,New Amsterdam Watermelon,50ML,3014681,Current variant ID,1,historical_detail_2024-11-01_to_2026-07-22,
1328,41157280596043,41157280596043,Orin Swift 8 Years In The Desert,750ML,3014124,Current variant ID,1,historical_detail_2024-11-01_to_2026-07-22,
1329,41157280661579,41157280661579,Orin Swift Machete,750ML,3012285,Current variant ID,1,historical_detail_2024-11-01_to_2026-07-22,
1330,41157280694347,41157280694347,Orin Swift Palermo Cabernet Sauvignon,750ML,3015284,Current variant ID,1,historical_detail_2024-11-01_to_2026-07-22,
1331,41157280727115,41157280727115,Peter Vella Chardonnay,5L,3007698,Current variant ID,1,historical_detail_2024-11-01_to_2026-07-22,
1332,41157280759883,41157280759883,Peter Vella Delicious Red,5L,3008564,Current variant ID,1,historical_detail_2024-11-01_to_2026-07-22,
1333,41157280825419,41157280825419,Peter Vella Merlot,5L,3006897,Current variant ID,1,historical_detail_2024-11-01_to_2026-07-22,
1334,41157280858187,41157280858187,Peter Vella Moscato Sangria,5L,3007703,Current variant ID,1,historical_detail_2024-11-01_to_2026-07-22,
1335,41157280890955,41157280890955,Peter Vella Sangria,5L,3007700,Current variant ID,1,historical_detail_2024-11-01_to_2026-07-22,
1336,41157280923723,41157280923723,Peter Vella Vineyards Crisp White,5L,3007702,Current variant ID,1,historical_detail_2024-11-01_to_2026-07-22,
1337,41157280956491,41157280956491,Rombauer California Zinfandel,750ML,3016449,Current variant ID,1,historical_detail_2024-11-01_to_2026-07-22,
1338,41157280989259,41157280989259,Rombauer Carneros Chardonnay,750ML,3016253,Current variant ID,1,historical_detail_2024-11-01_to_2026-07-22,
1339,41157281022027,41157281022027,Rombauer Sauvignon Blanc,750ML,3015770,Current variant ID,1,historical_detail_2024-11-01_to_2026-07-22,
1340,41157281054795,41157281054795,Ron del Barrilito 2 Star Rum,750ML,3015798,Current variant ID,1,historical_detail_2024-11-01_to_2026-07-22,
1341,41157281087563,41157281087563,Ron del Barrilito 3 Star Rum,750ML,532436,Current variant ID,1,historical_detail_2024-11-01_to_2026-07-22,
1342,42913394688075,41157281120331,RumChata,1.75L,3008341,SKU + title,0,historical_detail_2024-11-01_to_2026-07-22,
1343,42913394655307,41318372474955,RumChata,1L,3008338,SKU + title,0,historical_detail_2024-11-01_to_2026-07-22,
1344,42913394589771,41157281218635,RumChata,375ML,3008337,SKU + title,0,historical_detail_2024-11-01_to_2026-07-22,
1345,42913394622539,41157281153099,RumChata,750ML,3008333,SKU + title,0,historical_detail_2024-11-01_to_2026-07-22,
1346,42913394589771,41318372442187,RumChata,375ML,3008337,SKU + title,0,historical_detail_2024-11-01_to_2026-07-22,
1347,41318372409419,41157281185867,RumChata,50ML,3008353,SKU + title,0,historical_detail_2024-11-01_to_2026-07-22,
1348,42913394589771,42913394589771,RumChata,375ML,3008337,Current variant ID,1,historical_detail_2024-11-01_to_2026-07-22,
1349,42913394655307,41157281251403,RumChata,1L,3008338,SKU + title,0,historical_detail_2024-11-01_to_2026-07-22,
1350,41318372409419,41318372409419,RumChata,50ML,3008353,Current variant ID,1,historical_detail_2024-11-01_to_2026-07-22,
1351,42913394622539,41318372376651,RumChata,750ML,3008333,SKU + title,0,historical_detail_2024-11-01_to_2026-07-22,
1352,41157281284171,41157281284171,RumChata Coconut Cream Liqueur,750ML,3012304,Current variant ID,1,historical_detail_2024-11-01_to_2026-07-22,
1353,41157281316939,41157281316939,RumChata Gift Pack,750ML,3009310,Current variant ID,1,historical_detail_2024-11-01_to_2026-07-22,
1354,41157281382475,41157281382475,RumChata Peppermint Bark,750ML,3008328,Current variant ID,1,historical_detail_2024-11-01_to_2026-07-22,
1355,41157281480779,41157281480779,Saint Clair Sauvignon Blanc,750ML,3014510,Current variant ID,1,historical_detail_2024-11-01_to_2026-07-22,
1356,41157281513547,41157281513547,Smith & Hook Reserve Cabernet Sauvignon,750ML,3013959,Current variant ID,1,historical_detail_2024-11-01_to_2026-07-22,
1357,41157281513547,41157281513547,Smith & Hook Cabernet Sauvignon,750ML,3013959,Current variant ID,1,historical_detail_2024-11-01_to_2026-07-22,
1358,41157281546315,41157281546315,Soon Hari Peach Soju,375ML,3014917,Current variant ID,1,historical_detail_2024-11-01_to_2026-07-22,
1359,41157281546315,41157281546315,Soon Hari Peach,375ML,3014917,Current variant ID,1,historical_detail_2024-11-01_to_2026-07-22,
1360,41157281579083,41157281579083,Soon Hari Strawberry Soju,375ML,3014918,Current variant ID,1,historical_detail_2024-11-01_to_2026-07-22,
1361,41157281579083,41157281579083,Soon Hari Strawberry,375ML,3014918,Current variant ID,1,historical_detail_2024-11-01_to_2026-07-22,
1362,41157281644619,41157281644619,Starborough Sauvignon Blanc,750ML,9042292,Current variant ID,1,historical_detail_2024-11-01_to_2026-07-22,
1363,42913394229323,41318372343883,Taylor Marsala,750ML,9026293,SKU + title,0,historical_detail_2024-11-01_to_2026-07-22,
1364,42913394229323,41157281710155,Taylor Marsala,750ML,9026293,SKU + title,0,historical_detail_2024-11-01_to_2026-07-22,
1365,41157281677387,41157281677387,Taylor Marsala,1.5L,3007157,Current variant ID,1,historical_detail_2024-11-01_to_2026-07-22,
1366,42913394163787,41318372311115,Taylor Port,750ML,9004912,Product ID + title,0,historical_detail_2024-11-01_to_2026-07-22,
1367,42913394131019,41157281841227,Taylor Port,3L,9026294,SKU + title,0,historical_detail_2024-11-01_to_2026-07-22,
1368,42913394163787,41164122390603,Taylor Port,750ML,9004912,Product ID + title,0,historical_detail_2024-11-01_to_2026-07-22,
1369,42913394098251,41157281808459,Taylor Port,375ML,3012256,SKU + title,0,historical_detail_2024-11-01_to_2026-07-22,
1370,41157281775691,41157281775691,Taylor Port,1.5L,9004912,Current variant ID,1,historical_detail_2024-11-01_to_2026-07-22,
1371,41157281939531,41157281939531,The Dalmore 12 Year Old,750ML,9241066,Current variant ID,1,historical_detail_2024-11-01_to_2026-07-22,
1372,41157282037835,41157282037835,Tippy Cow Chocolate Shake,750ML,3008327,Current variant ID,1,historical_detail_2024-11-01_to_2026-07-22,
1373,41157282070603,41157282070603,Tippy Cow Orange Cream,750ML,3008326,Current variant ID,1,historical_detail_2024-11-01_to_2026-07-22,
1374,41157282103371,41157282103371,Tippy Cow Shamrock Mint,750ML,3008325,Current variant ID,1,historical_detail_2024-11-01_to_2026-07-22,
1375,41157282136139,41157282136139,Tippy Cow Vanilla Soft Serve,750ML,3008324,Current variant ID,1,historical_detail_2024-11-01_to_2026-07-22,
1376,41157282168907,41157282168907,Toasted Head Chardonnay,750ML,2436947,Current variant ID,1,historical_detail_2024-11-01_to_2026-07-22,
1377,41157282201675,41157282201675,Vibe by Vendange Blue Raspberry Lemonade,500ML,3011839,Current variant ID,1,historical_detail_2024-11-01_to_2026-07-22,
1378,41157282234443,41157282234443,Vibe by Vendange Fruit Punch,500ML,3011870,Current variant ID,1,historical_detail_2024-11-01_to_2026-07-22,
1379,41157282267211,41157282267211,Vibe by Vendange Peach,500ML,3014685,Current variant ID,1,historical_detail_2024-11-01_to_2026-07-22,
1380,41157282332747,41157282332747,Whitehaven Marlborough Sauvignon Blanc,750ML,9265118,Current variant ID,1,historical_detail_2024-11-01_to_2026-07-22,
1381,41157282365515,41157282365515,Wild Horse Paso Robles Cabernet Sauvignon,750ML,,Current variant ID,1,historical_detail_2024-11-01_to_2026-07-22,
1382,41157282398283,41157282398283,William Hill Estate North Coast Chardonnay,750ML,9168425,Current variant ID,1,historical_detail_2024-11-01_to_2026-07-22,
1383,41716810481739,41716810481739,High Noon Vodka Seltzer Variety 8 Pack,8pk-12oz Cans,,Current variant ID,1,historical_detail_2024-11-01_to_2026-07-22,
1384,42913393705035,41157547982923,1800 Tequila Blanco,750ML,9039323,SKU + title,0,historical_detail_2024-11-01_to_2026-07-22,
1385,41318372147275,41157547917387,1800 Tequila Blanco,50ML,9039325,SKU + title,0,historical_detail_2024-11-01_to_2026-07-22,
1386,42913393639499,41318372114507,1800 Tequila Blanco,200ML,9129483,SKU + title,0,historical_detail_2024-11-01_to_2026-07-22,
1387,42913393737803,41157547950155,1800 Tequila Blanco,1L,9039322,SKU + title,0,historical_detail_2024-11-01_to_2026-07-22,
1388,42913393672267,41318372081739,1800 Tequila Blanco,375ML,9039324,SKU + title,0,historical_detail_2024-11-01_to_2026-07-22,
1389,42913393705035,41318372212811,1800 Tequila Blanco,750ML,9039323,SKU + title,0,historical_detail_2024-11-01_to_2026-07-22,
1390,42913393639499,41157547884619,1800 Tequila Blanco,200ML,9129483,SKU + title,0,historical_detail_2024-11-01_to_2026-07-22,
1391,41318372147275,41318372147275,1800 Tequila Blanco,50ML,9039325,Current variant ID,1,historical_detail_2024-11-01_to_2026-07-22,
1392,42913393737803,41318372180043,1800 Tequila Blanco,1L,9039322,SKU + title,0,historical_detail_2024-11-01_to_2026-07-22,
1393,42913393672267,41157547851851,1800 Tequila Blanco,375ML,9039324,SKU + title,0,historical_detail_2024-11-01_to_2026-07-22,
1394,41157548048459,41157548048459,1800 Tequila Coconut,375ML,9144565,Current variant ID,1,historical_detail_2024-11-01_to_2026-07-22,
1395,42913393573963,41318372048971,1800 Tequila Coconut,750ML,9144454,SKU + title,0,historical_detail_2024-11-01_to_2026-07-22,
1396,42913393573963,42913393573963,1800 Tequila Coconut,750ML,9144454,Current variant ID,1,historical_detail_2024-11-01_to_2026-07-22,
1397,42913393573963,41157548081227,1800 Tequila Coconut,750ML,9144454,SKU + title,0,historical_detail_2024-11-01_to_2026-07-22,
1398,41157548179531,41157548179531,1800 Tequila Reposado,1.75L,9039327,Current variant ID,1,historical_detail_2024-11-01_to_2026-07-22,
1399,42913393377355,41318371950667,1800 Tequila Reposado,50ML,9039331,SKU + title,0,historical_detail_2024-11-01_to_2026-07-22,
1400,42913393344587,41318371917899,1800 Tequila Reposado,200ML,9133146,SKU + title,0,historical_detail_2024-11-01_to_2026-07-22,
1401,42913393442891,41157548310603,1800 Tequila Reposado,750ML,9009474,SKU + title,0,historical_detail_2024-11-01_to_2026-07-22,
1402,42913393442891,41318372016203,1800 Tequila Reposado,750ML,9009474,SKU + title,0,historical_detail_2024-11-01_to_2026-07-22,
1403,42913393410123,41157548277835,1800 Tequila Reposado,1L,9009475,SKU + title,0,historical_detail_2024-11-01_to_2026-07-22,
1404,42913393344587,41157548212299,1800 Tequila Reposado,200ML,9133146,SKU + title,0,historical_detail_2024-11-01_to_2026-07-22,
1405,42913393410123,41318371983435,1800 Tequila Reposado,1L,9009475,SKU + title,0,historical_detail_2024-11-01_to_2026-07-22,
1406,41157548343371,41157548343371,99 Pineapple,50ML,3007256,Current variant ID,1,historical_detail_2024-11-01_to_2026-07-22,
1407,41157548343371,41157548343371,99 Brand 10 Flavors Schnapps Rainbow Pack,50ML,3007256,Current variant ID,1,historical_detail_2024-11-01_to_2026-07-22,
1408,41157548441675,41157548441675,Banfi chianti superiore,750ML,911002,Current variant ID,1,historical_detail_2024-11-01_to_2026-07-22,
1409,41157548474443,41157548474443,Banfi Principessa Gavia Gavi DOCG,750ML,3015298,Current variant ID,1,historical_detail_2024-11-01_to_2026-07-22,
1410,41157548539979,41157548539979,Bardstown Bourbon Amrut Straight Rye,750ML,3015270,Current variant ID,1,historical_detail_2024-11-01_to_2026-07-22,
1411,41157549228107,41157549228107,Bardstown Bourbon Origins Series Rye,750ML,3012179,Current variant ID,1,historical_detail_2024-11-01_to_2026-07-22,
1412,41157549228107,41157549228107,Bardstown WVGBC Blended Rye,750ML,3012179,Current variant ID,1,historical_detail_2024-11-01_to_2026-07-22,
1413,41157549260875,41157549260875,Bardstown 6Yrs Bottled-In-Bond,750ML,3012181,Current variant ID,1,historical_detail_2024-11-01_to_2026-07-22,
1414,41157549326411,41157549326411,Bardstown Straight Wheated,750ML,3015700,Current variant ID,1,historical_detail_2024-11-01_to_2026-07-22,
1415,41157549326411,41157549326411,Bardstown Bourbon Company Origin Series Kentucky Straight Wheated Bourbon Whiskey 106 Proof,750ML,3015700,Current variant ID,1,historical_detail_2024-11-01_to_2026-07-22,
1416,41157549391947,41157549391947,Bartenura Moscato Provincia di Pavia IGT,750ML,9002186,Current variant ID,1,historical_detail_2024-11-01_to_2026-07-22,
1417,42913393082443,41157549490251,Barton Light Rum,1L,9024377,SKU + title,0,historical_detail_2024-11-01_to_2026-07-22,
1418,41157549457483,41157549457483,Barton Light Rum,1.75L,9044124,Current variant ID,1,historical_detail_2024-11-01_to_2026-07-22,
1419,42913393082443,41318371885131,Barton Light Rum,1L,9024377,SKU + title,0,historical_detail_2024-11-01_to_2026-07-22,
1420,42913392951371,41157549555787,Barton London Extra Dry Gin,1L,9004608,SKU + title,0,historical_detail_2024-11-01_to_2026-07-22,
1421,41157549523019,41157549523019,Barton London Extra Dry Gin,1.75L,9024376,Current variant ID,1,historical_detail_2024-11-01_to_2026-07-22,
1422,42913392984139,41318371852363,Barton London Extra Dry Gin,375ML,9034403,SKU + title,0,historical_detail_2024-11-01_to_2026-07-22,
1423,42913392984139,41157549588555,Barton London Extra Dry Gin,375ML,9034403,SKU + title,0,historical_detail_2024-11-01_to_2026-07-22,
1424,42913392951371,41318371819595,Barton London Extra Dry Gin,1L,9004608,SKU + title,0,historical_detail_2024-11-01_to_2026-07-22,
1425,42913392820299,41157549686859,Barton Rum Dark Gold,1L,9044121,SKU + title,0,historical_detail_2024-11-01_to_2026-07-22,
1426,41157549654091,41157549654091,Barton Rum Dark Gold,1.75L,9044123,Current variant ID,1,historical_detail_2024-11-01_to_2026-07-22,
1427,42913392820299,41318371786827,Barton Rum Dark Gold,1L,9044121,SKU + title,0,historical_detail_2024-11-01_to_2026-07-22,
1428,42913392656459,41157549817931,Barton Vodka,1.75L,9024378,SKU + title,0,historical_detail_2024-11-01_to_2026-07-22,
1429,42913392623691,41157549785163,Barton Vodka,750ML,9034422,SKU + title,0,historical_detail_2024-11-01_to_2026-07-22,
1430,41157549719627,41157549719627,Barton Vodka,1L,9004607,Current variant ID,1,historical_detail_2024-11-01_to_2026-07-22,
1431,42913392590923,41318371688523,Barton Vodka,200ML,9034420,SKU + title,0,historical_detail_2024-11-01_to_2026-07-22,
1432,42913392590923,42913392590923,Barton Vodka,200ML,9034420,Current variant ID,1,historical_detail_2024-11-01_to_2026-07-22,
1433,42913392590923,41157549752395,Barton Vodka,200ML,9034420,SKU + title,0,historical_detail_2024-11-01_to_2026-07-22,
1434,42913392656459,42913392656459,Barton Vodka,1.75L,9024378,Current variant ID,1,historical_detail_2024-11-01_to_2026-07-22,
1435,42913392623691,41318371721291,Barton Vodka,750ML,9034422,SKU + title,0,historical_detail_2024-11-01_to_2026-07-22,
1436,42913392656459,41318371754059,Barton Vodka,1.75L,9024378,SKU + title,0,historical_detail_2024-11-01_to_2026-07-22,
1437,41157549850699,41157549850699,Ben Holladay 6Yrs Bottled-in-Bond,750ML,3013749,Current variant ID,1,historical_detail_2024-11-01_to_2026-07-22,
1438,41157549916235,41157549916235,Ben Holladay 6Yrs Soft Red Wheat BinB,750ML,3013748,Current variant ID,1,historical_detail_2024-11-01_to_2026-07-22,
1439,41157549916235,41157549916235,Ben Holladay 6Yrs Soft Red Wheat Bottled-In-Bond Straight,750ML,3013748,Current variant ID,1,historical_detail_2024-11-01_to_2026-07-22,
1440,41157549949003,41157549949003,Bodega Norton 1895 Coleccion Malbec,750ML,9250625,Current variant ID,1,historical_detail_2024-11-01_to_2026-07-22,
1441,41157550014539,41157550014539,Bodega Norton 1895 Sauvignon Blanc,750ML,9250626,Current variant ID,1,historical_detail_2024-11-01_to_2026-07-22,
1442,41157550047307,41157550047307,Bogle Vineyards Cabernet Sauvignon,750ML,3014835,Current variant ID,1,historical_detail_2024-11-01_to_2026-07-22,
1443,41157550080075,41157550080075,Bogle Vineyards Chardonnay,750ML,3014836,Current variant ID,1,historical_detail_2024-11-01_to_2026-07-22,
1444,41157550178379,41157550178379,Bogle Vineyards Merlot,750ML,3014838,Current variant ID,1,historical_detail_2024-11-01_to_2026-07-22,
1445,41157550243915,41157550243915,Bogle Vineyards Old Vine Essential Red,750ML,3014837,Current variant ID,1,historical_detail_2024-11-01_to_2026-07-22,
1446,41157550276683,41157550276683,Bogle Vineyards Petite Sirah,750ML,3014900,Current variant ID,1,historical_detail_2024-11-01_to_2026-07-22,
1447,41157550342219,41157550342219,Bogle Vineyards Phantom Chardonnay,750ML,3015991,Current variant ID,1,historical_detail_2024-11-01_to_2026-07-22,
1448,41157550374987,41157550374987,Bogle Vineyards Pinot Noir,750ML,3015874,Current variant ID,1,historical_detail_2024-11-01_to_2026-07-22,
1449,41157550440523,41157550440523,Bogle Vineyards Sauvignon Blanc,750ML,3015875,Current variant ID,1,historical_detail_2024-11-01_to_2026-07-22,
1450,41157550473291,41157550473291,Bogle Vineyards Zinfandel Old Vine California,750ML,3014839,Current variant ID,1,historical_detail_2024-11-01_to_2026-07-22,
1451,41157550506059,41157550506059,Bonterra Chardonnay,750ML,1034842,Current variant ID,1,historical_detail_2024-11-01_to_2026-07-22,
1452,41157550571595,41157550571595,Bonterra Sauvignon Blanc,750ML,9018342,Current variant ID,1,historical_detail_2024-11-01_to_2026-07-22,
1453,41157550604363,41157550604363,Borghetti liq caffee espresso,750ML,3002651,Current variant ID,1,historical_detail_2024-11-01_to_2026-07-22,
1454,41157550669899,41157550669899,Brother's Bond 6Yrs Bottled-In-Bond,750ML,3016340,Current variant ID,1,historical_detail_2024-11-01_to_2026-07-22,
1455,41157550702667,41157550702667,Brother's Bond Cask Strength Bourbon,750ML,3013100,Current variant ID,1,historical_detail_2024-11-01_to_2026-07-22,
1456,41157550800971,41157550800971,Brother's Bond Regenerative Grain,750ML,3016045,Current variant ID,1,historical_detail_2024-11-01_to_2026-07-22,
1457,41157550833739,41157550833739,Brothers bond rye four grain,750ML,312747,Current variant ID,1,historical_detail_2024-11-01_to_2026-07-22,
1458,42913391345739,41157550932043,Buffalo Trace Bourbon Cream,50ML,3007378,SKU + title,0,historical_detail_2024-11-01_to_2026-07-22,
1459,41157550899275,41157550899275,Buffalo Trace Bourbon Cream,750ML,9202450,Current variant ID,1,historical_detail_2024-11-01_to_2026-07-22,
1460,42913391345739,41318371655755,Buffalo Trace Bourbon Cream,50ML,3007378,SKU + title,0,historical_detail_2024-11-01_to_2026-07-22,
1461,41157550964811,41157550964811,Bushmills 12 Year Old Single Malt,750ML,3010176,Current variant ID,1,historical_detail_2024-11-01_to_2026-07-22,
1462,41157551030347,41157551030347,Bushmills 16 Years Old Rare Triple Distilled Single Malt,750ML,9000731,Current variant ID,1,historical_detail_2024-11-01_to_2026-07-22,
1463,42913391050827,41157551095883,Bushmills Original Irish Whisky,750ML,9000734,SKU + title,0,historical_detail_2024-11-01_to_2026-07-22,
1464,42913391018059,41157551063115,Bushmills Original Irish Whisky,375ML,9000736,SKU + title,0,historical_detail_2024-11-01_to_2026-07-22,
1465,41461704228939,41461704228939,Bushmills Original Irish Whisky,50ML,,Current variant ID,1,historical_detail_2024-11-01_to_2026-07-22,
1466,41157551161419,41157551161419,Cakebread Cellars Napa Valley Cabernet Sauvignon,750ML,3014305,Current variant ID,1,historical_detail_2024-11-01_to_2026-07-22,
1467,41157551226955,41157551226955,Cakebread Cellars Napa Valley Chardonnay,750ML,3013948,Current variant ID,1,historical_detail_2024-11-01_to_2026-07-22,
1468,41157551259723,41157551259723,Caposaldo Moscato Provincia di Pavia IGT,750ML,9114825,Current variant ID,1,historical_detail_2024-11-01_to_2026-07-22,
1469,42913390559307,41157551325259,Caravella Limoncello,750ML,9115008,SKU + title,0,historical_detail_2024-11-01_to_2026-07-22,
1470,41157551292491,41157551292491,Caravella Limoncello,375ML,9024534,Current variant ID,1,historical_detail_2024-11-01_to_2026-07-22,
1471,42913390592075,41157551358027,Caravella Limoncello,50ML,9024533,SKU + title,0,historical_detail_2024-11-01_to_2026-07-22,
1472,42913390559307,41318371590219,Caravella Limoncello,750ML,9115008,SKU + title,0,historical_detail_2024-11-01_to_2026-07-22,
1473,42913390592075,41318371622987,Caravella Limoncello,50ML,9024533,SKU + title,0,historical_detail_2024-11-01_to_2026-07-22,
1474,42913390329931,41157551456331,Carpano Antica Formula Vermouth,750ML,3004726,SKU + title,0,historical_detail_2024-11-01_to_2026-07-22,
1475,42913390329931,41318371557451,Carpano Antica Formula Vermouth,750ML,3004726,SKU + title,0,historical_detail_2024-11-01_to_2026-07-22,
1476,41157551423563,41157551423563,Carpano Antica Formula Vermouth,375ML,3002656,Current variant ID,1,historical_detail_2024-11-01_to_2026-07-22,
1477,41157551489099,41157551489099,Carpano Classico Vermouth,750ML,3013019,Current variant ID,1,historical_detail_2024-11-01_to_2026-07-22,
1478,41157551521867,41157551521867,Castello Banfi Brunello di Montalcino DOCG,750ML,3015148,Current variant ID,1,historical_detail_2024-11-01_to_2026-07-22,
1479,41157551620171,41157551620171,Chi-Chi's Long Island Iced Tea,187ML,3007722,Current variant ID,1,historical_detail_2024-11-01_to_2026-07-22,
1480,42913390002251,41318371524683,Chi-Chi's Long Island Iced Tea,1.75L,9004687,SKU + title,0,historical_detail_2024-11-01_to_2026-07-22,
1481,41157551685707,41157551685707,Chi-Chi's Margarita,1.75L,9004674,Current variant ID,1,historical_detail_2024-11-01_to_2026-07-22,
1482,42913389838411,41318371491915,Chi-Chi's Margarita,187ML,3007723,SKU + title,0,historical_detail_2024-11-01_to_2026-07-22,
1483,42913389740107,41318371459147,Chi-Chi's Mexican Mudslide,187ML,3007724,SKU + title,0,historical_detail_2024-11-01_to_2026-07-22,
1484,41157551784011,41157551784011,Chi-Chi's Mexican Mudslide,1.75L,9004672,Current variant ID,1,historical_detail_2024-11-01_to_2026-07-22,
1485,42913389740107,41157551816779,Chi-Chi's Mexican Mudslide,187ML,3007724,SKU + title,0,historical_detail_2024-11-01_to_2026-07-22,
1486,41157551849547,41157551849547,Chi-Chi's Orange Cream,1.75L,9162961,Current variant ID,1,historical_detail_2024-11-01_to_2026-07-22,
1487,42913389641803,41318371426379,Chi-Chi's Pina Colada,187ML,3007726,SKU + title,0,historical_detail_2024-11-01_to_2026-07-22,
1488,41157551915083,41157551915083,Chi-Chi's Pina Colada,1.75L,9004671,Current variant ID,1,historical_detail_2024-11-01_to_2026-07-22,
1489,41157552275531,41157552275531,Clarendelle Medoc Red,750ML,9001740,Current variant ID,1,historical_detail_2024-11-01_to_2026-07-22,
1490,41157552439371,41157552439371,Clase Azul Reposado,750ML,9174854,Current variant ID,1,historical_detail_2024-11-01_to_2026-07-22,
1491,41157552504907,41157552504907,"Cooperstown Distillery, Canton Distillery Bourbon",750ML,3009365,Current variant ID,1,historical_detail_2024-11-01_to_2026-07-22,
1492,41157552537675,41157552537675,"Cooperstown Distillery, Doubleday Bourbon",50ML,9196110,Current variant ID,1,historical_detail_2024-11-01_to_2026-07-22,
1493,41157552635979,41157552635979,"Cooperstown Distillery, The Triple Play",50ML,9196125,Current variant ID,1,historical_detail_2024-11-01_to_2026-07-22,
1494,41157552668747,41157552668747,CVNE Cune Cava Brut,750ML,3013140,Current variant ID,1,historical_detail_2024-11-01_to_2026-07-22,
1495,41157552734283,41157552734283,Cune Rioja Cune Crianza,750ML,3014285,Current variant ID,1,historical_detail_2024-11-01_to_2026-07-22,
1496,41157552734283,41157552734283,CVNE Rioja Cune Crianza,750ML,3014285,Current variant ID,1,historical_detail_2024-11-01_to_2026-07-22,
1497,41157552767051,41157552767051,Deep Eddy Cranberry Vodka,1L,9178395,Current variant ID,1,historical_detail_2024-11-01_to_2026-07-22,
1498,42913389543499,42913389543499,Deep Eddy Lemon Vodka,1.75L,9185657,Current variant ID,1,historical_detail_2024-11-01_to_2026-07-22,
1499,42913389477963,42913389477963,Deep Eddy Lemon Vodka,375ML,9185658,Current variant ID,1,historical_detail_2024-11-01_to_2026-07-22,
1500,42913389510731,41157552898123,Deep Eddy Lemon Vodka,1L,9185656,SKU + title,0,historical_detail_2024-11-01_to_2026-07-22,
1501,42913389510731,41318371098699,Deep Eddy Lemon Vodka,1L,9185656,SKU + title,0,historical_detail_2024-11-01_to_2026-07-22,
1502,41318371131467,41318371131467,Deep Eddy Lemon Vodka,50ML,3005446,Current variant ID,1,historical_detail_2024-11-01_to_2026-07-22,
1503,42913389477963,41157552865355,Deep Eddy Lemon Vodka,375ML,9185658,SKU + title,0,historical_detail_2024-11-01_to_2026-07-22,
1504,41318371131467,41157552930891,Deep Eddy Lemon Vodka,50ML,3005446,SKU + title,0,historical_detail_2024-11-01_to_2026-07-22,
1505,42913389477963,41318371065931,Deep Eddy Lemon Vodka,375ML,9185658,SKU + title,0,historical_detail_2024-11-01_to_2026-07-22,
1506,42913389543499,41157552832587,Deep Eddy Lemon Vodka,1.75L,9185657,SKU + title,0,historical_detail_2024-11-01_to_2026-07-22,
1507,42913389510731,42913389510731,Deep Eddy Lemon Vodka,1L,9185656,Current variant ID,1,historical_detail_2024-11-01_to_2026-07-22,
1508,42913389412427,41318370967627,Deep Eddy Lime Vodka,1L,3007018,SKU + title,0,historical_detail_2024-11-01_to_2026-07-22,
1509,42913389379659,41318370934859,Deep Eddy Lime Vodka,375ML,3010423,SKU + title,0,historical_detail_2024-11-01_to_2026-07-22,
1510,42913389445195,41157553061963,Deep Eddy Lime Vodka,50ML,3007020,SKU + title,0,historical_detail_2024-11-01_to_2026-07-22,
1511,41157552963659,41157552963659,Deep Eddy Lime Vodka,1.75L,3007017,Current variant ID,1,historical_detail_2024-11-01_to_2026-07-22,
1512,42913389412427,42913389412427,Deep Eddy Lime Vodka,1L,3007018,Current variant ID,1,historical_detail_2024-11-01_to_2026-07-22,
1513,42913389445195,41318371000395,Deep Eddy Lime Vodka,50ML,3007020,SKU + title,0,historical_detail_2024-11-01_to_2026-07-22,
1514,42913389412427,41157553029195,Deep Eddy Lime Vodka,1L,3007018,SKU + title,0,historical_detail_2024-11-01_to_2026-07-22,
1515,41157553094731,41157553094731,Deep Eddy Orange Vodka,1L,9251403,Current variant ID,1,historical_detail_2024-11-01_to_2026-07-22,
1516,42913389346891,41157553225803,Deep Eddy Original Vodka,1L,9178383,SKU + title,0,historical_detail_2024-11-01_to_2026-07-22,
1517,42913389346891,41318370803787,Deep Eddy Original Vodka,1L,9178383,SKU + title,0,historical_detail_2024-11-01_to_2026-07-22,
1518,42913389314123,41318370771019,Deep Eddy Original Vodka,375ML,9185659,SKU + title,0,historical_detail_2024-11-01_to_2026-07-22,
1519,41157553160267,41157553160267,Deep Eddy Original Vodka,1.75L,9178384,Current variant ID,1,historical_detail_2024-11-01_to_2026-07-22,
1520,41157553258571,41157553258571,Deep Eddy Peach Vodka,1L,9204293,Current variant ID,1,historical_detail_2024-11-01_to_2026-07-22,
1521,42913389215819,41318370607179,Deep Eddy Ruby Red Vodka,375ML,9185661,SKU + title,0,historical_detail_2024-11-01_to_2026-07-22,
1522,42913389248587,41157553389643,Deep Eddy Ruby Red Vodka,1L,9178387,SKU + title,0,historical_detail_2024-11-01_to_2026-07-22,
1523,42913389281355,41318370672715,Deep Eddy Ruby Red Vodka,50ML,3005434,SKU + title,0,historical_detail_2024-11-01_to_2026-07-22,
1524,42913389248587,41318370639947,Deep Eddy Ruby Red Vodka,1L,9178387,SKU + title,0,historical_detail_2024-11-01_to_2026-07-22,
1525,42913389215819,42913389215819,Deep Eddy Ruby Red Vodka,375ML,9185661,Current variant ID,1,historical_detail_2024-11-01_to_2026-07-22,
1526,42913389215819,41157553356875,Deep Eddy Ruby Red Vodka,375ML,9185661,SKU + title,0,historical_detail_2024-11-01_to_2026-07-22,
1527,42913389281355,41157553422411,Deep Eddy Ruby Red Vodka,50ML,3005434,SKU + title,0,historical_detail_2024-11-01_to_2026-07-22,
1528,41157553324107,41157553324107,Deep Eddy Ruby Red Vodka,1.75L,9178388,Current variant ID,1,historical_detail_2024-11-01_to_2026-07-22,
1529,41716810448971,41716810448971,Deep Eddy Vodka + Tea Variety Pack,6pk-12oz Cans,,Current variant ID,1,historical_detail_2024-11-01_to_2026-07-22,
1530,42913389117515,41318370476107,Disaronno Originale,750ML,46441,SKU + title,0,historical_detail_2024-11-01_to_2026-07-22,
1531,42913389150283,41157553553483,Disaronno Originale,1.75L,46425,SKU + title,0,historical_detail_2024-11-01_to_2026-07-22,
1532,41318370410571,41157553619019,Disaronno Originale,200ML,3005609,SKU + title,0,historical_detail_2024-11-01_to_2026-07-22,
1533,41318370410571,41318370410571,Disaronno Originale,200ML,3005609,Current variant ID,1,historical_detail_2024-11-01_to_2026-07-22,
1534,42913389117515,41157553684555,Disaronno Originale,750ML,46441,SKU + title,0,historical_detail_2024-11-01_to_2026-07-22,
1535,42913389084747,41318370377803,Disaronno Originale,375ML,9043783,SKU + title,0,historical_detail_2024-11-01_to_2026-07-22,
1536,42913389084747,41157553586251,Disaronno Originale,375ML,9043783,SKU + title,0,historical_detail_2024-11-01_to_2026-07-22,
1537,41157553848395,41157553848395,Empress 1908 Elderflower Rose Gin,750ML,3013848,Current variant ID,1,historical_detail_2024-11-01_to_2026-07-22,
1538,42913388953675,41157553946699,Empress 1908 Gin,1L,3012204,SKU + title,0,historical_detail_2024-11-01_to_2026-07-22,
1539,42913388953675,41318370279499,Empress 1908 Gin,1L,3012204,SKU + title,0,historical_detail_2024-11-01_to_2026-07-22,
1540,41157553913931,41157553913931,Empress 1908 Gin,375ML,3002221,Current variant ID,1,historical_detail_2024-11-01_to_2026-07-22,
1541,42913388986443,41157553979467,Empress 1908 Gin,750ML,9264441,SKU + title,0,historical_detail_2024-11-01_to_2026-07-22,
1542,42913388986443,41318370312267,Empress 1908 Gin,750ML,9264441,SKU + title,0,historical_detail_2024-11-01_to_2026-07-22,
1543,41157554012235,41157554012235,Empress 1908 gin cucumber lemon,750ML,3015672,Current variant ID,1,historical_detail_2024-11-01_to_2026-07-22,
1544,42913388888139,41157554045003,Fernet-Branca Liqueur 78 Proof,750ML,3002647,SKU + title,0,historical_detail_2024-11-01_to_2026-07-22,
1545,41999103721547,41999103721547,Fernet Branca,375ML,,Current variant ID,1,historical_detail_2024-11-01_to_2026-07-22,
1546,42913388822603,41318370181195,Five Farms Irish Cream,750ML,3000156,SKU + title,0,historical_detail_2024-11-01_to_2026-07-22,
1547,41157554110539,41157554110539,Five Farms Irish Cream,375ML,3004860,Current variant ID,1,historical_detail_2024-11-01_to_2026-07-22,
1548,42913388822603,41157554176075,Five Farms Irish Cream,750ML,3000156,SKU + title,0,historical_detail_2024-11-01_to_2026-07-22,
1549,41157554208843,41157554208843,Frontera Cabernet Sauvignon,1.5L,9005625,Current variant ID,1,historical_detail_2024-11-01_to_2026-07-22,
1550,41157554307147,41157554307147,Frontera Chardonnay Buttery Valle Central,1.5L,3012411,Current variant ID,1,historical_detail_2024-11-01_to_2026-07-22,
1551,41157554372683,41157554372683,Frontera Sauvignon Blanc,1.5L,1809821,Current variant ID,1,historical_detail_2024-11-01_to_2026-07-22,
1552,41157554602059,41157554602059,Glenfiddich 12Yrs Single Malt Scotch,1L,9011439,Current variant ID,1,historical_detail_2024-11-01_to_2026-07-22,
1553,41157554602059,41157554602059,Glenfiddich 12 Year Single Malt Scotch,1L,9011439,Current variant ID,1,historical_detail_2024-11-01_to_2026-07-22,
1554,42913388625995,41157554667595,Glenfiddich 12 Year Single Malt Scotch,750ML,9033615,SKU + title,0,historical_detail_2024-11-01_to_2026-07-22,
1555,42913388560459,41157554733131,Glenfiddich 14Yrs Bourbon Barrel,750ML,9191391,SKU + title,0,historical_detail_2024-11-01_to_2026-07-22,
1556,41157554831435,41157554831435,Glenfiddich 18Yrs Single Malt Scotch,750ML,9186065,Current variant ID,1,historical_detail_2024-11-01_to_2026-07-22,
1557,41157554929739,41157554929739,Grant's Triple Wood Blended Scotch Whisky,1.75L,9001734,Current variant ID,1,historical_detail_2024-11-01_to_2026-07-22,
1558,42913388429387,41318370017355,Grant's Triple Wood Blended Scotch Whisky,1L,9001733,SKU + title,0,historical_detail_2024-11-01_to_2026-07-22,
1559,42913388462155,41318370050123,Grant's Triple Wood Blended Scotch Whisky,750ML,9001732,SKU + title,0,historical_detail_2024-11-01_to_2026-07-22,
1560,42913388462155,41157554995275,Grant's Triple Wood Blended Scotch Whisky,750ML,9001732,SKU + title,0,historical_detail_2024-11-01_to_2026-07-22,
1561,41157555093579,41157555093579,Great Jones Straight Bourbon,750ML,3006071,Current variant ID,1,historical_detail_2024-11-01_to_2026-07-22,
1562,41157555159115,41157555159115,Green River Straight Wheated,750ML,3012849,Current variant ID,1,historical_detail_2024-11-01_to_2026-07-22,
1563,41157555191883,41157555191883,Green River Full Proof Kentucky Straight,750ML,3016352,Current variant ID,1,historical_detail_2024-11-01_to_2026-07-22,
1564,41157555257419,41157555257419,Green River Kentucky Straight Bourbon,750ML,3012848,Current variant ID,1,historical_detail_2024-11-01_to_2026-07-22,
1565,41157555257419,41157555257419,Green River Kentucky Straight Bourbon Whiskey,750ML,3012848,Current variant ID,1,historical_detail_2024-11-01_to_2026-07-22,
1566,41157555290187,41157555290187,Green River Kentucky Straight Rye Whiskey,750ML,3014709,Current variant ID,1,historical_detail_2024-11-01_to_2026-07-22,
1567,42913388232779,41318369951819,Hazlitt Red Cat,3L,3012470,SKU + title,0,historical_detail_2024-11-01_to_2026-07-22,
1568,42913388232779,41157555355723,Hazlitt Red Cat,3L,3012470,SKU + title,0,historical_detail_2024-11-01_to_2026-07-22,
1569,41157555322955,41157555322955,Hazlitt Red Cat,1.5L,3012476,Current variant ID,1,historical_detail_2024-11-01_to_2026-07-22,
1570,42913388167243,41318369919051,Hazlitt White Cat,3L,3012472,SKU + title,0,historical_detail_2024-11-01_to_2026-07-22,
1571,41157555421259,41157555421259,Hazlitt White Cat,1.5L,3012478,Current variant ID,1,historical_detail_2024-11-01_to_2026-07-22,
1572,42913388167243,41157555454027,Hazlitt White Cat,3L,3012472,SKU + title,0,historical_detail_2024-11-01_to_2026-07-22,
1573,42913388068939,41318369886283,Hendrick's Gin,750ML,9018599,SKU + title,0,historical_detail_2024-11-01_to_2026-07-22,
1574,42913388068939,41157555585099,Hendrick's Gin,750ML,9018599,SKU + title,0,historical_detail_2024-11-01_to_2026-07-22,
1575,41318369820747,41318369820747,Hendrick's Gin,375ML,9258038,Current variant ID,1,historical_detail_2024-11-01_to_2026-07-22,
1576,42913388101707,41157555486795,Hendrick's Gin,1.75L,9070208,SKU + title,0,historical_detail_2024-11-01_to_2026-07-22,
1577,42913388068939,42913388068939,Hendrick's Gin,750ML,9018599,Current variant ID,1,historical_detail_2024-11-01_to_2026-07-22,
1578,41157555650635,41157555650635,Hendrick's Grand Cabaret Gin,750ML,3014483,Current variant ID,1,historical_detail_2024-11-01_to_2026-07-22,
1579,41157555683403,41157555683403,Hess Wines Chardonnay California,750ML,3015819,Current variant ID,1,historical_detail_2024-11-01_to_2026-07-22,
1580,41157555814475,41157555814475,Isaac Bowman Port Finish Straight Bourbon,750ML,3000757,Current variant ID,1,historical_detail_2024-11-01_to_2026-07-22,
1581,42913387970635,41262443462731,Jose Cuervo Classic Margarita,1.75L,9000402,Product ID + title,0,historical_detail_2024-11-01_to_2026-07-22,
1582,41157555880011,41157555880011,Jose Cuervo Classic Margarita,200ML,9000402,Current variant ID,1,historical_detail_2024-11-01_to_2026-07-22,
1583,41157555880011,41157555880011,Jose Cuervo Classic Lime Margarita,200ML,9000402,Current variant ID,1,historical_detail_2024-11-01_to_2026-07-22,
1584,41157555945547,41157555945547,Jose Cuervo Coconut Pineapple Margarita,1.75L,9182047,Current variant ID,1,historical_detail_2024-11-01_to_2026-07-22,
1585,41157556011083,41157556011083,Jose Cuervo Mango Margarita,1.75L,9083494,Current variant ID,1,historical_detail_2024-11-01_to_2026-07-22,
1586,42913387872331,41157556043851,Jose Cuervo Mango Margarita,200ML,3004064,SKU + title,0,historical_detail_2024-11-01_to_2026-07-22,
1587,42913387806795,41157556109387,Jose Cuervo Pink Lemonade Margarita,1.75L,9197175,SKU + title,0,historical_detail_2024-11-01_to_2026-07-22,
1588,42913387806795,41157556109387,Jose Cuervo Authentic Pink Lemonade Margarita,1.75L,9197175,SKU + title,0,historical_detail_2024-11-01_to_2026-07-22,
1589,41157556076619,41157556076619,Jose Cuervo Pink Lemonade Margarita,200ML,3003161,Current variant ID,1,historical_detail_2024-11-01_to_2026-07-22,
1590,41157556142155,41157556142155,Jose Cuervo Strawberry Lime Margarita,1.75L,9000396,Current variant ID,1,historical_detail_2024-11-01_to_2026-07-22,
1591,42913387708491,41157556174923,Jose Cuervo Strawberry Lime Margarita,200ML,9182049,SKU + title,0,historical_detail_2024-11-01_to_2026-07-22,
1592,41157556240459,41157556240459,Jose Cuervo Devil's Reserve Tequila,375ML,3016236,Current variant ID,1,historical_detail_2024-11-01_to_2026-07-22,
1593,42913387642955,41157556305995,Jose Cuervo Devil's Reserve Tequila,750ML,3016234,SKU + title,0,historical_detail_2024-11-01_to_2026-07-22,
1594,42913387577419,41157556535371,Jose Cuervo Especial Gold,375ML,9043863,SKU + title,0,historical_detail_2024-11-01_to_2026-07-22,
1595,42913387479115,41318369591371,Jose Cuervo Especial Gold Tequila,200ML,9000401,SKU + title,0,historical_detail_2024-11-01_to_2026-07-22,
1596,42913387413579,41318369525835,Jose Cuervo Especial Gold Tequila,1L,9000399,SKU + title,0,historical_detail_2024-11-01_to_2026-07-22,
1597,42913387479115,41318369591371,Jose Cuervo Especial Gold,200ML,9000401,SKU + title,0,historical_detail_2024-11-01_to_2026-07-22,
1598,42913387413579,41318369525835,Jose Cuervo Especial Gold,1L,9000399,SKU + title,0,historical_detail_2024-11-01_to_2026-07-22,
1599,42913387511883,41318369624139,Jose Cuervo Especial Gold,100ML,9174464,SKU + title,0,historical_detail_2024-11-01_to_2026-07-22,
1600,42913387446347,41318369558603,Jose Cuervo Especial Gold Tequila,750ML,9000406,SKU + title,0,historical_detail_2024-11-01_to_2026-07-22,
1601,42913387577419,41318369689675,Jose Cuervo Especial Gold,375ML,9043863,SKU + title,0,historical_detail_2024-11-01_to_2026-07-22,
1602,42913387511883,41318369624139,Jose Cuervo Especial Gold Tequila,100ML,9174464,SKU + title,0,historical_detail_2024-11-01_to_2026-07-22,
1603,42913387446347,41318369558603,Jose Cuervo Especial Gold,750ML,9000406,SKU + title,0,historical_detail_2024-11-01_to_2026-07-22,
1604,42913387577419,41318369689675,Jose Cuervo Especial Gold Tequila,375ML,9043863,SKU + title,0,historical_detail_2024-11-01_to_2026-07-22,
1605,41157556338763,41157556338763,Jose Cuervo Especial Gold Tequila,1.75L,9000400,Current variant ID,1,historical_detail_2024-11-01_to_2026-07-22,
1606,42913387544651,41318369656907,Jose Cuervo Especial Gold Tequila,50ML,9036827,SKU + title,0,historical_detail_2024-11-01_to_2026-07-22,
1607,42913387479115,42913387479115,Jose Cuervo Especial Gold Tequila,200ML,9000401,Current variant ID,1,historical_detail_2024-11-01_to_2026-07-22,
1608,42913387479115,41157556437067,Jose Cuervo Especial Gold,200ML,9000401,SKU + title,0,historical_detail_2024-11-01_to_2026-07-22,
1609,42913387446347,41157556404299,Jose Cuervo Especial Gold,750ML,9000406,SKU + title,0,historical_detail_2024-11-01_to_2026-07-22,
1610,41157556338763,41157556338763,Jose Cuervo Especial Gold,1.75L,9000400,Current variant ID,1,historical_detail_2024-11-01_to_2026-07-22,
1611,42913387544651,41318369656907,Jose Cuervo Especial Gold,50ML,9036827,SKU + title,0,historical_detail_2024-11-01_to_2026-07-22,
1612,42913387184203,41157556600907,Jose Cuervo Especial Silver,1L,9073853,SKU + title,0,historical_detail_2024-11-01_to_2026-07-22,
1613,42913387249739,41318369394763,Jose Cuervo Especial Silver,200ML,9073517,SKU + title,0,historical_detail_2024-11-01_to_2026-07-22,
1614,42913387315275,41318369460299,Jose Cuervo Especial Silver,100ML,9174465,SKU + title,0,historical_detail_2024-11-01_to_2026-07-22,
1615,42913387348043,41318369493067,Jose Cuervo Especial Silver,50ML,9073519,SKU + title,0,historical_detail_2024-11-01_to_2026-07-22,
1616,42913387216971,41157556633675,Jose Cuervo Especial Silver,750ML,9073854,SKU + title,0,historical_detail_2024-11-01_to_2026-07-22,
1617,41157556568139,41157556568139,Jose Cuervo Especial Silver,1.75L,9073852,Current variant ID,1,historical_detail_2024-11-01_to_2026-07-22,
1618,42913387282507,41157556699211,Jose Cuervo Especial Silver,375ML,9073516,SKU + title,0,historical_detail_2024-11-01_to_2026-07-22,
1619,42913387315275,41157556731979,Jose Cuervo Especial Silver,100ML,9174465,SKU + title,0,historical_detail_2024-11-01_to_2026-07-22,
1620,42913387184203,41318369329227,Jose Cuervo Especial Silver,1L,9073853,SKU + title,0,historical_detail_2024-11-01_to_2026-07-22,
1621,42913387348043,41157556764747,Jose Cuervo Especial Silver,50ML,9073519,SKU + title,0,historical_detail_2024-11-01_to_2026-07-22,
1622,42913387216971,41318369361995,Jose Cuervo Especial Silver,750ML,9073854,SKU + title,0,historical_detail_2024-11-01_to_2026-07-22,
1623,42913387282507,41318369427531,Jose Cuervo Especial Silver,375ML,9073516,SKU + title,0,historical_detail_2024-11-01_to_2026-07-22,
1624,42913387118667,41157556863051,Jose Cuervo Margarita Mix,1L,9021973,SKU + title,0,historical_detail_2024-11-01_to_2026-07-22,
1625,41157556830283,41157556830283,Jose Cuervo Margarita Mix,1.75L,9021972,Current variant ID,1,historical_detail_2024-11-01_to_2026-07-22,
1626,41157556895819,41157556895819,Juggernaut Hillside Cabernet Sauvignon,750ML,3016337,Current variant ID,1,historical_detail_2024-11-01_to_2026-07-22,
1627,41157556928587,41157556928587,Juggernaut Pinot Noir Russian River,750ML,3014886,Current variant ID,1,historical_detail_2024-11-01_to_2026-07-22,
1628,41157556994123,41157556994123,Kono Sauvignon Blanc Marlborough,750ML,3014764,Current variant ID,1,historical_detail_2024-11-01_to_2026-07-22,
1629,42913386987595,41157557157963,Kraken Black Spiced Rum 94 Proof,750ML,9094738,SKU + title,0,historical_detail_2024-11-01_to_2026-07-22,
1630,42913386922059,41318369230923,Kraken Black Spiced Rum 94 Proof,50ML,9168119,SKU + title,0,historical_detail_2024-11-01_to_2026-07-22,
1631,42913386954827,41318369263691,Kraken Black Spiced Rum 94 Proof,1L,9139012,SKU + title,0,historical_detail_2024-11-01_to_2026-07-22,
1632,41157557026891,41157557026891,Kraken Black Spiced Rum 94 Proof,1.75L,9096578,Current variant ID,1,historical_detail_2024-11-01_to_2026-07-22,
1633,42913386922059,41157557092427,Kraken Black Spiced Rum 94 Proof,50ML,9168119,SKU + title,0,historical_detail_2024-11-01_to_2026-07-22,
1634,42913386889291,41157557059659,Kraken Black Spiced Rum 94 Proof,375ML,9151433,SKU + title,0,historical_detail_2024-11-01_to_2026-07-22,
1635,42913386889291,41318369198155,Kraken Black Spiced Rum 94 Proof,375ML,9151433,SKU + title,0,historical_detail_2024-11-01_to_2026-07-22,
1636,42913386987595,41318369296459,Kraken Black Spiced Rum 94 Proof,750ML,9094738,SKU + title,0,historical_detail_2024-11-01_to_2026-07-22,
1637,41157557256267,41157557256267,Louis Jadot Beaujolais-Villages,750ML,9027275,Current variant ID,1,historical_detail_2024-11-01_to_2026-07-22,
1638,41157557289035,41157557289035,Louis Jadot Macon-Villages,750ML,9027304,Current variant ID,1,historical_detail_2024-11-01_to_2026-07-22,
1639,41157557354571,41157557354571,Masi Agricola Veronese Campofiorin Rosso,750ML,9125060,Current variant ID,1,historical_detail_2024-11-01_to_2026-07-22,
1640,41157557452875,41157557452875,Michter's Single Barrel Straight Rye,750ML,9033295,Current variant ID,1,historical_detail_2024-11-01_to_2026-07-22,
1641,41157557485643,41157557485643,Michter's Small Batch Straight Bourbon,750ML,9013044,Current variant ID,1,historical_detail_2024-11-01_to_2026-07-22,
1642,41157557551179,41157557551179,Michter's Sour Mash Whiskey,750ML,9159792,Current variant ID,1,historical_detail_2024-11-01_to_2026-07-22,
1643,41157557583947,41157557583947,Michter's US*1 Unblended American Whiskey,750ML,9013045,Current variant ID,1,historical_detail_2024-11-01_to_2026-07-22,
1644,41157557649483,41157557649483,Milagro Anejo Tequila,750ML,9001699,Current variant ID,1,historical_detail_2024-11-01_to_2026-07-22,
1645,41157557649483,41157557649483,Milagro A–ejo Tequila,750ML,9001699,Current variant ID,1,historical_detail_2024-11-01_to_2026-07-22,
1646,42913386692683,41318369165387,Milagro Reposado Tequila,750ML,9001701,SKU + title,0,historical_detail_2024-11-01_to_2026-07-22,
1647,42913386692683,41157557715019,Milagro Reposado Tequila,750ML,9001701,SKU + title,0,historical_detail_2024-11-01_to_2026-07-22,
1648,41157557682251,41157557682251,Milagro Reposado Tequila,375ML,3003735,Current variant ID,1,historical_detail_2024-11-01_to_2026-07-22,
1649,42913386561611,41318369132619,Milagro Silver Tequila,750ML,9001700,SKU + title,0,historical_detail_2024-11-01_to_2026-07-22,
1650,42913386561611,41157557813323,Milagro Silver Tequila,750ML,9001700,SKU + title,0,historical_detail_2024-11-01_to_2026-07-22,
1651,42913386594379,41157557747787,Milagro Silver Tequila,1.75L,9008626,SKU + title,0,historical_detail_2024-11-01_to_2026-07-22,
1652,41318369099851,41157557780555,Milagro Silver Tequila,375ML,9005264,SKU + title,0,historical_detail_2024-11-01_to_2026-07-22,
1653,41318369099851,41318369099851,Milagro Silver Tequila,375ML,9005264,Current variant ID,1,historical_detail_2024-11-01_to_2026-07-22,
1654,41157557977163,41157557977163,Milam & Greene Triple Cask Bourbon,750ML,3006148,Current variant ID,1,historical_detail_2024-11-01_to_2026-07-22,
1655,41157558042699,41157558042699,Milam & Greene Very Small Batch,750ML,3013221,Current variant ID,1,historical_detail_2024-11-01_to_2026-07-22,
1656,42913386430539,41318369067083,Mohawk Blackberry Brandy,375ML,9045285,SKU + title,0,historical_detail_2024-11-01_to_2026-07-22,
1657,42913386397771,41157558108235,Mohawk Blackberry Brandy,1L,9045283,SKU + title,0,historical_detail_2024-11-01_to_2026-07-22,
1658,42913386430539,41157558141003,Mohawk Blackberry Brandy,375ML,9045285,SKU + title,0,historical_detail_2024-11-01_to_2026-07-22,
1659,41157558075467,41157558075467,Mohawk Blackberry Brandy,1.75L,9045282,Current variant ID,1,historical_detail_2024-11-01_to_2026-07-22,
1660,42913386397771,41318369034315,Mohawk Blackberry Brandy,1L,9045283,SKU + title,0,historical_detail_2024-11-01_to_2026-07-22,
1661,42913386266699,41157558239307,Monkey Shoulder Blended Malt Scotch,1L,3015686,SKU + title,0,historical_detail_2024-11-01_to_2026-07-22,
1662,42913386299467,41157558173771,Monkey Shoulder Blended Malt Scotch,1.75L,3003730,SKU + title,0,historical_detail_2024-11-01_to_2026-07-22,
1663,41157558272075,41157558272075,Monkey Shoulder Blended Malt Scotch,750ML,9157494,Current variant ID,1,historical_detail_2024-11-01_to_2026-07-22,
1664,41157558304843,41157558304843,Mr. Boston Blue Curacao,1L,9004670,Current variant ID,1,historical_detail_2024-11-01_to_2026-07-22,
1665,41157558337611,41157558337611,Mr. Boston Peach Schnapps,1L,9004651,Current variant ID,1,historical_detail_2024-11-01_to_2026-07-22,
1666,41157558403147,41157558403147,Mr. Boston Triple Sec,1L,9004669,Current variant ID,1,historical_detail_2024-11-01_to_2026-07-22,
1667,41157558435915,41157558435915,Mr. Boston Vodka,1.75L,9044733,Current variant ID,1,historical_detail_2024-11-01_to_2026-07-22,
1668,42913386135627,41318368936011,Mr. Boston Vodka,750ML,9044732,SKU + title,0,historical_detail_2024-11-01_to_2026-07-22,
1669,42913386037323,41157558468683,Mr. Boston Vodka,1L,9044709,SKU + title,0,historical_detail_2024-11-01_to_2026-07-22,
1670,42913386102859,41157558534219,Mr. Boston Vodka,375ML,9044736,SKU + title,0,historical_detail_2024-11-01_to_2026-07-22,
1671,42913386037323,41318368837707,Mr. Boston Vodka,1L,9044709,SKU + title,0,historical_detail_2024-11-01_to_2026-07-22,
1672,42913386102859,41318368903243,Mr. Boston Vodka,375ML,9044736,SKU + title,0,historical_detail_2024-11-01_to_2026-07-22,
1673,42913386070091,41318368870475,Mr. Boston Vodka,200ML,9044734,SKU + title,0,historical_detail_2024-11-01_to_2026-07-22,
1674,42913386135627,41157558566987,Mr. Boston Vodka,750ML,9044732,SKU + title,0,historical_detail_2024-11-01_to_2026-07-22,
1675,42913386070091,42913386070091,Mr. Boston Vodka,200ML,9044734,Current variant ID,1,historical_detail_2024-11-01_to_2026-07-22,
1676,42913386070091,41157558501451,Mr. Boston Vodka,200ML,9044734,SKU + title,0,historical_detail_2024-11-01_to_2026-07-22,
1677,41318368804939,41318368804939,Mr. Boston Vodka 100 Proof,375ML,9044730,Current variant ID,1,historical_detail_2024-11-01_to_2026-07-22,
1678,42913385939019,41157558632523,Mr. Boston Vodka 100 Proof,1.75L,9044728,SKU + title,0,historical_detail_2024-11-01_to_2026-07-22,
1679,42913385906251,41318368739403,Mr. Boston Vodka 100 Proof,1L,9044708,SKU + title,0,historical_detail_2024-11-01_to_2026-07-22,
1680,41157558763595,41157558763595,Natura Pinot Noir,750ML,9168068,Current variant ID,1,historical_detail_2024-11-01_to_2026-07-22,
1681,41157558829131,41157558829131,Natura Rose,750ML,3013562,Current variant ID,1,historical_detail_2024-11-01_to_2026-07-22,
1682,41157559058507,41157559058507,PARROT BAY RUM BUCKET 90PF 20PK,50ML,3006791,Current variant ID,1,historical_detail_2024-11-01_to_2026-07-22,
1683,41157559058507,41157559058507,Parrot Bay Rum Bucket,50ML,3006791,Current variant ID,1,historical_detail_2024-11-01_to_2026-07-22,
1684,41157559058507,41157559058507,Parrot Bay Strawberry,50ML,3006791,Current variant ID,1,historical_detail_2024-11-01_to_2026-07-22,
1685,41157559156811,41157559156811,Pighin Friuli Pinot Grigio Estate Bottled,750ML,9027520,Current variant ID,1,historical_detail_2024-11-01_to_2026-07-22,
1686,41157559189579,41157559189579,Poema Brut Cava,750ML,3002304,Current variant ID,1,historical_detail_2024-11-01_to_2026-07-22,
1687,41157559255115,41157559255115,Poema Brut Rose Cava,750ML,3002307,Current variant ID,1,historical_detail_2024-11-01_to_2026-07-22,
1688,41157559287883,41157559287883,Proper No. Twelve Irish Apple Whisky,750ML,3012141,Current variant ID,1,historical_detail_2024-11-01_to_2026-07-22,
1689,41157559320651,41157559320651,Proper No. Twelve Irish Whiskey,1L,3002863,Current variant ID,1,historical_detail_2024-11-01_to_2026-07-22,
1690,42913385676875,41318368673867,Proper No. Twelve Irish Whiskey,750ML,3001850,SKU + title,0,historical_detail_2024-11-01_to_2026-07-22,
1691,42913385709643,41318368706635,Proper No. Twelve Irish Whiskey,1.75L,3004798,SKU + title,0,historical_detail_2024-11-01_to_2026-07-22,
1692,42913385676875,41157559353419,Proper No. Twelve Irish Whiskey,750ML,3001850,SKU + title,0,historical_detail_2024-11-01_to_2026-07-22,
1693,42913385578571,41318368608331,Raynal VSOP Rare Old French Brandy,1L,9019466,SKU + title,0,historical_detail_2024-11-01_to_2026-07-22,
1694,42913385578571,41157559484491,Raynal VSOP Rare Old French Brandy,1L,9019466,SKU + title,0,historical_detail_2024-11-01_to_2026-07-22,
1695,42913385611339,41318368641099,Raynal VSOP Rare Old French Brandy,750ML,9030349,SKU + title,0,historical_detail_2024-11-01_to_2026-07-22,
1696,42913385611339,41157559517259,Raynal VSOP Rare Old French Brandy,750ML,9030349,SKU + title,0,historical_detail_2024-11-01_to_2026-07-22,
1697,41157559550027,41157559550027,Rebellious Red Blend California,750ML,3013289,Current variant ID,1,historical_detail_2024-11-01_to_2026-07-22,
1698,41318368575563,41157559713867,Reyka Vodka,750ML,9005266,SKU + title,0,historical_detail_2024-11-01_to_2026-07-22,
1699,42913385414731,41157559681099,Reyka Vodka,1.75L,9019698,SKU + title,0,historical_detail_2024-11-01_to_2026-07-22,
1700,41318368575563,41318368575563,Reyka Vodka,750ML,9005266,Current variant ID,1,historical_detail_2024-11-01_to_2026-07-22,
1701,42913385381963,42913385381963,Reyka Vodka,1L,,Current variant ID,1,historical_detail_2024-11-01_to_2026-07-22,
1702,42913385381963,41687541710923,Reyka Vodka,1L,,Product ID + title,0,historical_detail_2024-11-01_to_2026-07-22,
1703,42913385250891,41157559779403,Riunite Lambrusco,3L,1827310,SKU + title,0,historical_detail_2024-11-01_to_2026-07-22,
1704,41157559746635,41157559746635,Riunite Lambrusco,1.5L,1827328,Current variant ID,1,historical_detail_2024-11-01_to_2026-07-22,
1705,42913385316427,41318368542795,Riunite Lambrusco,750ML,1827344,SKU + title,0,historical_detail_2024-11-01_to_2026-07-22,
1706,42913385316427,41157559844939,Riunite Lambrusco,750ML,1827344,SKU + title,0,historical_detail_2024-11-01_to_2026-07-22,
1707,42913385283659,41318368510027,Riunite Lambrusco,187ML,1827385,SKU + title,0,historical_detail_2024-11-01_to_2026-07-22,
1708,42913385250891,41318368477259,Riunite Lambrusco,3L,1827310,SKU + title,0,historical_detail_2024-11-01_to_2026-07-22,
1709,42913385316427,42913385316427,Riunite Lambrusco,750ML,1827344,Current variant ID,1,historical_detail_2024-11-01_to_2026-07-22,
1710,41157559877707,41157559877707,Sagamore Spirit Cask Strength Straight Rye,750ML,9252680,Current variant ID,1,historical_detail_2024-11-01_to_2026-07-22,
1711,41157559943243,41157559943243,Sagamore Spirit Double Oak Rye Whiskey,750ML,3014907,Current variant ID,1,historical_detail_2024-11-01_to_2026-07-22,
1712,41157559976011,41157559976011,Sagamore Spirit Signature Rye Whiskey,750ML,3015407,Current variant ID,1,historical_detail_2024-11-01_to_2026-07-22,
1713,42913385119819,41318368444491,Sailor Jerry Spiced Rum,750ML,9001735,SKU + title,0,historical_detail_2024-11-01_to_2026-07-22,
1714,42913385119819,41157560074315,Sailor Jerry Spiced Rum,750ML,9001735,SKU + title,0,historical_detail_2024-11-01_to_2026-07-22,
1715,42913385087051,41318368411723,Sailor Jerry Spiced Rum,1L,9001739,SKU + title,0,historical_detail_2024-11-01_to_2026-07-22,
1716,41157560139851,41157560139851,Santa Margherita Pinot Grigio,750ML,9017207,Current variant ID,1,historical_detail_2024-11-01_to_2026-07-22,
1717,41157560139851,41157560139851,Santa Margherita Pinot Grigio Alto Adige,750ML,9017207,Current variant ID,1,historical_detail_2024-11-01_to_2026-07-22,
1718,42913384988747,41157560205387,Santa Margherita Prosecco,375ML,3002644,SKU + title,0,historical_detail_2024-11-01_to_2026-07-22,
1719,41157560172619,41157560172619,Santa Margherita Prosecco,750ML,3263873,Current variant ID,1,historical_detail_2024-11-01_to_2026-07-22,
1720,42913384890443,41318368378955,Santa Marina Provincia di Pavia Pinot Grigio,750ML,9158275,SKU + title,0,historical_detail_2024-11-01_to_2026-07-22,
1721,42913384890443,41157560270923,Santa Marina Provincia di Pavia Pinot Grigio,750ML,9158275,SKU + title,0,historical_detail_2024-11-01_to_2026-07-22,
1722,41157560238155,41157560238155,Santa Marina Provincia di Pavia Pinot Grigio,1.5L,9158274,Current variant ID,1,historical_detail_2024-11-01_to_2026-07-22,
1723,42913384824907,41318368346187,Sazerac 6 Year Rye Whiskey,750ML,9031569,SKU + title,0,historical_detail_2024-11-01_to_2026-07-22,
1724,41157560336459,41157560336459,Sazerac 6 Year Rye Whiskey,1.75L,3007327,Current variant ID,1,historical_detail_2024-11-01_to_2026-07-22,
1725,42913384824907,42913384824907,Sazerac 6 Year Rye Whiskey,750ML,9031569,Current variant ID,1,historical_detail_2024-11-01_to_2026-07-22,
1726,42913384824907,41157560369227,Sazerac 6 Year Rye Whiskey,750ML,9031569,SKU + title,0,historical_detail_2024-11-01_to_2026-07-22,
1727,42913384693835,41157560467531,Seagram's Extra Smooth Vodka,750ML,3003200,SKU + title,0,historical_detail_2024-11-01_to_2026-07-22,
1728,42913384661067,41318368247883,Seagram's Extra Smooth Vodka,1L,3003220,SKU + title,0,historical_detail_2024-11-01_to_2026-07-22,
1729,42913384661067,41157560434763,Seagram's Extra Smooth Vodka,1L,3003220,SKU + title,0,historical_detail_2024-11-01_to_2026-07-22,
1730,42913384726603,41318368313419,Seagram's Extra Smooth Vodka,1.75L,3003240,SKU + title,0,historical_detail_2024-11-01_to_2026-07-22,
1731,41157560401995,41157560401995,Seagram's Extra Smooth Vodka,375ML,3003216,Current variant ID,1,historical_detail_2024-11-01_to_2026-07-22,
1732,42913384693835,41318368280651,Seagram's Extra Smooth Vodka,750ML,3003200,SKU + title,0,historical_detail_2024-11-01_to_2026-07-22,
1733,41157560533067,41157560533067,Seagram's VO Gold Canadian Blended Whisky,1.75L,9000335,Current variant ID,1,historical_detail_2024-11-01_to_2026-07-22,
1734,42913384562763,41318368018507,Seagram's VO Gold Canadian Blended Whisky,750ML,9000299,SKU + title,0,historical_detail_2024-11-01_to_2026-07-22,
1735,42913384562763,41157560565835,Seagram's VO Gold Canadian Blended Whisky,750ML,9000299,SKU + title,0,historical_detail_2024-11-01_to_2026-07-22,
1736,41157560631371,41157560631371,Shades of Blue Riesling,1.5L,3003618,Current variant ID,1,historical_detail_2024-11-01_to_2026-07-22,
1737,41157560696907,41157560696907,Smoke Lab Classic Vodka,750ML,3012192,Current variant ID,1,historical_detail_2024-11-01_to_2026-07-22,
1738,41157560762443,41157560762443,Smoke Lab Vodka Saffron Flavored Vodka,750ML,3013450,Current variant ID,1,historical_detail_2024-11-01_to_2026-07-22,
1739,42913384366155,41157560959051,Southern Comfort,750ML,9013616,SKU + title,0,historical_detail_2024-11-01_to_2026-07-22,
1740,42913384300619,42913384300619,Southern Comfort Whiskey,100ML,9180599,Current variant ID,1,historical_detail_2024-11-01_to_2026-07-22,
1741,41318367920203,41157560926283,Southern Comfort,50ML,9013615,SKU + title,0,historical_detail_2024-11-01_to_2026-07-22,
1742,42913384300619,41157560860747,Southern Comfort,100ML,9180599,SKU + title,0,historical_detail_2024-11-01_to_2026-07-22,
1743,42913384431691,41157560827979,Southern Comfort,1.75L,9140276,SKU + title,0,historical_detail_2024-11-01_to_2026-07-22,
1744,42913384431691,41318367821899,Southern Comfort,1.75L,9140276,SKU + title,0,historical_detail_2024-11-01_to_2026-07-22,
1745,42913384300619,41318367854667,Southern Comfort,100ML,9180599,SKU + title,0,historical_detail_2024-11-01_to_2026-07-22,
1746,42913384398923,41157560795211,Southern Comfort Whiskey,1L,20339,SKU + title,0,historical_detail_2024-11-01_to_2026-07-22,
1747,42913384333387,41318367887435,Southern Comfort Whiskey,375ML,20362,SKU + title,0,historical_detail_2024-11-01_to_2026-07-22,
1748,41318367920203,41318367920203,Southern Comfort Whiskey,50ML,9013615,Current variant ID,1,historical_detail_2024-11-01_to_2026-07-22,
1749,41318367920203,41318367920203,Southern Comfort,50ML,9013615,Current variant ID,1,historical_detail_2024-11-01_to_2026-07-22,
1750,42913384333387,41318367887435,Southern Comfort,375ML,20362,SKU + title,0,historical_detail_2024-11-01_to_2026-07-22,
1751,42913384398923,41157560795211,Southern Comfort,1L,20339,SKU + title,0,historical_detail_2024-11-01_to_2026-07-22,
1752,42913384431691,41318367821899,Southern Comfort Whiskey,1.75L,9140276,SKU + title,0,historical_detail_2024-11-01_to_2026-07-22,
1753,42913384366155,41318367952971,Southern Comfort,750ML,9013616,SKU + title,0,historical_detail_2024-11-01_to_2026-07-22,
1754,42913384300619,41318367854667,Southern Comfort Whiskey,100ML,9180599,SKU + title,0,historical_detail_2024-11-01_to_2026-07-22,
1755,42913384169547,41318367789131,Southern Comfort 100 Proof,375ML,9107312,SKU + title,0,historical_detail_2024-11-01_to_2026-07-22,
1756,42913384202315,41157560991819,Southern Comfort 100 Proof,750ML,20644,Product ID + title,0,historical_detail_2024-11-01_to_2026-07-22,
1757,41318367723595,41318367723595,Southern Comfort 100 Proof,50ML,9013624,Current variant ID,1,historical_detail_2024-11-01_to_2026-07-22,
1758,42913384136779,41318367756363,Southern Comfort 100 Proof,200ML,9100882,SKU + title,0,historical_detail_2024-11-01_to_2026-07-22,
1759,41318367723595,41157561057355,Southern Comfort 100 Proof,50ML,9013624,SKU + title,0,historical_detail_2024-11-01_to_2026-07-22,
1760,42913384104011,41809641439307,Southern Comfort 100 Proof,100ML,20644,Product ID + title,0,historical_detail_2024-11-01_to_2026-07-22,
1761,42913384235083,41318367690827,Southern Comfort 100 Proof,1.75L,9140275,SKU + title,0,historical_detail_2024-11-01_to_2026-07-22,
1762,41157561188427,41157561188427,St. Francis Chardonnay Buttery Sonoma County,750ML,3015175,Current variant ID,1,historical_detail_2024-11-01_to_2026-07-22,
1763,41157561188427,41157561188427,St. Francis Chardonnay Sonoma County,750ML,3015175,Current variant ID,1,historical_detail_2024-11-01_to_2026-07-22,
1764,41157561221195,41157561221195,St. Francis Sonoma County Cabernet Sauvignon,750ML,3014870,Current variant ID,1,historical_detail_2024-11-01_to_2026-07-22,
1765,41157561286731,41157561286731,St. Francis Sonoma County Zinfandel,750ML,3015441,Current variant ID,1,historical_detail_2024-11-01_to_2026-07-22,
1766,41157561352267,41157561352267,Templeton 4 Year Old Rye Whiskey,750ML,3003251,Current variant ID,1,historical_detail_2024-11-01_to_2026-07-22,
1767,41157561352267,41157561352267,Templeton Straight Rye,750ML,3003251,Current variant ID,1,historical_detail_2024-11-01_to_2026-07-22,
1768,41157561385035,41157561385035,Templeton 6 Year Old Rye Whiskey,750ML,3003255,Current variant ID,1,historical_detail_2024-11-01_to_2026-07-22,
1769,42913383448651,41157561483339,Tequila Rose Strawberry Cream Liqueur,200ML,494971,SKU + title,0,historical_detail_2024-11-01_to_2026-07-22,
1770,41157561450571,41157561450571,Tequila Rose Strawberry Cream Liqueur,1L,494930,Current variant ID,1,historical_detail_2024-11-01_to_2026-07-22,
1771,42913383514187,41318367658059,Tequila Rose Strawberry Cream Liqueur,750ML,494948,SKU + title,0,historical_detail_2024-11-01_to_2026-07-22,
1772,42913383481419,41318367625291,Tequila Rose Strawberry Cream Liqueur,50ML,9026311,SKU + title,0,historical_detail_2024-11-01_to_2026-07-22,
1773,42913383514187,41157561548875,Tequila Rose Strawberry Cream Liqueur,750ML,494948,SKU + title,0,historical_detail_2024-11-01_to_2026-07-22,
1774,42913383448651,41318367592523,Tequila Rose Strawberry Cream Liqueur,200ML,494971,SKU + title,0,historical_detail_2024-11-01_to_2026-07-22,
1775,42913383481419,41157561516107,Tequila Rose Strawberry Cream Liqueur,50ML,9026311,SKU + title,0,historical_detail_2024-11-01_to_2026-07-22,
1776,42913383448651,42913383448651,Tequila Rose Strawberry Cream Liqueur,200ML,494971,Current variant ID,1,historical_detail_2024-11-01_to_2026-07-22,
1777,41157561614411,41157561614411,The Balvenie Caribbean Cask 14Yrs Single Malt,750ML,9115429,Current variant ID,1,historical_detail_2024-11-01_to_2026-07-22,
1778,41157561647179,41157561647179,The Balvenie DoubleWood 12Yrs Single Malt,750ML,9008692,Current variant ID,1,historical_detail_2024-11-01_to_2026-07-22,
1779,41157561778251,41157561778251,The Simple Grape Pinot Grigio,750ML,3016157,Current variant ID,1,historical_detail_2024-11-01_to_2026-07-22,
1780,41157561811019,41157561811019,Three Chord Bourbon Strange Collaboration,750ML,3006410,Current variant ID,1,historical_detail_2024-11-01_to_2026-07-22,
1781,42913383284811,41157561942091,Three Olives Cherry Vodka,50ML,3012889,SKU + title,0,historical_detail_2024-11-01_to_2026-07-22,
1782,42913383317579,42913383317579,Three Olives Cherry Vodka,1L,3012887,Current variant ID,1,historical_detail_2024-11-01_to_2026-07-22,
1783,42913383317579,41157561974859,Three Olives Cherry Vodka,1L,3012887,SKU + title,0,historical_detail_2024-11-01_to_2026-07-22,
1784,42913383317579,41318367494219,Three Olives Cherry Vodka,1L,3012887,SKU + title,0,historical_detail_2024-11-01_to_2026-07-22,
1785,41157561909323,41157561909323,Three Olives Cherry Vodka,1.75L,3012885,Current variant ID,1,historical_detail_2024-11-01_to_2026-07-22,
1786,42913383284811,41318367461451,Three Olives Cherry Vodka,50ML,3012889,SKU + title,0,historical_detail_2024-11-01_to_2026-07-22,
1787,41157562007627,41157562007627,Three Olives Vanilla Vodka,1L,3012880,Current variant ID,1,historical_detail_2024-11-01_to_2026-07-22,
1788,42913383153739,41157562171467,Three Olives Grape Vodka,1L,3012892,SKU + title,0,historical_detail_2024-11-01_to_2026-07-22,
1789,42913383153739,41318367428683,Three Olives Grape Vodka,1L,3012892,SKU + title,0,historical_detail_2024-11-01_to_2026-07-22,
1790,42913383120971,42913383120971,Three Olives Grape Vodka,50ML,3012894,Current variant ID,1,historical_detail_2024-11-01_to_2026-07-22,
1791,41157562105931,41157562105931,Three Olives Grape Vodka,1.75L,3012890,Current variant ID,1,historical_detail_2024-11-01_to_2026-07-22,
1792,42913383120971,41157562138699,Three Olives Grape Vodka,50ML,3012894,SKU + title,0,historical_detail_2024-11-01_to_2026-07-22,
1793,42913383120971,41318367395915,Three Olives Grape Vodka,50ML,3012894,SKU + title,0,historical_detail_2024-11-01_to_2026-07-22,
1794,42913383055435,41318367363147,Three Olives Naked Vodka,50ML,9183886,SKU + title,0,historical_detail_2024-11-01_to_2026-07-22,
1795,42913383022667,41157562237003,Three Olives Naked Vodka,1L,194035,SKU + title,0,historical_detail_2024-11-01_to_2026-07-22,
1796,41157562204235,41157562204235,Three Olives Naked Vodka,1.75L,194027,Current variant ID,1,historical_detail_2024-11-01_to_2026-07-22,
1797,42913383055435,41157562269771,Three Olives Naked Vodka,50ML,9183886,SKU + title,0,historical_detail_2024-11-01_to_2026-07-22,
1798,42913383022667,41318367330379,Three Olives Naked Vodka,1L,194035,SKU + title,0,historical_detail_2024-11-01_to_2026-07-22,
1799,42913382924363,41318367297611,Traveller Whiskey Blend No. 40,750ML,3014877,SKU + title,0,historical_detail_2024-11-01_to_2026-07-22,
1800,41157562335307,41157562335307,Traveller Whiskey Blend No. 40,1.75L,3016558,Current variant ID,1,historical_detail_2024-11-01_to_2026-07-22,
1801,42913382924363,41157562368075,Traveller Whiskey Blend No. 40,750ML,3014877,SKU + title,0,historical_detail_2024-11-01_to_2026-07-22,
1802,42913382826059,41157562433611,Tullamore D.E.W. Irish Whisky,1.75L,9027858,SKU + title,0,historical_detail_2024-11-01_to_2026-07-22,
1803,42913382760523,41157562564683,Tullamore D.E.W. Irish Whisky,750ML,9027862,SKU + title,0,historical_detail_2024-11-01_to_2026-07-22,
1804,42913382793291,41157562531915,Tullamore D.E.W. Irish Whisky,1L,9088152,SKU + title,0,historical_detail_2024-11-01_to_2026-07-22,
1805,42913382793291,42913382793291,Tullamore D.E.W. Irish Whisky,1L,9088152,Current variant ID,1,historical_detail_2024-11-01_to_2026-07-22,
1806,41157562499147,41157562499147,Tullamore D.E.W. Irish Whisky,50ML,9027861,Current variant ID,1,historical_detail_2024-11-01_to_2026-07-22,
1807,42913382727755,41157562466379,Tullamore D.E.W. Irish Whisky,375ML,9251401,SKU + title,0,historical_detail_2024-11-01_to_2026-07-22,
1808,41318367232075,41157562630219,Wheatley Handcrafted Vodka,1L,3001066,SKU + title,0,historical_detail_2024-11-01_to_2026-07-22,
1809,41318367232075,41318367232075,Wheatley Handcrafted Vodka,1L,3001066,Current variant ID,1,historical_detail_2024-11-01_to_2026-07-22,
1810,42913382662219,41318367264843,Wheatley Handcrafted Vodka,1.75L,3002046,SKU + title,0,historical_detail_2024-11-01_to_2026-07-22,
1811,42913382662219,41157562662987,Wheatley Handcrafted Vodka,1.75L,3002046,SKU + title,0,historical_detail_2024-11-01_to_2026-07-22,
1812,41157562695755,41157562695755,Yamato Small Batch Japanese Whisky,750ML,3001344,Current variant ID,1,historical_detail_2024-11-01_to_2026-07-22,
1813,41157562695755,41157562695755,Yamato Japanese Whisky,750ML,3001344,Current variant ID,1,historical_detail_2024-11-01_to_2026-07-22,
1814,41157726928971,41157726928971,19 Crimes Cabernet Sauvignon,750ML,9185754,Current variant ID,1,historical_detail_2024-11-01_to_2026-07-22,
1815,41157726961739,41157726961739,19 Crimes Hard Chardonnay,750ML,9271311,Current variant ID,1,historical_detail_2024-11-01_to_2026-07-22,
1816,41157726994507,41157726994507,19 Crimes Red Blend,750ML,9158771,Current variant ID,1,historical_detail_2024-11-01_to_2026-07-22,
1817,41157727027275,41157727027275,19 Crimes Shiraz,750ML,3000267,Current variant ID,1,historical_detail_2024-11-01_to_2026-07-22,
1818,41157727060043,41157727060043,19 Crimes Snoop Dogg Cali Red,750ML,3005791,Current variant ID,1,historical_detail_2024-11-01_to_2026-07-22,
1819,41157727125579,41157727125579,19 Crimes The Punishment Pinot Noir,750ML,3001093,Current variant ID,1,historical_detail_2024-11-01_to_2026-07-22,
1820,41157727158347,41157727158347,19 Crimes The Uprising Red Blend,750ML,9258871,Current variant ID,1,historical_detail_2024-11-01_to_2026-07-22,
1821,41157727191115,41157727191115,Beringer Bros. Bourbon Barrel Cabernet,750ML,3015512,Current variant ID,1,historical_detail_2024-11-01_to_2026-07-22,
1822,41157727223883,41157727223883,Castello del Poggio Moscato,750ML,3003105,Current variant ID,1,historical_detail_2024-11-01_to_2026-07-22,
1823,42913382367307,41318367068235,Cavaliere d'Oro Pinot Grigio delle Venezie,750ML,3002261,SKU + title,0,historical_detail_2024-11-01_to_2026-07-22,
1824,41157727256651,41157727256651,Cavaliere d'Oro Pinot Grigio delle Venezie,1.5L,3002262,Current variant ID,1,historical_detail_2024-11-01_to_2026-07-22,
1825,42913382367307,41318367068235,Gabbiano Pinot Grigio,750ML,3002261,SKU + title,0,historical_detail_2024-11-01_to_2026-07-22,
1826,41157727256651,41157727256651,Gabbiano Pinot Grigio,1.5L,3002262,Current variant ID,1,historical_detail_2024-11-01_to_2026-07-22,
1827,42913382367307,41157727289419,Cavaliere d'Oro Pinot Grigio delle Venezie,750ML,3002261,SKU + title,0,historical_detail_2024-11-01_to_2026-07-22,
1828,41157727322187,41157727322187,Chambord,700ML,3012867,Current variant ID,1,historical_detail_2024-11-01_to_2026-07-22,
1829,41157727354955,41157727354955,DAOU Cabernet Sauvignon,750ML,3015479,Current variant ID,1,historical_detail_2024-11-01_to_2026-07-22,
1830,41157727387723,41157727387723,Dough Ball Birthday Cake Whiskey,750ML,,Current variant ID,1,historical_detail_2024-11-01_to_2026-07-22,
1831,41157727420491,41157727420491,Dough Ball Cookie Dough Whiskey,750ml,,Current variant ID,1,historical_detail_2024-11-01_to_2026-07-22,
1832,41157727453259,41157727453259,Dr. Konstantin Frank Dry Riesling,750ML,3015830,Current variant ID,1,historical_detail_2024-11-01_to_2026-07-22,
1833,41157727486027,41157727486027,Dr. Konstantin Frank Gewurztraminer,750ML,3015634,Current variant ID,1,historical_detail_2024-11-01_to_2026-07-22,
1834,41157727518795,41157727518795,Dr. Konstantin Frank Riesling Semi Dry,750ML,3015737,Current variant ID,1,historical_detail_2024-11-01_to_2026-07-22,
1835,41157727551563,41157727551563,el Jimador Reposado Tequila,1L,9011727,Current variant ID,1,historical_detail_2024-11-01_to_2026-07-22,
1836,41157727584331,41157727584331,el Jimador Silver Tequila,1L,9182575,Current variant ID,1,historical_detail_2024-11-01_to_2026-07-22,
1837,41157727780939,41157727780939,Fairbanks Sherry,1.5L,1230325,Current variant ID,1,historical_detail_2024-11-01_to_2026-07-22,
1838,42913382039627,41157727912011,Fairbanks White Port,750ML,1230143,SKU + title,0,historical_detail_2024-11-01_to_2026-07-22,
1839,42913382039627,41318367002699,Fairbanks White Port,750ML,1230143,SKU + title,0,historical_detail_2024-11-01_to_2026-07-22,
1840,41157727944779,41157727944779,Harken Barrel Fermented Chardonnay,750ML,9194024,Current variant ID,1,historical_detail_2024-11-01_to_2026-07-22,
1841,41157727977547,41157727977547,Herradura Reposado,750ML,9111613,Current variant ID,1,historical_detail_2024-11-01_to_2026-07-22,
1842,41157728010315,41157728010315,Herradura Silver,750ML,9123771,Current variant ID,1,historical_detail_2024-11-01_to_2026-07-22,
1843,41157728010315,41157728010315,Herradura Silver Tequila,750ML,9123771,Current variant ID,1,historical_detail_2024-11-01_to_2026-07-22,
1844,41716809957451,41157728043083,Jack Daniel's & Coca-Cola Zero Sugar Canned Cocktail,355ML,3012408,SKU,0,historical_detail_2024-11-01_to_2026-07-22,
1845,41716809957451,41157728043083,Jack Daniel's & Coca-Cola Zero Sugar Canned Cocktail,12oz,3012408,SKU,0,historical_detail_2024-11-01_to_2026-07-22,
1846,41716809957451,41716809957451,Jack Daniel's & Coca-Cola Zero Sugar Canned Cocktail,4pk-12oz Cans,3012408,Current variant ID,1,historical_detail_2024-11-01_to_2026-07-22,
1847,41716809924683,41716809924683,Jack Daniel's Coca Cola Canned Cocktail,4pk-12oz Cans,3012409,Current variant ID,1,historical_detail_2024-11-01_to_2026-07-22,
1848,41716809924683,41157728272459,Jack Daniel's Coca Cola Canned Cocktail,12oz,3012409,SKU,0,historical_detail_2024-11-01_to_2026-07-22,
1849,42913381711947,42913381711947,Jack Daniel's Gentleman Jack,375ML,9017966,Current variant ID,1,historical_detail_2024-11-01_to_2026-07-22,
1850,42913381777483,41157728403531,Jack Daniel's Gentleman Jack,1L,9087288,SKU + title,0,historical_detail_2024-11-01_to_2026-07-22,
1851,42913381711947,41157728337995,Jack Daniel's Gentleman Jack,375ML,9017966,SKU + title,0,historical_detail_2024-11-01_to_2026-07-22,
1852,41157728305227,41157728305227,Jack Daniel's Gentleman Jack,1.75L,23424,Current variant ID,1,historical_detail_2024-11-01_to_2026-07-22,
1853,42913381810251,41157728436299,Jack Daniel's Gentleman Jack,750ML,23440,SKU + title,0,historical_detail_2024-11-01_to_2026-07-22,
1854,42913381777483,41157728403531,Jack Daniel's Gentleman Jack Tennessee Whiskey,1L,9087288,SKU + title,0,historical_detail_2024-11-01_to_2026-07-22,
1855,42913381744715,41157728370763,Jack Daniel's Gentleman Jack,200ML,9086871,SKU + title,0,historical_detail_2024-11-01_to_2026-07-22,
1856,42913381613643,41157728501835,Jack Daniel's Old No. 7,1L,22137,SKU + title,0,historical_detail_2024-11-01_to_2026-07-22,
1857,42913381515339,41157728632907,Jack Daniel's Old No. 7,200ML,9180611,SKU + title,0,historical_detail_2024-11-01_to_2026-07-22,
1858,42913381580875,41157728534603,Jack Daniel's Old No. 7,750ML,22145,SKU + title,0,historical_detail_2024-11-01_to_2026-07-22,
1859,42913381646411,41157728469067,Jack Daniel's Old No. 7,1.75L,22129,SKU + title,0,historical_detail_2024-11-01_to_2026-07-22,
1860,42913381548107,41157728567371,Jack Daniel's Old No. 7,375ML,9180600,SKU + title,0,historical_detail_2024-11-01_to_2026-07-22,
1861,41157728600139,41157728600139,Jack Daniel's Old No. 7,50ML,22194,Current variant ID,1,historical_detail_2024-11-01_to_2026-07-22,
1862,41716809891915,41716809891915,Jack Daniel's Old No. 7 Tennessee Whiskey & Ginger,4pk-12oz Cans,,Current variant ID,1,historical_detail_2024-11-01_to_2026-07-22,
1863,41157728731211,41157728731211,Jack Daniel's Single Barrel Select,750ML,9267711,Current variant ID,1,historical_detail_2024-11-01_to_2026-07-22,
1864,42913381285963,41318366937163,Jack Daniel's Tennessee Apple Whiskey,750ML,3003595,SKU + title,0,historical_detail_2024-11-01_to_2026-07-22,
1865,41157728763979,41157728763979,Jack Daniel's Tennessee Apple Whiskey,375ML,3003594,Current variant ID,1,historical_detail_2024-11-01_to_2026-07-22,
1866,42913381122123,42913381122123,Jack Daniel's Tennessee Fire Whiskey,1L,9175788,Current variant ID,1,historical_detail_2024-11-01_to_2026-07-22,
1867,42913381089355,41157728993355,Jack Daniel's Tennessee Fire Whiskey,750ML,9229043,SKU + title,0,historical_detail_2024-11-01_to_2026-07-22,
1868,41318366871627,41318366871627,Jack Daniel's Tennessee Fire Whiskey,50ML,9175791,Current variant ID,1,historical_detail_2024-11-01_to_2026-07-22,
1869,41318366871627,41157728960587,Jack Daniel's Tennessee Fire Whiskey,50ML,9175791,SKU + title,0,historical_detail_2024-11-01_to_2026-07-22,
1870,42913381089355,41318366904395,Jack Daniel's Tennessee Fire Whiskey,750ML,9229043,SKU + title,0,historical_detail_2024-11-01_to_2026-07-22,
1871,42913381023819,41318366806091,Jack Daniel's Tennessee Fire Whiskey,200ML,9187252,SKU + title,0,historical_detail_2024-11-01_to_2026-07-22,
1872,42913381122123,41318366773323,Jack Daniel's Tennessee Fire Whiskey,1L,9175788,SKU + title,0,historical_detail_2024-11-01_to_2026-07-22,
1873,42913381056587,41318366838859,Jack Daniel's Tennessee Fire Whiskey,375ML,9185891,SKU + title,0,historical_detail_2024-11-01_to_2026-07-22,
1874,42913381023819,41157728895051,Jack Daniel's Tennessee Fire Whiskey,200ML,9187252,SKU + title,0,historical_detail_2024-11-01_to_2026-07-22,
1875,42913381122123,41157728862283,Jack Daniel's Tennessee Fire Whiskey,1L,9175788,SKU + title,0,historical_detail_2024-11-01_to_2026-07-22,
1876,42913381154891,41157728829515,Jack Daniel's Tennessee Fire Whiskey,1.75L,9175787,SKU + title,0,historical_detail_2024-11-01_to_2026-07-22,
1877,42913380859979,41318366740555,Jack Daniel's Tennessee Honey Whiskey,750ML,3006267,SKU + title,0,historical_detail_2024-11-01_to_2026-07-22,
1878,42913380892747,41318366609483,Jack Daniel's Tennessee Honey Whiskey,1L,9127710,SKU + title,0,historical_detail_2024-11-01_to_2026-07-22,
1879,41318366642251,41157729091659,Jack Daniel's Tennessee Honey Whiskey,50ML,9127733,SKU + title,0,historical_detail_2024-11-01_to_2026-07-22,
1880,42913380892747,41157729058891,Jack Daniel's Tennessee Honey Whiskey,1L,9127710,SKU + title,0,historical_detail_2024-11-01_to_2026-07-22,
1881,42913380827211,41157729157195,Jack Daniel's Tennessee Honey Whiskey,375ML,9180597,SKU + title,0,historical_detail_2024-11-01_to_2026-07-22,
1882,42913380925515,42913380925515,Jack Daniel's Tennessee Honey Whiskey,1.75L,9147441,Current variant ID,1,historical_detail_2024-11-01_to_2026-07-22,
1883,42913380925515,41157729026123,Jack Daniel's Tennessee Honey Whiskey,1.75L,9147441,SKU + title,0,historical_detail_2024-11-01_to_2026-07-22,
1884,42913380794443,41157729124427,Jack Daniel's Tennessee Honey Whiskey,200ML,9180598,SKU + title,0,historical_detail_2024-11-01_to_2026-07-22,
1885,42913380794443,41318366675019,Jack Daniel's Tennessee Honey Whiskey,200ML,9180598,SKU + title,0,historical_detail_2024-11-01_to_2026-07-22,
1886,41318366642251,41318366642251,Jack Daniel's Tennessee Honey Whiskey,50ML,9127733,Current variant ID,1,historical_detail_2024-11-01_to_2026-07-22,
1887,42913380827211,41318366707787,Jack Daniel's Tennessee Honey Whiskey,375ML,9180597,SKU + title,0,historical_detail_2024-11-01_to_2026-07-22,
1888,41157729222731,41157729222731,Jack Daniel's Triple Mash Blended,700ML,3010820,Current variant ID,1,historical_detail_2024-11-01_to_2026-07-22,
1889,42913380728907,41157729321035,Korbel California Champagne Brut,187ML,,Product ID + title,0,historical_detail_2024-11-01_to_2026-07-22,
1890,42913380696139,41157729288267,Korbel California Champagne Brut,750ML,9013532,SKU + title,0,historical_detail_2024-11-01_to_2026-07-22,
1891,42913380728907,41318366576715,Korbel California Champagne Brut,187ML,,Product ID + title,0,historical_detail_2024-11-01_to_2026-07-22,
1892,42913380696139,41318366543947,Korbel California Champagne Brut,750ML,9013532,SKU + title,0,historical_detail_2024-11-01_to_2026-07-22,
1893,41157729255499,41157729255499,Korbel California Champagne Brut,1.5L,1011022,Current variant ID,1,historical_detail_2024-11-01_to_2026-07-22,
1894,41157729386571,41157729386571,Korbel California Champagne Extra Dry,750ML,9002217,Current variant ID,1,historical_detail_2024-11-01_to_2026-07-22,
1895,41157729714251,41157729714251,Lindeman's Bin 45 Cabernet Sauvignon,1.5L,9013688,Current variant ID,1,historical_detail_2024-11-01_to_2026-07-22,
1896,41157729747019,41157729747019,Lindeman's Bin 50 Shiraz,1.5L,9013680,Current variant ID,1,historical_detail_2024-11-01_to_2026-07-22,
1897,41157729779787,41157729779787,Lindeman's Bin 65 Chardonnay,1.5L,9021137,Current variant ID,1,historical_detail_2024-11-01_to_2026-07-22,
1898,41157729812555,41157729812555,Line 39 Cabernet Sauvignon,750ML,9179061,Current variant ID,1,historical_detail_2024-11-01_to_2026-07-22,
1899,41157729845323,41157729845323,Line 39 Chardonnay,750ML,9179019,Current variant ID,1,historical_detail_2024-11-01_to_2026-07-22,
1900,41157729878091,41157729878091,Line 39 Merlot,750ML,9186491,Current variant ID,1,historical_detail_2024-11-01_to_2026-07-22,
1901,41157729910859,41157729910859,Line 39 Pinot Grigio,750ML,9192631,Current variant ID,1,historical_detail_2024-11-01_to_2026-07-22,
1902,41157729943627,41157729943627,Line 39 Pinot Noir,750ML,9179063,Current variant ID,1,historical_detail_2024-11-01_to_2026-07-22,
1903,41157729976395,41157729976395,Line 39 Sauvignon Blanc,750ML,9179020,Current variant ID,1,historical_detail_2024-11-01_to_2026-07-22,
1904,41157730009163,41157730009163,Marie Brizard Blackberry,750ML,9129170,Current variant ID,1,historical_detail_2024-11-01_to_2026-07-22,
1905,41157730041931,41157730041931,Marie Brizard Chocolat Royal,750ML,9107680,Current variant ID,1,historical_detail_2024-11-01_to_2026-07-22,
1906,41157730074699,41157730074699,Marie Brizard Curacao Orange,750ML,3000836,Current variant ID,1,historical_detail_2024-11-01_to_2026-07-22,
1907,41157730140235,41157730140235,Marie Brizard Triple Sec,750ML,9129338,Current variant ID,1,historical_detail_2024-11-01_to_2026-07-22,
1908,41157730173003,41157730173003,Matua New Zealand Rose,750ML,3013868,Current variant ID,1,historical_detail_2024-11-01_to_2026-07-22,
1909,42913380204619,42913380204619,Matua Sauvignon Blanc,1.5L,,Current variant ID,1,historical_detail_2024-11-01_to_2026-07-22,
1910,42913380204619,42138594803787,Matua Sauvignon Blanc,1.5L,,Product ID + title,0,historical_detail_2024-11-01_to_2026-07-22,
1911,41157730205771,41157730205771,Matua Sauvignon Blanc,750ML,9004108,Current variant ID,1,historical_detail_2024-11-01_to_2026-07-22,
1912,41157730238539,41157730238539,Old Forester 100 Proof Bourbon,1L,9147530,Current variant ID,1,historical_detail_2024-11-01_to_2026-07-22,
1913,41157730271307,41157730271307,Old Forester 1870 Original Batch,750ML,9185505,Current variant ID,1,historical_detail_2024-11-01_to_2026-07-22,
1914,41157730304075,41157730304075,Old Forester 1897 Bottled In Bond,750ML,9191331,Current variant ID,1,historical_detail_2024-11-01_to_2026-07-22,
1915,41157730336843,41157730336843,Old Forester 1910 Kentucky Straight Bourbon,750ML,3002011,Current variant ID,1,historical_detail_2024-11-01_to_2026-07-22,
1916,41157730369611,41157730369611,Old Forester 1920 Prohibition Style,750ML,9241371,Current variant ID,1,historical_detail_2024-11-01_to_2026-07-22,
1917,41157730402379,41157730402379,Old Forester Classic 86 Proof,1L,21238,Current variant ID,1,historical_detail_2024-11-01_to_2026-07-22,
1918,41157730435147,41157730435147,Old Forester Rye,1L,3002404,Current variant ID,1,historical_detail_2024-11-01_to_2026-07-22,
1919,41157730467915,41157730467915,Old Krupnik Honey Liqueur,750ML,9250457,Current variant ID,1,historical_detail_2024-11-01_to_2026-07-22,
1920,41157730467915,41157730467915,Krupnik Honey Liqueur,750ML,9250457,Current variant ID,1,historical_detail_2024-11-01_to_2026-07-22,
1921,41157730533451,41157730533451,Powers Gold Label Irish Whisky,1L,3008866,Current variant ID,1,historical_detail_2024-11-01_to_2026-07-22,
1922,41157730566219,41157730566219,Salmon Run Chardonnay,750ML,3004133,Current variant ID,1,historical_detail_2024-11-01_to_2026-07-22,
1923,41157730598987,41157730598987,Salmon Run Riesling,750ML,3004741,Current variant ID,1,historical_detail_2024-11-01_to_2026-07-22,
1924,42913379844171,41318366347339,Shanky's Whip Black Smooth Irish Liqueur,1L,3014138,SKU + title,0,historical_detail_2024-11-01_to_2026-07-22,
1925,42913379844171,41157730664523,Shanky's Whip Black Smooth Irish Liqueur,1L,3014138,SKU + title,0,historical_detail_2024-11-01_to_2026-07-22,
1926,41157730631755,41157730631755,Shanky's Whip Black Smooth Irish Liqueur,375ML,3014137,Current variant ID,1,historical_detail_2024-11-01_to_2026-07-22,
1927,41157730730059,41157730730059,Sobieski Grapefruit,1L,3013564,Current variant ID,1,historical_detail_2024-11-01_to_2026-07-22,
1928,41157730795595,41157730795595,Sobieski Orange,1L,9111196,Current variant ID,1,historical_detail_2024-11-01_to_2026-07-22,
1929,41157730828363,41157730828363,Sobieski Raspberry,1L,9111197,Current variant ID,1,historical_detail_2024-11-01_to_2026-07-22,
1930,41318366019659,41318366019659,Sobieski Vodka,50ML,9148281,Current variant ID,1,historical_detail_2024-11-01_to_2026-07-22,
1931,42913379647563,41157730861131,Sobieski Vodka,1L,9090619,SKU + title,0,historical_detail_2024-11-01_to_2026-07-22,
1932,42913379614795,41318366052427,Sobieski Vodka,750ML,9097143,SKU + title,0,historical_detail_2024-11-01_to_2026-07-22,
1933,42913379614795,42913379614795,Sobieski Vodka,750ML,9097143,Current variant ID,1,historical_detail_2024-11-01_to_2026-07-22,
1934,42913379680331,41157730959435,Sobieski Vodka,1.75L,9096040,SKU + title,0,historical_detail_2024-11-01_to_2026-07-22,
1935,42913379680331,41318365986891,Sobieski Vodka,1.75L,9096040,SKU + title,0,historical_detail_2024-11-01_to_2026-07-22,
1936,42913379549259,41157730893899,Sobieski Vodka,200ML,9090672,SKU + title,0,historical_detail_2024-11-01_to_2026-07-22,
1937,42913379582027,41157730926667,Sobieski Vodka,375ML,9090671,SKU + title,0,historical_detail_2024-11-01_to_2026-07-22,
1938,42913379614795,41157731024971,Sobieski Vodka,750ML,9097143,SKU + title,0,historical_detail_2024-11-01_to_2026-07-22,
1939,42913379549259,41318365921355,Sobieski Vodka,200ML,9090672,SKU + title,0,historical_detail_2024-11-01_to_2026-07-22,
1940,42913379582027,41318365954123,Sobieski Vodka,375ML,9090671,SKU + title,0,historical_detail_2024-11-01_to_2026-07-22,
1941,41716809826379,41157731057739,Southern Tier Bourbon Smash,4 Pack,3003426,SKU,0,historical_detail_2024-11-01_to_2026-07-22,
1942,41716809826379,41716809826379,Southern Tier Bourbon Smash,4pk-12oz Cans,3003426,Current variant ID,1,historical_detail_2024-11-01_to_2026-07-22,
1943,41157731090507,41157731090507,Southern Tier Cinnamon Candy Apple Whiskey,750ML,,Current variant ID,1,historical_detail_2024-11-01_to_2026-07-22,
1944,41716809793611,41157731123275,Southern Tier Cherry Vodka Spritz,4 Pack,3012496,SKU,0,historical_detail_2024-11-01_to_2026-07-22,
1945,41716809793611,41716809793611,Southern Tier Cherry Vodka Spritz,4pk-12oz Cans,3012496,Current variant ID,1,historical_detail_2024-11-01_to_2026-07-22,
1946,41157731156043,41157731156043,Southern Tier Distilling Peanut Butter Cup Whiskey,750ML,,Current variant ID,1,historical_detail_2024-11-01_to_2026-07-22,
1947,41157731188811,41157731188811,Southern Tier S'mores Whiskey,750ML,,Current variant ID,1,historical_detail_2024-11-01_to_2026-07-22,
1948,41157731254347,41157731254347,Sterling Cabernet Sauvignon Central Coast,750ML,9000974,Current variant ID,1,historical_detail_2024-11-01_to_2026-07-22,
1949,41157731287115,41157731287115,Sterling Vintner's California Chardonnay,750ML,9000954,Current variant ID,1,historical_detail_2024-11-01_to_2026-07-22,
1950,41157731319883,41157731319883,Sterling Vintner's California Meritage,750ML,9081259,Current variant ID,1,historical_detail_2024-11-01_to_2026-07-22,
1951,41157731352651,41157731352651,Sterling Vintner's Pinot Grigio,750ML,9005042,Current variant ID,1,historical_detail_2024-11-01_to_2026-07-22,
1952,41157731385419,41157731385419,Stolichnaya Blueberi,1L,9121616,Current variant ID,1,historical_detail_2024-11-01_to_2026-07-22,
1953,42913379319883,41318365888587,Stolichnaya Ohranj,1L,9121606,SKU + title,0,historical_detail_2024-11-01_to_2026-07-22,
1954,41157731418187,41157731418187,Stolichnaya Ohranj,1.75L,9121605,Current variant ID,1,historical_detail_2024-11-01_to_2026-07-22,
1955,42913379319883,41157731450955,Stolichnaya Ohranj,1L,9121606,SKU + title,0,historical_detail_2024-11-01_to_2026-07-22,
1956,42913379254347,41157731516491,Stolichnaya Razberi,1L,9121556,SKU + title,0,historical_detail_2024-11-01_to_2026-07-22,
1957,41157731483723,41157731483723,Stolichnaya Razberi,1.75L,9121555,Current variant ID,1,historical_detail_2024-11-01_to_2026-07-22,
1958,42913379254347,41318365855819,Stolichnaya Razberi,1L,9121556,SKU + title,0,historical_detail_2024-11-01_to_2026-07-22,
1959,41157731582027,41157731582027,Stolichnaya Salted Karamel,750ML,9143668,Current variant ID,1,historical_detail_2024-11-01_to_2026-07-22,
1960,42913379090507,41157731680331,Stolichnaya Vodka,1L,65136,SKU + title,0,historical_detail_2024-11-01_to_2026-07-22,
1961,41318365724747,41318365724747,Stolichnaya Vodka,375ML,9198936,Current variant ID,1,historical_detail_2024-11-01_to_2026-07-22,
1962,42913379057739,41157731745867,Stolichnaya Vodka,750ML,65144,SKU + title,0,historical_detail_2024-11-01_to_2026-07-22,
1963,42913379090507,41318365757515,Stolichnaya Vodka,1L,65136,SKU + title,0,historical_detail_2024-11-01_to_2026-07-22,
1964,42913379057739,41318365823051,Stolichnaya Vodka,750ML,65144,SKU + title,0,historical_detail_2024-11-01_to_2026-07-22,
1965,42913379123275,41157731614795,Stolichnaya Vodka,1.75L,65128,SKU + title,0,historical_detail_2024-11-01_to_2026-07-22,
1966,41716809728075,41716809728075,Two Chicks Lemon & Lime Tequila,4pk-12oz Cans,3003441,Current variant ID,1,historical_detail_2024-11-01_to_2026-07-22,
1967,41716809728075,41157731778635,Two Chicks Lemon & Lime Tequila,355ML,3003441,SKU,0,historical_detail_2024-11-01_to_2026-07-22,
1968,41716809695307,41157731811403,Two Chicks Cocktails Sparkling Vodka Fizz,355ML,3003434,SKU,0,historical_detail_2024-11-01_to_2026-07-22,
1969,41716809695307,41716809695307,Two Chicks Elderflower & Pear Vodka,4pk-12oz Cans,3003434,Current variant ID,1,historical_detail_2024-11-01_to_2026-07-22,
1970,41716809695307,41157731811403,Two Chicks Elderflower & Pear Vodka,355ML,3003434,SKU,0,historical_detail_2024-11-01_to_2026-07-22,
1971,41157731844171,41157731844171,Van Gogh Acai Blueberry Vodka,50ML,3010193,Current variant ID,1,historical_detail_2024-11-01_to_2026-07-22,
1972,42913378926667,41318365691979,Van Gogh Acai Blueberry Vodka,750ML,3010133,SKU + title,0,historical_detail_2024-11-01_to_2026-07-22,
1973,42913378926667,41157731876939,Van Gogh Acai Blueberry Vodka,750ML,3010133,SKU + title,0,historical_detail_2024-11-01_to_2026-07-22,
1974,41157731909707,41157731909707,Van Gogh Double Espresso Vodka,50ML,3010196,Current variant ID,1,historical_detail_2024-11-01_to_2026-07-22,
1975,42913378828363,41318365659211,Van Gogh Double Espresso Vodka,1L,3010139,SKU + title,0,historical_detail_2024-11-01_to_2026-07-22,
1976,41157731975243,41157731975243,Woodford Reserve Double Oaked Kentucky Straight Bourbon Whiskey,750ML,9146140,Current variant ID,1,historical_detail_2024-11-01_to_2026-07-22,
1977,41157731975243,41157731975243,Woodford Reserve Double Oaked,750ML,9146140,Current variant ID,1,historical_detail_2024-11-01_to_2026-07-22,
1978,42913378730059,41157732073547,Woodford Reserve Straight Bourbon,1L,21733,SKU + title,0,historical_detail_2024-11-01_to_2026-07-22,
1979,42913378730059,41157732073547,Woodford Reserve Kentucky Straight Bourbon Whiskey,1L,21733,SKU + title,0,historical_detail_2024-11-01_to_2026-07-22,
1980,41157732008011,41157732008011,Woodford Reserve Straight Bourbon,1.75L,9264437,Current variant ID,1,historical_detail_2024-11-01_to_2026-07-22,
1981,42913378762827,41157732106315,Woodford Reserve Kentucky Straight Bourbon Whiskey,750ML,9180882,SKU + title,0,historical_detail_2024-11-01_to_2026-07-22,
1982,42913378697291,41157732040779,Woodford Reserve Straight Bourbon,375ML,9000272,SKU + title,0,historical_detail_2024-11-01_to_2026-07-22,
1983,42913378762827,41157732106315,Woodford Reserve Straight Bourbon,750ML,9180882,SKU + title,0,historical_detail_2024-11-01_to_2026-07-22,
1984,41318365626443,41157732204619,Zonin Winemaker's Collection Chianti DOCG,750ML,3003093,SKU + title,0,historical_detail_2024-11-01_to_2026-07-22,
1985,41318365626443,41318365626443,Zonin Winemaker's Collection Chianti DOCG,750ML,3003093,Current variant ID,1,historical_detail_2024-11-01_to_2026-07-22,
1986,41716809597003,41716809597003,High Noon Hard Seltzer Watermelon,4pk-12oz Cans,,Current variant ID,1,historical_detail_2024-11-01_to_2026-07-22,
1987,41164054495307,41164054495307,Stella Rosa Blueberry,750ML,,Current variant ID,1,historical_detail_2024-11-01_to_2026-07-22,
1988,41164058951755,41164058951755,Roscato Peach,750ML,,Current variant ID,1,historical_detail_2024-11-01_to_2026-07-22,
1989,41164064194635,41164064194635,Roscato Blueberry,750ML,,Current variant ID,1,historical_detail_2024-11-01_to_2026-07-22,
1990,41164068225099,41164068225099,Bully Hill Red Sweet Walters,750ML,,Current variant ID,1,historical_detail_2024-11-01_to_2026-07-22,
1991,41164095160395,41164095160395,Bully Hill Love Goat Rose,750ML,,Current variant ID,1,historical_detail_2024-11-01_to_2026-07-22,
1992,41164100894795,41164100894795,Warre's Heritage Ruby Port,750ML,,Current variant ID,1,historical_detail_2024-11-01_to_2026-07-22,
1993,42913378467915,41164133957707,Barefoot Moscato,1.5L,,Product ID + title,0,historical_detail_2024-11-01_to_2026-07-22,
1994,41318365593675,41164134023243,Barefoot Moscato,187ML,,Product ID + title,0,historical_detail_2024-11-01_to_2026-07-22,
1995,41318365593675,41318365593675,Barefoot Moscato,187ML,,Current variant ID,1,historical_detail_2024-11-01_to_2026-07-22,
1996,42913378467915,42913378467915,Barefoot Moscato,1.5L,,Current variant ID,1,historical_detail_2024-11-01_to_2026-07-22,
1997,42913378435147,41318365560907,Barefoot Moscato,750ML,,Product ID + title,0,historical_detail_2024-11-01_to_2026-07-22,
1998,42913378435147,41164133990475,Barefoot Moscato,750ML,,Product ID + title,0,historical_detail_2024-11-01_to_2026-07-22,
1999,42913378369611,41318365528139,Bacardi Tropical,1L,,Product ID + title,0,historical_detail_2024-11-01_to_2026-07-22,
2000,41165357580363,41165357580363,Bacardi Tropical,1.75L,,Current variant ID,1,historical_detail_2024-11-01_to_2026-07-22,
2001,41165368131659,41165368131659,Bar Water Vodka Orange,1L,,Current variant ID,1,historical_detail_2024-11-01_to_2026-07-22,
2002,41166651392075,41166651392075,Barefoot Bubbly Moscato Spumante,750ML,,Current variant ID,1,historical_detail_2024-11-01_to_2026-07-22,
2003,41166652801099,41166652801099,Banfi Rosa Regale Italian Sparkling,750ML,,Current variant ID,1,historical_detail_2024-11-01_to_2026-07-22,
2004,41170995052619,41170995052619,Black Stallion Transcendent Cab Sauv,750ML,,Current variant ID,1,historical_detail_2024-11-01_to_2026-07-22,
2005,42913378205771,41170995413067,Bulleit Rye,1L,,Product ID + title,0,historical_detail_2024-11-01_to_2026-07-22,
2006,41170995314763,41170995314763,Bulleit Rye,1.75L,,Current variant ID,1,historical_detail_2024-11-01_to_2026-07-22,
2007,42913378205771,41318365495371,Bulleit Rye,1L,,Product ID + title,0,historical_detail_2024-11-01_to_2026-07-22,
2008,41170999312459,41170999312459,Dom Benedictine,1L,,Current variant ID,1,historical_detail_2024-11-01_to_2026-07-22,
2009,41171024412747,41171024412747,Franzia Pinot Grigio,5L,412081,Current variant ID,1,historical_detail_2024-11-01_to_2026-07-22,
2010,41329449828427,41329449828427,Grand Marnier Cordon Rouge,375ML,561762,Current variant ID,1,historical_detail_2024-11-01_to_2026-07-22,
2011,42913378041931,41171024445515,Grand Marnier Cordon Rouge,750ML,561761,SKU + title,0,historical_detail_2024-11-01_to_2026-07-22,
2012,42913378041931,41329449795659,Grand Marnier,1L,561761,SKU,0,historical_detail_2024-11-01_to_2026-07-22,
2013,42913378041931,41171024445515,Grand Marnier,750ML,561761,SKU + title,0,historical_detail_2024-11-01_to_2026-07-22,
2014,41329449828427,41329449828427,Grand Marnier,375ML,561762,Current variant ID,1,historical_detail_2024-11-01_to_2026-07-22,
2015,41171024478283,41171024478283,Meiomi Cabernet Sauvignon,750ML,994937,Current variant ID,1,historical_detail_2024-11-01_to_2026-07-22,
2016,41171024511051,41171024511051,Meiomi Pinot Noir,750ML,993969,Current variant ID,1,historical_detail_2024-11-01_to_2026-07-22,
2017,41171024543819,41171024543819,Rumple Minze Peppermint,750ML,364493,Current variant ID,1,historical_detail_2024-11-01_to_2026-07-22,
2018,41171024576587,41171024576587,Sebastiani Cabernet Sauvignon,750ML,626839,Current variant ID,1,historical_detail_2024-11-01_to_2026-07-22,
2019,41171024609355,41171024609355,Zing Zang Bloody Mary 9%,1.75L,578830,Current variant ID,1,historical_detail_2024-11-01_to_2026-07-22,
2020,41171024642123,41171024642123,Zing Zang Spicy Bloody Mary 9%,1.75L,578090,Current variant ID,1,historical_detail_2024-11-01_to_2026-07-22,
2021,41171024674891,41171024674891,Zing Zang Bloody Mary Mix,32oz,993105,Current variant ID,1,historical_detail_2024-11-01_to_2026-07-22,
2022,42913377484875,41171024805963,Hennessy VSOP,375ML,9043253,SKU + title,0,historical_detail_2024-11-01_to_2026-07-22,
2023,42913377452107,41318365397067,Hennessy VSOP,750ML,9002497,SKU + title,0,historical_detail_2024-11-01_to_2026-07-22,
2024,42913377517643,41171024838731,Hennessy VSOP,200ML,9011399,SKU + title,0,historical_detail_2024-11-01_to_2026-07-22,
2025,42913377484875,41318365429835,Hennessy VSOP,375ML,9043253,SKU + title,0,historical_detail_2024-11-01_to_2026-07-22,
2026,42913377517643,41318365462603,Hennessy VSOP,200ML,9011399,SKU + title,0,historical_detail_2024-11-01_to_2026-07-22,
2027,42913377288267,41318365265995,Hennessy  VS,200ML,9153056,SKU + title,0,historical_detail_2024-11-01_to_2026-07-22,
2028,42913377353803,41171025068107,Hennessy  VS,50ML,9002495,SKU + title,0,historical_detail_2024-11-01_to_2026-07-22,
2029,42913377222731,41171024937035,Hennessy  VS,750ML,9002496,SKU + title,0,historical_detail_2024-11-01_to_2026-07-22,
2030,41171024871499,41171024871499,Hennessy  VS,1.75L,9002485,Current variant ID,1,historical_detail_2024-11-01_to_2026-07-22,
2031,42913377321035,41318365298763,Hennessy  VS,100ML,9002486,SKU + title,0,historical_detail_2024-11-01_to_2026-07-22,
2032,42913377222731,41318365200459,Hennessy  VS,750ML,9002496,SKU + title,0,historical_detail_2024-11-01_to_2026-07-22,
2033,42913377255499,41318365233227,Hennessy VS,375ML,9086999,SKU + title,0,historical_detail_2024-11-01_to_2026-07-22,
2034,42913377288267,41318365265995,Hennessy VS,200ML,9153056,SKU + title,0,historical_detail_2024-11-01_to_2026-07-22,
2035,42913377189963,41318365167691,Hennessy VS,1L,9002487,SKU + title,0,historical_detail_2024-11-01_to_2026-07-22,
2036,42913377353803,41318365331531,Hennessy VS Cognac,50ML,9002495,SKU + title,0,historical_detail_2024-11-01_to_2026-07-22,
2037,42913377255499,41171024969803,Hennessy  VS,375ML,9086999,SKU + title,0,historical_detail_2024-11-01_to_2026-07-22,
2038,42913377255499,41318365233227,Hennessy VS Cognac,375ML,9086999,SKU + title,0,historical_detail_2024-11-01_to_2026-07-22,
2039,42913377353803,41318365331531,Hennessy VS,50ML,9002495,SKU + title,0,historical_detail_2024-11-01_to_2026-07-22,
2040,42913377321035,41318365298763,Hennessy VS Cognac,100ML,9002486,SKU + title,0,historical_detail_2024-11-01_to_2026-07-22,
2041,42913377255499,41318365233227,Hennessy  VS,375ML,9086999,SKU + title,0,historical_detail_2024-11-01_to_2026-07-22,
2042,42913377288267,41318365265995,Hennessy VS Cognac,200ML,9153056,SKU + title,0,historical_detail_2024-11-01_to_2026-07-22,
2043,42913377222731,41318365200459,Hennessy VS Cognac,750ML,9002496,SKU + title,0,historical_detail_2024-11-01_to_2026-07-22,
2044,42913377189963,41318365167691,Hennessy  VS,1L,9002487,SKU + title,0,historical_detail_2024-11-01_to_2026-07-22,
2045,42913377321035,41171025035339,Hennessy  VS,100ML,9002486,SKU + title,0,historical_detail_2024-11-01_to_2026-07-22,
2046,42913377222731,41318365200459,Hennessy VS,750ML,9002496,SKU + title,0,historical_detail_2024-11-01_to_2026-07-22,
2047,42913377189963,41318365167691,Hennessy VS Cognac,1L,9002487,SKU + title,0,historical_detail_2024-11-01_to_2026-07-22,
2048,42913377288267,41171025002571,Hennessy  VS,200ML,9153056,SKU + title,0,historical_detail_2024-11-01_to_2026-07-22,
2049,42913377353803,41318365331531,Hennessy  VS,50ML,9002495,SKU + title,0,historical_detail_2024-11-01_to_2026-07-22,
2050,42913377321035,41318365298763,Hennessy VS,100ML,9002486,SKU + title,0,historical_detail_2024-11-01_to_2026-07-22,
2051,41171024871499,41171024871499,Hennessy VS Cognac,1.75L,9002485,Current variant ID,1,historical_detail_2024-11-01_to_2026-07-22,
2052,42913377189963,41171024904267,Hennessy  VS,1L,9002487,SKU + title,0,historical_detail_2024-11-01_to_2026-07-22,
2053,41171025100875,41171025100875,Veuve Clicquot Brut Yellow,750ML,9011214,Current variant ID,1,historical_detail_2024-11-01_to_2026-07-22,
2054,41171025133643,41171025133643,Belvedere 10 Organic,750ML,3016656,Current variant ID,1,historical_detail_2024-11-01_to_2026-07-22,
2055,41171025199179,41171025199179,Daou Chardonnay,750ML,3016049,Current variant ID,1,historical_detail_2024-11-01_to_2026-07-22,
2056,41171025231947,41171025231947,Daou Sauvignon Blanc,750ML,3015482,Current variant ID,1,historical_detail_2024-11-01_to_2026-07-22,
2057,41171035848779,41171035848779,Veuve Clicquot Rose,750ML,,Current variant ID,1,historical_detail_2024-11-01_to_2026-07-22,
2058,41171037847627,41171037847627,Smirnoff Peach Lemonade,1.5L,,Current variant ID,1,historical_detail_2024-11-01_to_2026-07-22,
2059,41171037847627,41171037847627,Smirnoff Peach Lemonade,1.75L,,Current variant ID,1,historical_detail_2024-11-01_to_2026-07-22,
2060,41172329365579,41172329365579,Beringer Knights Valley Cab Sauv,750ML,,Current variant ID,1,historical_detail_2024-11-01_to_2026-07-22,
2061,41172569292875,41172569292875,DIO Grapefruit Basil Paloma Single Can,200ML,,Current variant ID,1,historical_detail_2024-11-01_to_2026-07-22,
2062,41172627193931,41172627193931,Angeline Pinot Noir,750ML,,Current variant ID,1,historical_detail_2024-11-01_to_2026-07-22,
2063,41172627259467,41172627259467,Angeline Chardonnay,750ML,,Current variant ID,1,historical_detail_2024-11-01_to_2026-07-22,
2064,41172627292235,41172627292235,Lalo Blanco Tequila 100 Proof,750ML,,Current variant ID,1,historical_detail_2024-11-01_to_2026-07-22,
2065,41172627914827,41172627914827,Mafia Vodka,1L,,Current variant ID,1,historical_detail_2024-11-01_to_2026-07-22,
2066,41172629782603,41172629782603,One Foot Cock Straight Wheated,750ML,,Current variant ID,1,historical_detail_2024-11-01_to_2026-07-22,
2067,41172630110283,41172630110283,One Foot Cock Maple Cask,750ML,,Current variant ID,1,historical_detail_2024-11-01_to_2026-07-22,
2068,41172630143051,41172630143051,Mafia Straight Bourbon Blend,750ML,,Current variant ID,1,historical_detail_2024-11-01_to_2026-07-22,
2069,42913376698443,41318365069387,Buffalo House Gift Card,25,,Product ID + title,0,historical_detail_2024-11-01_to_2026-07-22,
2070,42913376731211,41318365102155,Buffalo House Gift Card,50,,Product ID + title,0,historical_detail_2024-11-01_to_2026-07-22,
2071,42913376763979,41318365134923,Buffalo House Gift Card,100,,Product ID + title,0,historical_detail_2024-11-01_to_2026-07-22,
2072,41173409955915,41173409955915,Buffalo House Gift Card,10,,Current variant ID,1,historical_detail_2024-11-01_to_2026-07-22,
2073,42913376731211,41173410021451,Buffalo House Gift Card,50,,Product ID + title,0,historical_detail_2024-11-01_to_2026-07-22,
2074,42913376698443,41173409988683,Buffalo House Gift Card,25,,Product ID + title,0,historical_detail_2024-11-01_to_2026-07-22,
2075,42913376665675,41963489165387,Buffalo House Gift Card,20,,Product ID + title,0,historical_detail_2024-11-01_to_2026-07-22,
2076,42913376763979,41173410054219,Buffalo House Gift Card,100,,Product ID + title,0,historical_detail_2024-11-01_to_2026-07-22,
2077,42913376600139,41989472550987,Bags/Accessories,Champagne Stopper,,Product ID + title,0,historical_detail_2024-11-01_to_2026-07-22,
2078,42913376370763,41961685516363,Bags/Accessories,Velvet / Cotton,,Product ID + title,0,historical_detail_2024-11-01_to_2026-07-22,
2079,42913376469067,41989467701323,Bags/Accessories,Jute Bag,,Product ID + title,0,historical_detail_2024-11-01_to_2026-07-22,
2080,42913376501835,41989472452683,Bags/Accessories,Wine Vacuum Stopper,,Product ID + title,0,historical_detail_2024-11-01_to_2026-07-22,
2081,42913376370763,42913376370763,Bags/Accessories,Velvet / Cotton,,Current variant ID,1,historical_detail_2024-11-01_to_2026-07-22,
2082,42913376534603,41989472485451,Bags/Accessories,Cork Screw,,Product ID + title,0,historical_detail_2024-11-01_to_2026-07-22,
2083,42913376436299,41989467668555,Bags/Accessories,Christmas Boots,,Product ID + title,0,historical_detail_2024-11-01_to_2026-07-22,
2084,42913376403531,41961684992075,Bags/Accessories,Double / Single Christmas,,Product ID + title,0,historical_detail_2024-11-01_to_2026-07-22,
2085,42913376567371,41989472518219,Bags/Accessories,Wine Stopper,,Product ID + title,0,historical_detail_2024-11-01_to_2026-07-22,
2086,41181006102603,41181006102603,Gift Bag,Single,,Current variant ID,1,historical_detail_2024-11-01_to_2026-07-22,
2087,41181006102603,41181006102603,Gift Bag,white,,Current variant ID,1,historical_detail_2024-11-01_to_2026-07-22,
2088,41181006102603,41181006102603,Bags/Accessories,Single,,Current variant ID,1,historical_detail_2024-11-01_to_2026-07-22,
2089,41174290071627,41174290071627,Wine Stopper,,,Current variant ID,1,historical_detail_2024-11-01_to_2026-07-22,
2090,41174294397003,41174294397003,Corkscrew/Wine key,,,Current variant ID,1,historical_detail_2024-11-01_to_2026-07-22,
2091,41174294691915,41174294691915,Bottle Resealer,,,Current variant ID,1,historical_detail_2024-11-01_to_2026-07-22,
2092,41177005162571,41177005162571,Lobetia Tempranillo,750ML,,Current variant ID,1,historical_detail_2024-11-01_to_2026-07-22,
2093,41178237763659,41178237763659,Bauchant Orange Liqueur,1L,,Current variant ID,1,historical_detail_2024-11-01_to_2026-07-22,
2094,41177526206539,41177526206539,ANGEL'S ENVY PRIVATE SELECTION,750ML,623746 ?,Current variant ID,1,historical_detail_2024-11-01_to_2026-07-22,
2095,41177526239307,41177526239307,Aviation American Gin,750ML,314106,Current variant ID,1,historical_detail_2024-11-01_to_2026-07-22,
2096,41177526239307,41177526239307,AVIATION AMERICAN GIN,750ML,314106,Current variant ID,1,historical_detail_2024-11-01_to_2026-07-22,
2097,42913376141387,41318365036619,AVIATION AMERICAN GIN,1L,898687,SKU + title,0,historical_detail_2024-11-01_to_2026-07-22,
2098,41177526304843,41177526304843,BUMBU RUMÂ,750ML,405590,Current variant ID,1,historical_detail_2024-11-01_to_2026-07-22,
2099,41177526304843,41177526304843,Bumba Rum,750ML,405590,Current variant ID,1,historical_detail_2024-11-01_to_2026-07-22,
2100,42913376043083,41318364971083,Chivas Regal Blended Scotch 12 YR,1L,19075,SKU + title,0,historical_detail_2024-11-01_to_2026-07-22,
2101,42913376043083,41177526370379,CHIVAS REGAL BLENDED SCOTCH 12 YR,1L,19075,SKU + title,0,historical_detail_2024-11-01_to_2026-07-22,
2102,42913376075851,41177526337611,Chivas Regal Blended Scotch 12 YR,1.75L,19877,SKU + title,0,historical_detail_2024-11-01_to_2026-07-22,
2103,42913375879243,41318364872779,Gilbey's London Dry Gin,1L,18043,SKU + title,0,historical_detail_2024-11-01_to_2026-07-22,
2104,42913375879243,41177526894667,GILBEY'S LONDON DRY GIN,1L,18043,SKU + title,0,historical_detail_2024-11-01_to_2026-07-22,
2105,42913375944779,41318364938315,GILBEY'S LONDON DRY GIN,375ML,202244,SKU + title,0,historical_detail_2024-11-01_to_2026-07-22,
2106,42913375944779,41318364938315,Gilbey's London Dry Gin,375ML,202244,SKU + title,0,historical_detail_2024-11-01_to_2026-07-22,
2107,41177526861899,41177526861899,Gilbey's London Dry Gin,1.75L,600360,Current variant ID,1,historical_detail_2024-11-01_to_2026-07-22,
2108,42913375912011,41318364905547,GILBEY'S LONDON DRY GIN,750ML,18039,SKU + title,0,historical_detail_2024-11-01_to_2026-07-22,
2109,42913375912011,41318364905547,Gilbey's London Dry Gin,750ML,18039,SKU + title,0,historical_detail_2024-11-01_to_2026-07-22,
2110,42913375813707,41318364840011,Gordon's London Dry Gin,1L,317959,SKU + title,0,historical_detail_2024-11-01_to_2026-07-22,
2111,42913375813707,41177527156811,GORDON'S LONDON DRY GIN,1L,317959,SKU + title,0,historical_detail_2024-11-01_to_2026-07-22,
2112,42913375813707,42913375813707,Gordon's London Dry Gin,1L,317959,Current variant ID,1,historical_detail_2024-11-01_to_2026-07-22,
2113,41177527124043,41177527124043,GORDON'S LONDON DRY GIN,1.75L,376691,Current variant ID,1,historical_detail_2024-11-01_to_2026-07-22,
2114,41177527124043,41177527124043,Gordon's London Dry Gin,1.75L,376691,Current variant ID,1,historical_detail_2024-11-01_to_2026-07-22,
2115,41177527189579,41177527189579,HIRAM WALKER CREME DE MENTHE WHITE,1L,7148,Current variant ID,1,historical_detail_2024-11-01_to_2026-07-22,
2116,41177527189579,41177527189579,Hiram Walker Creme De Menthe White,1L,7148,Current variant ID,1,historical_detail_2024-11-01_to_2026-07-22,
2117,42913375748171,41318364807243,J&B Blended Scotch,750ML,336660,SKU + title,0,historical_detail_2024-11-01_to_2026-07-22,
2118,42913375584331,41318364676171,Kahlua Coffee Liqueur,750ML,93175,SKU + title,0,historical_detail_2024-11-01_to_2026-07-22,
2119,42913375617099,41318364708939,Kahlua Coffee Liqueur,375ML,93176,SKU + title,0,historical_detail_2024-11-01_to_2026-07-22,
2120,41177527320651,41177527320651,Kahlua Coffee Liqueur,1L,93165,Current variant ID,1,historical_detail_2024-11-01_to_2026-07-22,
2121,42913375649867,41318364741707,KAHLUA COFFEE LIQUEUR,50ML,617068,SKU + title,0,historical_detail_2024-11-01_to_2026-07-22,
2122,42913375649867,41177527418955,KAHLUA COFFEE LIQUEUR,50ML,617068,SKU + title,0,historical_detail_2024-11-01_to_2026-07-22,
2123,42913375617099,41177527386187,KAHLUA COFFEE LIQUEUR,375ML,93176,SKU + title,0,historical_detail_2024-11-01_to_2026-07-22,
2124,42913375584331,41318364676171,KAHLUA COFFEE LIQUEUR,750ML,93175,SKU + title,0,historical_detail_2024-11-01_to_2026-07-22,
2125,42913375617099,41318364708939,KAHLUA COFFEE LIQUEUR,375ML,93176,SKU + title,0,historical_detail_2024-11-01_to_2026-07-22,
2126,42913375584331,41177527353419,KAHLUA COFFEE LIQUEUR,750ML,93175,SKU + title,0,historical_detail_2024-11-01_to_2026-07-22,
2127,41177527320651,41177527320651,KAHLUA COFFEE LIQUEUR,1L,93165,Current variant ID,1,historical_detail_2024-11-01_to_2026-07-22,
2128,42913375649867,41318364741707,Kahlua Coffee Liqueur,50ML,617068,SKU + title,0,historical_detail_2024-11-01_to_2026-07-22,
2129,41177527451723,41177527451723,Kahlua Coffee Liqueur Gift Pack,750ML,575416,Current variant ID,1,historical_detail_2024-11-01_to_2026-07-22,
2130,41177527451723,41177527451723,KAHLUA COFFEE LIQUEUR Gift Pack,750ML,575416,Current variant ID,1,historical_detail_2024-11-01_to_2026-07-22,
2131,41177527484491,41177527484491,LARCENY BARREL PROOF 125.1 (C924),750ML,644474,Current variant ID,1,historical_detail_2024-11-01_to_2026-07-22,
2132,41177527517259,41177527517259,LARCENY BARREL PROOF 125.4 (B524),750ML,628625,Current variant ID,1,historical_detail_2024-11-01_to_2026-07-22,
2133,41177527550027,41177527550027,LITTLE BOOK THE INFINITE EDITION 1 2024,750ML,640751,Current variant ID,1,historical_detail_2024-11-01_to_2026-07-22,
2134,42913375420491,41177528926283,MALIBU COCONUT FLAVORED RUM,50ML,185864,SKU + title,0,historical_detail_2024-11-01_to_2026-07-22,
2135,42913375420491,41318364610635,Malibu Coconut Flavored Rum,50ML,185864,SKU + title,0,historical_detail_2024-11-01_to_2026-07-22,
2136,42913375387723,41177528893515,MALIBU COCONUT FLAVORED RUM,375ML,67449,SKU + title,0,historical_detail_2024-11-01_to_2026-07-22,
2137,42913375387723,41318364577867,Malibu Coconut Flavored Rum,375ML,67449,SKU + title,0,historical_detail_2024-11-01_to_2026-07-22,
2138,42913375354955,41318364545099,Malibu Coconut Flavored Rum,750ML,33452,SKU + title,0,historical_detail_2024-11-01_to_2026-07-22,
2139,42913375354955,41177528860747,MALIBU COCONUT FLAVORED RUM,750ML,33452,SKU + title,0,historical_detail_2024-11-01_to_2026-07-22,
2140,41177528795211,41177528795211,MALIBU COCONUT FLAVORED RUM,1.75L,136168,Current variant ID,1,historical_detail_2024-11-01_to_2026-07-22,
2141,42913375387723,41318364577867,MALIBU COCONUT FLAVORED RUM,375ML,67449,SKU + title,0,historical_detail_2024-11-01_to_2026-07-22,
2142,41177528795211,41177528795211,Malibu Coconut Flavored Rum,1.75L,136168,Current variant ID,1,historical_detail_2024-11-01_to_2026-07-22,
2143,42913375354955,41318364545099,MALIBU COCONUT FLAVORED RUM,750ML,33452,SKU + title,0,historical_detail_2024-11-01_to_2026-07-22,
2144,42913375322187,41318364512331,Malibu Coconut Flavored Rum,1L,33451,SKU + title,0,historical_detail_2024-11-01_to_2026-07-22,
2145,42913375322187,41177528827979,MALIBU COCONUT FLAVORED RUM,1L,33451,SKU + title,0,historical_detail_2024-11-01_to_2026-07-22,
2146,41177528959051,41177528959051,Martini & Rossi Vermouth Extra Dry,1L,615818,Current variant ID,1,historical_detail_2024-11-01_to_2026-07-22,
2147,42913375289419,41318364479563,Martini & Rossi Vermouth Extra Dry,375ML,,Product ID + title,0,historical_detail_2024-11-01_to_2026-07-22,
2148,41177528959051,41177528959051,MARTINI & ROSSI VERMOUTH EXTRA DRY,1L,615818,Current variant ID,1,historical_detail_2024-11-01_to_2026-07-22,
2149,42913375223883,41337413566539,Martini & Rossi Vermouth Rosso,375ML,442533,Product ID + title,0,historical_detail_2024-11-01_to_2026-07-22,
2150,41177528991819,41177528991819,Martini & Rossi Vermouth Rosso,1L,442533,Current variant ID,1,historical_detail_2024-11-01_to_2026-07-22,
2151,41177528991819,41177528991819,MARTINI & ROSSI VERMOUTH ROSSO,1L,442533,Current variant ID,1,historical_detail_2024-11-01_to_2026-07-22,
2152,41177529024587,41177529024587,Old Grand-Dad High Rye Mash Bill 16 YR,750ML,641965,Current variant ID,1,historical_detail_2024-11-01_to_2026-07-22,
2153,42913375060043,41318364414027,PINNACLE VODKA,375ML,984754,SKU + title,0,historical_detail_2024-11-01_to_2026-07-22,
2154,41177529057355,41177529057355,PINNACLE VODKA,1L,606131,Current variant ID,1,historical_detail_2024-11-01_to_2026-07-22,
2155,41177529057355,41177529057355,Pinnacle Vodka,1L,606131,Current variant ID,1,historical_detail_2024-11-01_to_2026-07-22,
2156,42913375027275,41318364381259,Pinnacle Vodka,750ML,984756,SKU + title,0,historical_detail_2024-11-01_to_2026-07-22,
2157,42913375060043,41318364414027,Pinnacle Vodka,375ML,984754,SKU + title,0,historical_detail_2024-11-01_to_2026-07-22,
2158,42913375092811,41318364446795,Pinnacle Vodka,1.75L,,Product ID + title,0,historical_detail_2024-11-01_to_2026-07-22,
2159,41318364315723,41318364315723,TANQUERAY LONDON DRY GIN,375ML,293779,Current variant ID,1,historical_detail_2024-11-01_to_2026-07-22,
2160,42913374928971,41177529221195,TANQUERAY LONDON DRY GIN,1L,637122,SKU + title,0,historical_detail_2024-11-01_to_2026-07-22,
2161,42913374928971,41318364282955,TANQUERAY LONDON DRY GIN,1L,637122,SKU + title,0,historical_detail_2024-11-01_to_2026-07-22,
2162,42913374961739,41177529188427,TANQUERAY LONDON DRY GIN,1.75L,637123,SKU + title,0,historical_detail_2024-11-01_to_2026-07-22,
2163,42913374961739,41177529188427,Tanqueray London Dry Gin,1.75L,637123,SKU + title,0,historical_detail_2024-11-01_to_2026-07-22,
2164,42913374928971,41318364282955,Tanqueray London Dry Gin,1L,637122,SKU + title,0,historical_detail_2024-11-01_to_2026-07-22,
2165,41318364315723,41318364315723,Tanqueray London Dry Gin,375ML,293779,Current variant ID,1,historical_detail_2024-11-01_to_2026-07-22,
2166,41318364315723,41177529253963,TANQUERAY LONDON DRY GIN,375ML,293779,SKU + title,0,historical_detail_2024-11-01_to_2026-07-22,
2167,41177529286731,41177529286731,Tequila Ocho Plata,750ML,641812,Current variant ID,1,historical_detail_2024-11-01_to_2026-07-22,
2168,41177529286731,41177529286731,TEQUILA OCHO PLATA SINGLE ESTATE PUNTAS,750ML,641812,Current variant ID,1,historical_detail_2024-11-01_to_2026-07-22,
2169,41177529319499,41177529319499,WILD TURKEY JIMMY RUSSELL 70TH RELEASE 8 YR,750ML,639558,Current variant ID,1,historical_detail_2024-11-01_to_2026-07-22,
2170,41177556123723,41177556123723,Cupcake Moscato,750ML,,Current variant ID,1,historical_detail_2024-11-01_to_2026-07-22,
2171,42913374732363,41318364250187,Cupcake Prosecco,187ML,,Product ID + title,0,historical_detail_2024-11-01_to_2026-07-22,
2172,41177556058187,41177556058187,Cupcake Prosecco,750ML,,Current variant ID,1,historical_detail_2024-11-01_to_2026-07-22,
2173,42913374732363,41177556353099,Cupcake Prosecco,187ML,,Product ID + title,0,historical_detail_2024-11-01_to_2026-07-22,
2174,41178335117387,41178335117387,Ardbeg Spectacular,750ML,3015340,Current variant ID,1,historical_detail_2024-11-01_to_2026-07-22,
2175,41178335182923,41178335182923,Bardstown Origin Series Kentucky Straight,750ML,3012181,Current variant ID,1,historical_detail_2024-11-01_to_2026-07-22,
2176,41178335182923,41178335182923,BARDSTOWN ORIGIN BTLD BND,750ML,3012181,Current variant ID,1,historical_detail_2024-11-01_to_2026-07-22,
2177,41178335248459,41178335248459,Belasco Llama Malbec,750ML,9094730,Current variant ID,1,historical_detail_2024-11-01_to_2026-07-22,
2178,41178335248459,41178335248459,BELASCO LLAMA MALBEC,750ML,9094730,Current variant ID,1,historical_detail_2024-11-01_to_2026-07-22,
2179,41318364217419,41318364217419,Popov Vodka,750ML,9000478,Current variant ID,1,historical_detail_2024-11-01_to_2026-07-22,
2180,41178335346763,41178335346763,DRAMBUIE LIQUEUR GIFT PACK,750ML,9192462,Current variant ID,1,historical_detail_2024-11-01_to_2026-07-22,
2181,41178335346763,41178335346763,Drambuie Liqueur Gift Pack,750ML,9192462,Current variant ID,1,historical_detail_2024-11-01_to_2026-07-22,
2182,41178335477835,41178335477835,WOODFORD RESEVE MASTERS,700ML,3016596,Current variant ID,1,historical_detail_2024-11-01_to_2026-07-22,
2183,41179202617419,41179202617419,Blantons Bourbon Single Barrel,750ML,,Current variant ID,1,historical_detail_2024-11-01_to_2026-07-22,
2184,42913374470219,41318364184651,Buffalo Trace Bourbon,750ML,,Product ID + title,0,historical_detail_2024-11-01_to_2026-07-22,
2185,41179205730379,41179205730379,Buffalo Trace Bourbon,1.5L,,Current variant ID,1,historical_detail_2024-11-01_to_2026-07-22,
2186,42913374470219,41179205763147,Buffalo Trace Bourbon,750ML,,Product ID + title,0,historical_detail_2024-11-01_to_2026-07-22,
2187,41179206615115,41179206615115,Eagle Rare 10Yr,750ML,,Current variant ID,1,historical_detail_2024-11-01_to_2026-07-22,
2188,41179207794763,41179207794763,Thomas H Handy Sazerac Rye,750ML,,Current variant ID,1,historical_detail_2024-11-01_to_2026-07-22,
2189,41181006037067,41181006037067,Weller Special Reserve,1L,,Current variant ID,1,historical_detail_2024-11-01_to_2026-07-22,
2190,41181006037067,41181006037067,Weller Special Reserve,750ML,,Current variant ID,1,historical_detail_2024-11-01_to_2026-07-22,
2191,41181711728715,41181711728715,Four Roses OBSF Single Barrel,750ML,,Current variant ID,1,historical_detail_2024-11-01_to_2026-07-22,
2192,41181711728715,41181711728715,Four Roses Single Barrel OBSF,750ML,,Current variant ID,1,historical_detail_2024-11-01_to_2026-07-22,
2193,41181706420299,41181706420299,Four Roses Single Barrel OESK,750ML,,Current variant ID,1,historical_detail_2024-11-01_to_2026-07-22,
2194,41181951787083,41181951787083,Old Overholt Rye Cask Strength,750ML,,Current variant ID,1,historical_detail_2024-11-01_to_2026-07-22,
2195,41184281296971,41184281296971,Bookers The Reserve Batch,750ML,,Current variant ID,1,historical_detail_2024-11-01_to_2026-07-22,
2196,41184282837067,41184282837067,7 MOONS RED BLEND,750ML,,Current variant ID,1,historical_detail_2024-11-01_to_2026-07-22,
2197,41184282837067,41184282837067,7 Moons Red Blend Red Wine,750ML,,Current variant ID,1,historical_detail_2024-11-01_to_2026-07-22,
2198,41184284377163,41184284377163,Appleton Estate Reserve Rum 8 Yr,1L,,Current variant ID,1,historical_detail_2024-11-01_to_2026-07-22,
2199,42913374109771,41318364086347,Appleton Estate Signature Blend Rum,750ML,,Product ID + title,0,historical_detail_2024-11-01_to_2026-07-22,
2200,41184285229131,41184285229131,APPLETON GOLD RUM,1L,,Current variant ID,1,historical_detail_2024-11-01_to_2026-07-22,
2201,42913374109771,41184285261899,APPLETON GOLD RUM,750ML,,Product ID + title,0,historical_detail_2024-11-01_to_2026-07-22,
2202,42913374044235,41184285851723,Beefeater London Dry Gin,1.75L,,Product ID + title,0,historical_detail_2024-11-01_to_2026-07-22,
2203,41318364020811,41318364020811,Beefeater London Dry Gin,1L,,Current variant ID,1,historical_detail_2024-11-01_to_2026-07-22,
2204,41184288374859,41184288374859,Beringer White Merlot,1.5L,,Current variant ID,1,historical_detail_2024-11-01_to_2026-07-22,
2205,41184288374859,41184288374859,BERINGER WHITE MERLOT,1.5L,,Current variant ID,1,historical_detail_2024-11-01_to_2026-07-22,
2206,41184289849419,41184289849419,J LOHR CABERNET SAUVIGNON,750ML,,Current variant ID,1,historical_detail_2024-11-01_to_2026-07-22,
2207,41184289849419,41184289849419,J. Lohr Cabernet Sauvignon,750ML,,Current variant ID,1,historical_detail_2024-11-01_to_2026-07-22,
2208,41184290799691,41184290799691,J. Lohr Chardonnay,750ML,,Current variant ID,1,historical_detail_2024-11-01_to_2026-07-22,
2209,41184290799691,41184290799691,J LOHR CHARDONNAY,750ML,,Current variant ID,1,historical_detail_2024-11-01_to_2026-07-22,
2210,41184291913803,41184291913803,J LOHR PINOT NOIR,750ML,,Current variant ID,1,historical_detail_2024-11-01_to_2026-07-22,
2211,41184291913803,41184291913803,J. Lohr Pinot Noir,750ML,,Current variant ID,1,historical_detail_2024-11-01_to_2026-07-22,
2212,41184292536395,41184292536395,On The Rocks Cosmopolitan,750ML,,Current variant ID,1,historical_detail_2024-11-01_to_2026-07-22,
2213,41184292536395,41184292536395,ON THE ROCKS THE COSMOPOLITAN,750ML,,Current variant ID,1,historical_detail_2024-11-01_to_2026-07-22,
2214,42913373847627,41184292569163,On The Rocks Cosmopolitan,375ML,,Product ID + title,0,historical_detail_2024-11-01_to_2026-07-22,
2215,42913373847627,41184292569163,ON THE ROCKS THE COSMOPOLITAN,375ML,,Product ID + title,0,historical_detail_2024-11-01_to_2026-07-22,
2216,41184293126219,41184293126219,ON THE ROCKS ESPRESSO MARTINI,750ML,,Current variant ID,1,historical_detail_2024-11-01_to_2026-07-22,
2217,42913373749323,41184293158987,ON THE ROCKS ESPRESSO MARTINI,375ML,,Product ID + title,0,historical_detail_2024-11-01_to_2026-07-22,
2218,41184293126219,41184293126219,On The Rocks Espresso Martini,750ML,,Current variant ID,1,historical_detail_2024-11-01_to_2026-07-22,
2219,42913373749323,41184293158987,On The Rocks Espresso Martini,375ML,,Product ID + title,0,historical_detail_2024-11-01_to_2026-07-22,
2220,42913373618251,41184294142027,On The Rocks Margarita,375ML,,Product ID + title,0,historical_detail_2024-11-01_to_2026-07-22,
2221,42913373618251,41184294142027,ON THE ROCKS THE MARGARITA,375ML,,Product ID + title,0,historical_detail_2024-11-01_to_2026-07-22,
2222,42913373618251,42913373618251,On The Rocks Margarita,375ML,,Current variant ID,1,historical_detail_2024-11-01_to_2026-07-22,
2223,41184294109259,41184294109259,On The Rocks Margarita,750ML,,Current variant ID,1,historical_detail_2024-11-01_to_2026-07-22,
2224,41186459713611,41186459713611,CLARENDELLE RED BORDEAUX,750ML,,Current variant ID,1,historical_detail_2024-11-01_to_2026-07-22,
2225,41186459713611,41186459713611,Clarendelle Red Bordeaux,750ML,,Current variant ID,1,historical_detail_2024-11-01_to_2026-07-22,
2226,41186460434507,41186460434507,Corralejo Reposado Tequila,750ML,,Current variant ID,1,historical_detail_2024-11-01_to_2026-07-22,
2227,41186460434507,41186460434507,CORRALEJO TEQUILA REPOSADO,750ML,,Current variant ID,1,historical_detail_2024-11-01_to_2026-07-22,
2228,41186460729419,41186460729419,Corralejo Blanco Tequila,750ML,,Current variant ID,1,historical_detail_2024-11-01_to_2026-07-22,
2229,41186460729419,41186460729419,CORRALEJO TEQUILA SILVER,750ML,,Current variant ID,1,historical_detail_2024-11-01_to_2026-07-22,
2230,41186460958795,41186460958795,MR BOSTON CREME DE CACAO WHITE,1L,,Current variant ID,1,historical_detail_2024-11-01_to_2026-07-22,
2231,41186461155403,41186461155403,Mr Boston Creme de Cacao Brown,1L,,Current variant ID,1,historical_detail_2024-11-01_to_2026-07-22,
2232,41186461155403,41186461155403,MR BOSTON CREME DE CACAO BROWN,1L,,Current variant ID,1,historical_detail_2024-11-01_to_2026-07-22,
2233,41186461220939,41186461220939,MR BOSTON SCHNAPPS SOUR APPLE,1L,,Current variant ID,1,historical_detail_2024-11-01_to_2026-07-22,
2234,41186461220939,41186461220939,Mr Boston Sour Apple Schnapps,1L,,Current variant ID,1,historical_detail_2024-11-01_to_2026-07-22,
2235,41186461286475,41186461286475,MR BOSTON AMARETTO,1L,,Current variant ID,1,historical_detail_2024-11-01_to_2026-07-22,
2236,41186461286475,41186461286475,Mr Boston Ameretto,1L,,Current variant ID,1,historical_detail_2024-11-01_to_2026-07-22,
2237,41186461352011,41186461352011,MR BOSTON CREME DE MENTHE GREEN,1L,,Current variant ID,1,historical_detail_2024-11-01_to_2026-07-22,
2238,41186461352011,41186461352011,Mr. Boston Green Creme de Menthe,1L,,Current variant ID,1,historical_detail_2024-11-01_to_2026-07-22,
2239,41186461450315,41186461450315,Mr Boston Butterscotch Schnapps,1L,,Current variant ID,1,historical_detail_2024-11-01_to_2026-07-22,
2240,41186473541707,41186473541707,Booker's Jimmy's Batch Bourbon,750ML,,Current variant ID,1,historical_detail_2024-11-01_to_2026-07-22,
2241,41186473541707,41186473541707,Bookers Jimmys 7 Yrs,750ML,,Current variant ID,1,historical_detail_2024-11-01_to_2026-07-22,
2242,41186473541707,41186473541707,Booker's Barry's Batch Bourbon,750ML,,Current variant ID,1,historical_detail_2024-11-01_to_2026-07-22,
2243,41186475147339,41186475147339,Old Grand Dad 114 Kentucky Straight Bourbon,750ML,,Current variant ID,1,historical_detail_2024-11-01_to_2026-07-22,
2244,41186475147339,41186475147339,Old Grand Dad 114 Proof,750,,Current variant ID,1,historical_detail_2024-11-01_to_2026-07-22,
2245,41186890907723,41186890907723,Chateau La Tuilerie Bordeaux,750ML,,Current variant ID,1,historical_detail_2024-11-01_to_2026-07-22,
2246,41186890907723,41186890907723,CHATEAU LA TUILERIE BORDEAUX,750ML,,Current variant ID,1,historical_detail_2024-11-01_to_2026-07-22,
2247,41186896052299,41186896052299,Troublemaker Red Blend,750ML,,Current variant ID,1,historical_detail_2024-11-01_to_2026-07-22,
2248,41186899951691,41186899951691,Comtesse De Malet Roquefort Bordeaux,750ML,,Current variant ID,1,historical_detail_2024-11-01_to_2026-07-22,
2249,41188751343691,41188751343691,Duckhorn Vineyards Cabernet Sauvignon,750ML,,Current variant ID,1,historical_detail_2024-11-01_to_2026-07-22,
2250,41188752621643,41188752621643,Breckenridge Bourbon Whiskey,750ML,,Current variant ID,1,historical_detail_2024-11-01_to_2026-07-22,
2251,42913373192267,41191192690763,Black Velvet,1.5L,,Product ID + title,0,historical_detail_2024-11-01_to_2026-07-22,
2252,42913373159499,41318363529291,Black Velvet,1L,,Product ID + title,0,historical_detail_2024-11-01_to_2026-07-22,
2253,41318363594827,41318363594827,Black Velvet,375ML,,Current variant ID,1,historical_detail_2024-11-01_to_2026-07-22,
2254,42913373126731,41318363562059,Black Velvet,750ML,,Product ID + title,0,historical_detail_2024-11-01_to_2026-07-22,
2255,42913373192267,42913373192267,Black Velvet,1.5L,,Current variant ID,1,historical_detail_2024-11-01_to_2026-07-22,
2256,42913373159499,42913373159499,Black Velvet,1L,,Current variant ID,1,historical_detail_2024-11-01_to_2026-07-22,
2257,42913373159499,41191192723531,Black Velvet,1L,,Product ID + title,0,historical_detail_2024-11-01_to_2026-07-22,
2258,41318363594827,41191192789067,Black Velvet,375ML,,Product ID + title,0,historical_detail_2024-11-01_to_2026-07-22,
2259,42913373028427,41191194099787,Grey Goose L'Orange Vodka,1L,,Product ID + title,0,historical_detail_2024-11-01_to_2026-07-22,
2260,41191194067019,41191194067019,Grey Goose L'Orange Vodka,1.75L,,Current variant ID,1,historical_detail_2024-11-01_to_2026-07-22,
2261,41191195967563,41191195967563,JAMESON TRIPLE TRIPLE IRISH WHISKEY,750ML,,Current variant ID,1,historical_detail_2024-11-01_to_2026-07-22,
2262,41191195967563,41191195967563,Jameson Triple Triple Irish Whiskey,750ML,,Current variant ID,1,historical_detail_2024-11-01_to_2026-07-22,
2263,41191196491851,41191196491851,Mi Campo Blanco Tequila,1.75L,,Current variant ID,1,historical_detail_2024-11-01_to_2026-07-22,
2264,42913372897355,41191196524619,MI CAMPO TEQUILA BLANCO,750ML,,Product ID + title,0,historical_detail_2024-11-01_to_2026-07-22,
2265,42913372897355,41191196524619,Mi Campo Blanco Tequila,750ML,,Product ID + title,0,historical_detail_2024-11-01_to_2026-07-22,
2266,42913372831819,41191202291787,MI CAMPO TEQUILA REPOSADO,750ML,,Product ID + title,0,historical_detail_2024-11-01_to_2026-07-22,
2267,41191202259019,41191202259019,Mi Campo Reposado Tequila,1.75L,,Current variant ID,1,historical_detail_2024-11-01_to_2026-07-22,
2268,42913372831819,41191202291787,Mi Campo Reposado Tequila,750ML,,Product ID + title,0,historical_detail_2024-11-01_to_2026-07-22,
2269,41191208910923,41191208910923,OLE SMOKY PEANUT BUTTER WHISKEY,750ML,,Current variant ID,1,historical_detail_2024-11-01_to_2026-07-22,
2270,41191208910923,41191208910923,Ole Smoky Tenn Peanut Butter Whiskey,750ML,,Current variant ID,1,historical_detail_2024-11-01_to_2026-07-22,
2271,41191209533515,41191209533515,OLE SMOKY SALTY CARAMEL WHISKEY,750ML,,Current variant ID,1,historical_detail_2024-11-01_to_2026-07-22,
2272,41191209533515,41191209533515,Ole Smoky Tennessee Salty Caramel Whiskey,750ML,,Current variant ID,1,historical_detail_2024-11-01_to_2026-07-22,
2273,41191219822667,41191219822667,Marques de Caceres Rioja Crianza,750ML,,Current variant ID,1,historical_detail_2024-11-01_to_2026-07-22,
2274,41191220674635,41191220674635,Marques de Caceres Verdejo,750ML,,Current variant ID,1,historical_detail_2024-11-01_to_2026-07-22,
2275,41191230734411,41191230734411,Sean Minor Sauvignon Blanc,750ML,,Current variant ID,1,historical_detail_2024-11-01_to_2026-07-22,
2276,41191231848523,41191231848523,Michel Tete Beaujolais-Nuveau,750ML,,Current variant ID,1,historical_detail_2024-11-01_to_2026-07-22,
2277,42913372602443,41318363496523,Di Amore Sambuca,375ML,,Product ID + title,0,historical_detail_2024-11-01_to_2026-07-22,
2278,42913372602443,41191482458187,DI AMORE SAMBUCA,375ML,,Product ID + title,0,historical_detail_2024-11-01_to_2026-07-22,
2279,41191482425419,41191482425419,Di Amore Sambuca,750ML,,Current variant ID,1,historical_detail_2024-11-01_to_2026-07-22,
2280,41191482425419,41191482425419,DI AMORE SAMBUCA,750ML,,Current variant ID,1,historical_detail_2024-11-01_to_2026-07-22,
2281,41191484915787,41191484915787,GIO BARBA FONTANELLE MONTEPULCIANO,750ML,,Current variant ID,1,historical_detail_2024-11-01_to_2026-07-22,
2282,41191484915787,41191484915787,Gio Barba Fontanelle Montepulciano,750ML,,Current variant ID,1,historical_detail_2024-11-01_to_2026-07-22,
2283,41191488389195,41191488389195,JOSEPH PHELPS PINOT NOIR FREESTONE,750ML,,Current variant ID,1,historical_detail_2024-11-01_to_2026-07-22,
2284,41191488389195,41191488389195,Joseph Phelps Freestone Pinot Noir,750ML,,Current variant ID,1,historical_detail_2024-11-01_to_2026-07-22,
2285,41191903625291,41191903625291,Hob Nob Pinot Noir,750ML,,Current variant ID,1,historical_detail_2024-11-01_to_2026-07-22,
2286,41192907210827,41192907210827,Chateau La Graviere White Bordeaux,750ML,,Current variant ID,1,historical_detail_2024-11-01_to_2026-07-22,
2287,41192909078603,41192909078603,Carpineto Vino Nobile di Montepulciano,750ML,,Current variant ID,1,historical_detail_2024-11-01_to_2026-07-22,
2288,41192910192715,41192910192715,Nevio Montepulciano d'abruzzo,750ML,,Current variant ID,1,historical_detail_2024-11-01_to_2026-07-22,
2289,41192910454859,41192910454859,Ruca Melan Malbec,750ML,,Current variant ID,1,historical_detail_2024-11-01_to_2026-07-22,
2290,41192910946379,41192910946379,Tinto Negro Malbec,750ML,,Current variant ID,1,historical_detail_2024-11-01_to_2026-07-22,
2291,41193000796235,41193000796235,High Noon Tequila fiesta Variety 8 Pack,8pk-12oz cans,,Current variant ID,1,historical_detail_2024-11-01_to_2026-07-22,
2292,41193000796235,41193000796235,High Noon Tequila fiesta Variety 8 Pack,12oz,,Current variant ID,1,historical_detail_2024-11-01_to_2026-07-22,
2293,41196510249035,41196510249035,Freixenet Prosecco,750ML,,Current variant ID,1,historical_detail_2024-11-01_to_2026-07-22,
2294,41196511461451,41196511461451,Josh Cellars Merlot,750ML,,Current variant ID,1,historical_detail_2024-11-01_to_2026-07-22,
2295,41196526403659,41196526403659,Woodford Reserve Rye,750ML,,Current variant ID,1,historical_detail_2024-11-01_to_2026-07-22,
2296,41196598788171,41196598788171,Teremana Blanco,1L,,Current variant ID,1,historical_detail_2024-11-01_to_2026-07-22,
2297,41196599050315,41196599050315,Teremana Reposado,1L,,Current variant ID,1,historical_detail_2024-11-01_to_2026-07-22,
2298,42913372176459,41218576941131,Crown Royal Blackberry,750ML,,Product ID + title,0,historical_detail_2024-11-01_to_2026-07-22,
2299,41218601713739,41218601713739,Knob Creek Smoked Maple Bourbon,750ML,,Current variant ID,1,historical_detail_2024-11-01_to_2026-07-22,
2300,41224413053003,41224413053003,Starlight Bottled in Bond Bourbon,750ML,,Current variant ID,1,historical_detail_2024-11-01_to_2026-07-22,
2301,41224417673291,41224417673291,Starlight Carl T Bourbon,750ML,,Current variant ID,1,historical_detail_2024-11-01_to_2026-07-22,
2302,41224442019915,41224442019915,Starlight Old Rickhouse Rye,750ML,,Current variant ID,1,historical_detail_2024-11-01_to_2026-07-22,
2303,41224455684171,41224455684171,Willett Pot Still Reserve Straight Bourbon,750ML,,Current variant ID,1,historical_detail_2024-11-01_to_2026-07-22,
2304,41224463646795,41224463646795,Willett Estate Small Batch Rye,750ML,,Current variant ID,1,historical_detail_2024-11-01_to_2026-07-22,
2305,41225372729419,41225372729419,Ben Holladay Soft Red Wheat Rickhouse Proof,750ML,,Current variant ID,1,historical_detail_2024-11-01_to_2026-07-22,
2306,41233265229899,41233265229899,1792 Straight Bourbon Small Batch,750ML,,Current variant ID,1,historical_detail_2024-11-01_to_2026-07-22,
2308,42913371848779,41233270800459,Campari Aperitivo,750ML,,Product ID + title,0,historical_detail_2024-11-01_to_2026-07-22,
2309,42913371848779,41233270800459,CAMPARI APERITIVO,750ML,,Product ID + title,0,historical_detail_2024-11-01_to_2026-07-22,
2310,42913371848779,42913371848779,Campari Aperitivo,750ML,,Current variant ID,1,historical_detail_2024-11-01_to_2026-07-22,
2311,41547727732811,41547727732811,Campari Aperitivo,375ML,,Current variant ID,1,historical_detail_2024-11-01_to_2026-07-22,
2312,42913371783243,41233271455819,Cointreau Orange Liqueur,750ML,,Product ID + title,0,historical_detail_2024-11-01_to_2026-07-22,
2313,42913371783243,42913371783243,Cointreau Orange Liqueur,750ML,,Current variant ID,1,historical_detail_2024-11-01_to_2026-07-22,
2314,42913371783243,41233271455819,COINTREAU ORANGE LIQUEUR,750ML,,Product ID + title,0,historical_detail_2024-11-01_to_2026-07-22,
2315,41477304057931,41477304057931,Cointreau Orange Liqueur,375ML,,Current variant ID,1,historical_detail_2024-11-01_to_2026-07-22,
2316,41237974417483,41237974417483,A. Smith Bowman Cask Strength,750ML,,Current variant ID,1,historical_detail_2024-11-01_to_2026-07-22,
2317,41237975302219,41237975302219,Woodford Reserve Bourbon Batch Proof,750ML,,Current variant ID,1,historical_detail_2024-11-01_to_2026-07-22,
2318,41237977268299,41237977268299,PENELOPE BOURBON PRIVATE SELECT 9YRS,750ML,,Current variant ID,1,historical_detail_2024-11-01_to_2026-07-22,
2319,41238089891915,41238089891915,STAGG BOURBON,750ML,,Current variant ID,1,historical_detail_2024-11-01_to_2026-07-22,
2320,41239557406795,41239557406795,Milam & Greene Unabridged Blended Bourbon,750ML,,Current variant ID,1,historical_detail_2024-11-01_to_2026-07-22,
2321,41247971999819,41247971999819,Roscato Tropical,750ML,,Current variant ID,1,historical_detail_2024-11-01_to_2026-07-22,
2322,41248003260491,41248003260491,Beatbox Hard Tea,500ML,,Current variant ID,1,historical_detail_2024-11-01_to_2026-07-22,
2323,41250375729227,41250375729227,XXL Moscato Apple,750ML,,Current variant ID,1,historical_detail_2024-11-01_to_2026-07-22,
2324,41250375729227,41250375729227,XXL MOSCATO APPLE,750ML,,Current variant ID,1,historical_detail_2024-11-01_to_2026-07-22,
2325,41250392408139,41250392408139,XXL Moscato Blueberry,750ML,,Current variant ID,1,historical_detail_2024-11-01_to_2026-07-22,
2326,41250392408139,41250392408139,XXL MOSCATO BLUEBERRY,750ML,,Current variant ID,1,historical_detail_2024-11-01_to_2026-07-22,
2327,41250392899659,41250392899659,XXL Moscato Guava,750ML,,Current variant ID,1,historical_detail_2024-11-01_to_2026-07-22,
2328,41250392899659,41250392899659,XXL MOSCATO GUAVA,750ML,,Current variant ID,1,historical_detail_2024-11-01_to_2026-07-22,
2329,41250393030731,41250393030731,XXL Moscato Mango,750ML,,Current variant ID,1,historical_detail_2024-11-01_to_2026-07-22,
2330,41250393030731,41250393030731,XXL MOSCATO CHERRY,750ML,,Current variant ID,1,historical_detail_2024-11-01_to_2026-07-22,
2331,41250393030731,41250393030731,XXL Moscato Cherry,750ML,,Current variant ID,1,historical_detail_2024-11-01_to_2026-07-22,
2332,41250395258955,41250395258955,Mendoza Vineyards Malbec,750ML,,Current variant ID,1,historical_detail_2024-11-01_to_2026-07-22,
2333,42913371586635,41695150735435,La Vieille Ferme Rose,3L,,Product ID + title,0,historical_detail_2024-11-01_to_2026-07-22,
2334,41267128500299,41267128500299,La Vieille Ferme Rose,750ML,,Current variant ID,1,historical_detail_2024-11-01_to_2026-07-22,
2335,41267132989515,41267132989515,Bread & Butter Prosecco,750ML,,Current variant ID,1,historical_detail_2024-11-01_to_2026-07-22,
2336,41268005339211,41268005339211,Altos del Plata Chardonnay,750ML,,Current variant ID,1,historical_detail_2024-11-01_to_2026-07-22,
2337,41642139385931,41642139385931,Deep Eddy Pineapple,1L,,Current variant ID,1,historical_detail_2024-11-01_to_2026-07-22,
2338,42913371390027,41275354382411,Deep Eddy Pineapple,50ML,,Product ID + title,0,historical_detail_2024-11-01_to_2026-07-22,
2339,41716809498699,41716809498699,High Noon Hard Seltzer Pear,4pk-12oz Cans,,Current variant ID,1,historical_detail_2024-11-01_to_2026-07-22,
2340,41716809465931,41716809465931,High Noon Cranberry,4pk-12oz Cans,,Current variant ID,1,historical_detail_2024-11-01_to_2026-07-22,
2341,41716809465931,41716809465931,High Noon Hard Seltzer Cranberry,4pk-12oz Cans,,Current variant ID,1,historical_detail_2024-11-01_to_2026-07-22,
2342,41275365523531,41275365523531,Bulleit Bottled in Bond Bourbon,750ML,,Current variant ID,1,historical_detail_2024-11-01_to_2026-07-22,
2343,41277133062219,41277133062219,Bogle Heritage Red,750ML,,Current variant ID,1,historical_detail_2024-11-01_to_2026-07-22,
2344,41318429556811,41318429556811,Squealing Pig Sauvignon Blanc,750ML,,Current variant ID,1,historical_detail_2024-11-01_to_2026-07-22,
2345,41318429589579,41318429589579,Bacchus Rosso Piceno Ciu Ciu,750ML,,Current variant ID,1,historical_detail_2024-11-01_to_2026-07-22,
2346,41318440337483,41318440337483,Lagovuveri Nero D'Avola,750ML,,Current variant ID,1,historical_detail_2024-11-01_to_2026-07-22,
2347,41318440370251,41318440370251,Podere Don Cataldo Vermentino Salento,750ML,,Current variant ID,1,historical_detail_2024-11-01_to_2026-07-22,
2348,41318440370251,41318440370251,Podere Don Cataldo Primitivo Salento,750ML,,Current variant ID,1,historical_detail_2024-11-01_to_2026-07-22,
2349,41716809302091,41716809302091,Cutwater Lemon Drop Martini,4pk-12oz Cans,,Current variant ID,1,historical_detail_2024-11-01_to_2026-07-22,
2350,41318440468555,41318440468555,Burnett's Cherry Vodka,1L,,Current variant ID,1,historical_detail_2024-11-01_to_2026-07-22,
2351,41318440501323,41318440501323,St. Germain Elderflower Liqueur,750ML,,Current variant ID,1,historical_detail_2024-11-01_to_2026-07-22,
2352,42913371127883,41318440534091,St. Germain Elderflower Liqueur,375ML,,Product ID + title,0,historical_detail_2024-11-01_to_2026-07-22,
2353,42913371127883,42913371127883,St. Germain Elderflower Liqueur,375ML,,Current variant ID,1,historical_detail_2024-11-01_to_2026-07-22,
2354,41318440861771,41318440861771,Ezra Brooks 99 Proof Straight Rye,750ML,,Current variant ID,1,historical_detail_2024-11-01_to_2026-07-22,
2355,41318440894539,41318440894539,Ezra Brooks 99 Proof Bourbon Whiskey,750ML,,Current variant ID,1,historical_detail_2024-11-01_to_2026-07-22,
2356,41318441156683,41318441156683,E.H.Taylor Small Batch Bourbon,750ML,,Current variant ID,1,historical_detail_2024-11-01_to_2026-07-22,
2357,41318441156683,41318441156683,E H Taylor Small Batch Bourbon,750ML,,Current variant ID,1,historical_detail_2024-11-01_to_2026-07-22,
2358,41318441156683,41318441156683,Colonel E.H. Taylor Small Batch Bourbon,750ML,,Current variant ID,1,historical_detail_2024-11-01_to_2026-07-22,
2359,41318441189451,41318441189451,Banfi La Pettegola Vermentino,750ML,,Current variant ID,1,historical_detail_2024-11-01_to_2026-07-22,
2360,41318441222219,41318441222219,Korbel Champagne Brut Rose,750ML,,Current variant ID,1,historical_detail_2024-11-01_to_2026-07-22,
2361,41318441254987,41318441254987,Dezzani Moscato,750ML,,Current variant ID,1,historical_detail_2024-11-01_to_2026-07-22,
2362,41318441287755,41318441287755,Camillo Montori Montepulciano,750ML,,Current variant ID,1,historical_detail_2024-11-01_to_2026-07-22,
2363,42913370931275,41322966548555,Baileys Coffee Toffee Cream Liqueur,750ML,,Product ID + title,0,historical_detail_2024-11-01_to_2026-07-22,
2364,41322966515787,41322966515787,Baileys Coffee Toffee Cream Liqueur,50ML,,Current variant ID,1,historical_detail_2024-11-01_to_2026-07-22,
2365,41322966679627,41322966679627,Baileys Cookies & Creamy Liqueur,50ML,,Current variant ID,1,historical_detail_2024-11-01_to_2026-07-22,
2366,42913370865739,41322966712395,Baileys Cookies & Creamy Liqueur,750ML,,Product ID + title,0,historical_detail_2024-11-01_to_2026-07-22,
2367,41322984177739,41322984177739,Knob Creek 115 Proof Rye Single Barrel Select,750ML,,Current variant ID,1,historical_detail_2024-11-01_to_2026-07-22,
2368,41329304240203,41329304240203,Benedictine B&b Brandy Liqueur,1L,,Current variant ID,1,historical_detail_2024-11-01_to_2026-07-22,
2369,42913370767435,41329304272971,Benedictine B&b Brandy Liqueur,750ML,,Product ID + title,0,historical_detail_2024-11-01_to_2026-07-22,
2370,41339109474379,41339109474379,Heaven Hill Grain To Glass Kentucky Straight Wheated Bourbon,700ML,,Current variant ID,1,historical_detail_2024-11-01_to_2026-07-22,
2371,41340366848075,41340366848075,Old Forester 1924 10 Year Old Straight Bourbon,750ML,,Current variant ID,1,historical_detail_2024-11-01_to_2026-07-22,
2372,41340370976843,41340370976843,Woodford Reserve Double Double Oaked Bourbon,750ML,,Current variant ID,1,historical_detail_2024-11-01_to_2026-07-22,
2373,41340394995787,41340394995787,Silver Raven Cabernet Sauvignon,750ML,,Current variant ID,1,historical_detail_2024-11-01_to_2026-07-22,
2374,41346259222603,41346259222603,Four Roses OBSF Barrel Strength Single Barrel Select,750ML,,Current variant ID,1,historical_detail_2024-11-01_to_2026-07-22,
2375,41351792721995,41351792721995,Still Austin Straight Bourbon,750ML,,Current variant ID,1,historical_detail_2024-11-01_to_2026-07-22,
2376,41351793573963,41351793573963,Still Austin Straight Rye,750ML,,Current variant ID,1,historical_detail_2024-11-01_to_2026-07-22,
2377,41355662655563,41355662655563,Pepe Yllera Ribera,750ML,,Current variant ID,1,historical_detail_2024-11-01_to_2026-07-22,
2378,41355677827147,41355677827147,Yllera Verdejo Vendimia Nocturna,750ML,,Current variant ID,1,historical_detail_2024-11-01_to_2026-07-22,
2379,41356054888523,41356054888523,Still Austin Cask Strength Rye Whiskey,750ML,,Current variant ID,1,historical_detail_2024-11-01_to_2026-07-22,
2380,41356080283723,41356080283723,Still Austin Cask Strength Bourbon Whiskey,750ML,,Current variant ID,1,historical_detail_2024-11-01_to_2026-07-22,
2381,41367659839563,41367659839563,"Redwood Empire """"Van Duzen"""" Straight Rye Whiskey",750ML,,Current variant ID,1,historical_detail_2024-11-01_to_2026-07-22,
2382,41379131555915,41379131555915,Evan Williams Single Barrel Bourbon,750ML,,Current variant ID,1,historical_detail_2024-11-01_to_2026-07-22,
2383,41379131785291,41379131785291,Elijah Craig 18 Year,750ML,,Current variant ID,1,historical_detail_2024-11-01_to_2026-07-22,
2384,41379132342347,41379132342347,Bernheim 7 Years Barrel Proof Wheat Whisky 125.4,750ML,,Current variant ID,1,historical_detail_2024-11-01_to_2026-07-22,
2385,41392213262411,41392213262411,Michter's Barrel Strength Rye Whiskey,750ML,,Current variant ID,1,historical_detail_2024-11-01_to_2026-07-22,
2386,41716809269323,41716809269323,High Noon Hard Seltzer Kiwi,4pk-12oz Cans,,Current variant ID,1,historical_detail_2024-11-01_to_2026-07-22,
2387,41394314215499,41394314215499,Nobilo Sauvignon Blanc,750ML,,Current variant ID,1,historical_detail_2024-11-01_to_2026-07-22,
2388,41395427180619,41395427180619,Indri Cask Strength Single Malt Indian Whisky,750ML,,Current variant ID,1,historical_detail_2024-11-01_to_2026-07-22,
2389,41395840614475,41395840614475,Wolcott Kentucky Straight Bourbon,750ML,,Current variant ID,1,historical_detail_2024-11-01_to_2026-07-22,
2390,41395841499211,41395841499211,Wolcott Bottled in Bond Kentucky Straight Bourbon,750ML,,Current variant ID,1,historical_detail_2024-11-01_to_2026-07-22,
2391,41420649398347,41420649398347,G4 Tequila Blanco,750ML,,Current variant ID,1,historical_detail_2024-11-01_to_2026-07-22,
2392,41716809236555,41716809236555,Lucky One Vodka Lemonade 8 Pack,8pk-12oz Cans,,Current variant ID,1,historical_detail_2024-11-01_to_2026-07-22,
2393,41441957052491,41441957052491,Admiral Nelson's Spiced Rum,1L,,Current variant ID,1,historical_detail_2024-11-01_to_2026-07-22,
2394,42913370079307,41441957085259,Admiral Nelson's Spiced Rum,1.75L,,Product ID + title,0,historical_detail_2024-11-01_to_2026-07-22,
2395,42913370079307,42913370079307,Admiral Nelson's Spiced Rum,1.75L,,Current variant ID,1,historical_detail_2024-11-01_to_2026-07-22,
2396,41442013216843,41442013216843,Oyster Bay Sauvignon Blanc,750ML,,Current variant ID,1,historical_detail_2024-11-01_to_2026-07-22,
2397,41442028945483,41442028945483,Found North Batch 011 18 Years,750ML,,Current variant ID,1,historical_detail_2024-11-01_to_2026-07-22,
2398,41442028945483,41442028945483,Found North Goldfinch First Flight,750ML,,Current variant ID,1,historical_detail_2024-11-01_to_2026-07-22,
2399,41442046050379,41442046050379,Seelbach’s Private Reserve 10-Year Batch,750ML,,Current variant ID,1,historical_detail_2024-11-01_to_2026-07-22,
2400,41442050506827,41442050506827,Dark Arts French Oak Stave Finished Small Batch Bourbon,750ML,,Current variant ID,1,historical_detail_2024-11-01_to_2026-07-22,
2401,41446027362379,41446027362379,Wyatt Earp 13 Year Hazmat Edition Bourbon,750ML,,Current variant ID,1,historical_detail_2024-11-01_to_2026-07-22,
2402,41716809203787,41716809203787,High Noon Beach Varity 12 Pack,12pk-12oz Cans,,Current variant ID,1,historical_detail_2024-11-01_to_2026-07-22,
2403,41716809203787,41716809203787,High Noon Beach Variety,12pk-12oz Cans,,Current variant ID,1,historical_detail_2024-11-01_to_2026-07-22,
2404,41716809105483,41716809105483,Cutwater Tequila Grapefruit Paloma,4pk-12oz Cans,,Current variant ID,1,historical_detail_2024-11-01_to_2026-07-22,
2405,41453074153547,41453074153547,1792 Bottled In Bond Bourbon,750ML,,Current variant ID,1,historical_detail_2024-11-01_to_2026-07-22,
2406,41716809072715,41716809072715,Surfside Green Tea & Vodka Variety,8pk-12oz Cans,,Current variant ID,1,historical_detail_2024-11-01_to_2026-07-22,
2407,41458960498763,41458960498763,Bonanza Cabernet Sauvignon,750ML,,Current variant ID,1,historical_detail_2024-11-01_to_2026-07-22,
2408,41458962268235,41458962268235,La Crema Pinot Noir Monterey,750ML,,Current variant ID,1,historical_detail_2024-11-01_to_2026-07-22,
2409,41458966397003,41458966397003,Maker's Mark Wood Finishing Series The Keepers Release Bourbon,750ML,,Current variant ID,1,historical_detail_2024-11-01_to_2026-07-22,
2410,41464785240139,41464785240139,Maddalena Rose Paso Robles,750ML,,Current variant ID,1,historical_detail_2024-11-01_to_2026-07-22,
2411,41477315723339,41477315723339,Josh Cellars Rose,750ML,,Current variant ID,1,historical_detail_2024-11-01_to_2026-07-22,
2412,41477315887179,41477315887179,Chateau Miraval Rose,750ML,,Current variant ID,1,historical_detail_2024-11-01_to_2026-07-22,
2413,41477330108491,41477330108491,Myers's Dark Rum,1L,,Current variant ID,1,historical_detail_2024-11-01_to_2026-07-22,
2414,41477332205643,41477332205643,Biale Royal Punishers Petite Sirah,750ML,,Current variant ID,1,historical_detail_2024-11-01_to_2026-07-22,
2415,41477345345611,41477345345611,Dailys Pouches Strawberry,10Oz,,Current variant ID,1,historical_detail_2024-11-01_to_2026-07-22,
2416,41477350948939,41477350948939,Dailys Pouches Pina Colada,10Oz,,Current variant ID,1,historical_detail_2024-11-01_to_2026-07-22,
2417,41477351866443,41477351866443,Dailys Pouches Blackberry Smash,10Oz,,Current variant ID,1,historical_detail_2024-11-01_to_2026-07-22,
2418,41477352095819,41477352095819,Dailys Pouches Bahama Mama,10Oz,,Current variant ID,1,historical_detail_2024-11-01_to_2026-07-22,
2419,41477352685643,41477352685643,Dailys Pouches Peach on the Beach,10Oz,,Current variant ID,1,historical_detail_2024-11-01_to_2026-07-22,
2420,41477355044939,41477355044939,Dailys Island Runner,10Oz,,Current variant ID,1,historical_detail_2024-11-01_to_2026-07-22,
2421,41477355470923,41477355470923,Dailys Mango Margherita,10Oz,,Current variant ID,1,historical_detail_2024-11-01_to_2026-07-22,
2422,41490350112843,41490350112843,IL Prosecco,750ML,,Current variant ID,1,historical_detail_2024-11-01_to_2026-07-22,
2423,41497774456907,41497774456907,Four Roses Single Barrel OESO,750ML,,Current variant ID,1,historical_detail_2024-11-01_to_2026-07-22,
2424,41519432794187,41519432794187,Borgo Dei Mori Pinot Grigio,750ML,,Current variant ID,1,historical_detail_2024-11-01_to_2026-07-22,
2425,41519620358219,41519620358219,G4 Tequila Reposado,750ML,,Current variant ID,1,historical_detail_2024-11-01_to_2026-07-22,
2426,41524948205643,41524948205643,Coppola Shimmer Sauvignon Blanc Pinot Grigio,750ML,,Current variant ID,1,historical_detail_2024-11-01_to_2026-07-22,
2427,41524953677899,41524953677899,Hartman's Seltzer Loganberry 4 Pack,12oz,,Current variant ID,1,historical_detail_2024-11-01_to_2026-07-22,
2428,41524958920779,41524958920779,Overwinter Coffee Liqueur,750ML,,Current variant ID,1,historical_detail_2024-11-01_to_2026-07-22,
2429,41524964720715,41524964720715,Hartman's Taste of Country,750ML,,Current variant ID,1,historical_detail_2024-11-01_to_2026-07-22,
2430,41527692427339,41527692427339,Maker's Mark 46 French Oak Cask Strength,750ML,,Current variant ID,1,historical_detail_2024-11-01_to_2026-07-22,
2431,41535626182731,41535626182731,1792 Sweet Wheat Bourbon,750ML,,Current variant ID,1,historical_detail_2024-11-01_to_2026-07-22,
2432,41535628410955,41535628410955,Basil Hayden 10 Year Bourbon,750ML,,Current variant ID,1,historical_detail_2024-11-01_to_2026-07-22,
2433,41536013140043,41536013140043,Barefoot White Zinfandel,1.5L,,Current variant ID,1,historical_detail_2024-11-01_to_2026-07-22,
2434,42913368735819,41536018874443,Barefoot White Zinfandel,187ML,,Product ID + title,0,historical_detail_2024-11-01_to_2026-07-22,
2435,42913368637515,41536024674379,Barefoot Merlot,750ML,,Product ID + title,0,historical_detail_2024-11-01_to_2026-07-22,
2436,41537902706763,41537902706763,Barefoot Merlot,187ML,,Current variant ID,1,historical_detail_2024-11-01_to_2026-07-22,
2437,42913368670283,41536024641611,Barefoot Merlot,1.5L,,Product ID + title,0,historical_detail_2024-11-01_to_2026-07-22,
2438,41716808810571,41716808810571,On The Rocks Tropical Cocktail Collection Variety Pack,8pk-12oz Cans,,Current variant ID,1,historical_detail_2024-11-01_to_2026-07-22,
2439,41716808810571,41716808810571,On The Rocks Sparkling Lime Margarita 4 Pack,4pk-12oz Cans,,Current variant ID,1,historical_detail_2024-11-01_to_2026-07-22,
2440,41716807893067,41716807893067,On The Rocks Mango Mint Mojito 4 Pack,4pk-12oz Cans,,Current variant ID,1,historical_detail_2024-11-01_to_2026-07-22,
2441,41716807860299,41716807860299,On The Rocks Sparkling Cucumber & Lemongrass Mule 4 Pack,4pk-12oz Cans,,Current variant ID,1,historical_detail_2024-11-01_to_2026-07-22,
2442,41536096927819,41536096927819,Buzzballz Chillers Espresso Martini,200ML,,Current variant ID,1,historical_detail_2024-11-01_to_2026-07-22,
2443,41536105316427,41536105316427,Buzzballz Chillers Berry Cherry Limeade,200ML,,Current variant ID,1,historical_detail_2024-11-01_to_2026-07-22,
2444,41536119570507,41536119570507,Buzzballz Grapes Gone Wild,200ML,,Current variant ID,1,historical_detail_2024-11-01_to_2026-07-22,
2445,41537496481867,41537496481867,Anza Silver Tequila,50ML,,Current variant ID,1,historical_detail_2024-11-01_to_2026-07-22,
2446,42913368473675,41537495400523,Anza Silver Tequila,1.75L,,Product ID + title,0,historical_detail_2024-11-01_to_2026-07-22,
2447,42913368473675,42913368473675,Anza Silver Tequila,1.75L,,Current variant ID,1,historical_detail_2024-11-01_to_2026-07-22,
2448,42913368440907,41537495367755,Anza Silver Tequila,1L,,Product ID + title,0,historical_detail_2024-11-01_to_2026-07-22,
2449,41537890025547,41537890025547,Hartman's OnCore,750ML,,Current variant ID,1,historical_detail_2024-11-01_to_2026-07-22,
2450,41547643977803,41547643977803,Old Fitzgerald  7 Year Bottled In Bond,700ML,,Current variant ID,1,historical_detail_2024-11-01_to_2026-07-22,
2451,41549980237899,41549980237899,Chi-Chi's Strawberry Margarita,1.75L,,Current variant ID,1,historical_detail_2024-11-01_to_2026-07-22,
2452,41565189275723,41565189275723,Cabo Wabo Blanco Tequila,750ML,,Current variant ID,1,historical_detail_2024-11-01_to_2026-07-22,
2453,41565192028235,41565192028235,Corazon Blanco Tequila,750ML,,Current variant ID,1,historical_detail_2024-11-01_to_2026-07-22,
2454,41716807827531,41716807827531,Hartman's Seltzer Cucumber Mint 4 Pack,4pk-12oz Cans,,Current variant ID,1,historical_detail_2024-11-01_to_2026-07-22,
2455,41602235203659,41602235203659,Soon Hari Lychee Soju,375ML,,Current variant ID,1,historical_detail_2024-11-01_to_2026-07-22,
2456,41602236022859,41602236022859,Soon Hari Plum Soju,375ML,,Current variant ID,1,historical_detail_2024-11-01_to_2026-07-22,
2457,41602237628491,41602237628491,Soon Hari Citron Soju,375ML,,Current variant ID,1,historical_detail_2024-11-01_to_2026-07-22,
2458,41602244870219,41602244870219,Beatbox Fresh Watermelon,500ML,,Current variant ID,1,historical_detail_2024-11-01_to_2026-07-22,
2459,41611174772811,41611174772811,Good Boy Iced Tea Variety,8pk-12oz cans,,Current variant ID,1,historical_detail_2024-11-01_to_2026-07-22,
2460,41611174772811,41611174772811,Good Boy Iced Tea Variety 8 Pack,12oz,,Current variant ID,1,historical_detail_2024-11-01_to_2026-07-22,
2461,41716807794763,41716807794763,Good Boy Blackberry Iced Tea and Lemonade,4pk-12oz Cans,,Current variant ID,1,historical_detail_2024-11-01_to_2026-07-22,
2462,41716807761995,41716807761995,-196 Green Tea Zero Sugar Variety Pack,8pk-12oz Cans,,Current variant ID,1,historical_detail_2024-11-01_to_2026-07-22,
2463,41716807761995,41716807761995,'-196 Vodka Seltzer Variety Pack,8pk-12oz Cans,,Current variant ID,1,historical_detail_2024-11-01_to_2026-07-22,
2464,41716807729227,41716807729227,The Long Drink Variety Pack,8pk-12oz Cans,,Current variant ID,1,historical_detail_2024-11-01_to_2026-07-22,
2465,41716807729227,41716807729227,Th Long Drink Variety Pack,8pk-12oz Cans,,Current variant ID,1,historical_detail_2024-11-01_to_2026-07-22,
2466,41716807696459,41716807696459,The Long Drink Traditional,6pk-12oz Cans,,Current variant ID,1,historical_detail_2024-11-01_to_2026-07-22,
2467,41716807663691,41716807663691,The Long Drink Cranberry,6pk-12oz Cans,,Current variant ID,1,historical_detail_2024-11-01_to_2026-07-22,
2468,41623344119883,41623344119883,Mijenta Blanco Tequila,750ML,,Current variant ID,1,historical_detail_2024-11-01_to_2026-07-22,
2469,41623345463371,41623345463371,Mijenta Reposado Tequila,750ML,,Current variant ID,1,historical_detail_2024-11-01_to_2026-07-22,
2470,41625420136523,41625420136523,Bomberger's Declaration Kentucky Straight Bourbon,750ML,,Current variant ID,1,historical_detail_2024-11-01_to_2026-07-22,
2471,41625446449227,41625446449227,Michter's Single Barrel 10 Year Rye Whiskey,750ML,,Current variant ID,1,historical_detail_2024-11-01_to_2026-07-22,
2472,41642099179595,41642099179595,Everclear Grain Alcohol,1L,,Current variant ID,1,historical_detail_2024-11-01_to_2026-07-22,
2473,41643899387979,41643899387979,Old Grand Dad 7Yr Bottle in Bond Bourbon,750ML,,Current variant ID,1,historical_detail_2024-11-01_to_2026-07-22,
2474,41656481611851,41656481611851,Jack Daniels Tennessee Blackberry,750ML,,Current variant ID,1,historical_detail_2024-11-01_to_2026-07-22,
2475,41669289377867,41669289377867,Dark Arts The Empyrean #1,750ML,,Current variant ID,1,historical_detail_2024-11-01_to_2026-07-22,
2476,41669311037515,41669311037515,Star Hill Farm 2025 American Wheat Whiskey,750ML,,Current variant ID,1,historical_detail_2024-11-01_to_2026-07-22,
2477,41677191675979,41677191675979,Real Sangria,1.5L,,Current variant ID,1,historical_detail_2024-11-01_to_2026-07-22,
2478,41679360852043,41679360852043,le petit velo sauvignon blanc,750ML,,Current variant ID,1,historical_detail_2024-11-01_to_2026-07-22,
2479,41679364653131,41679364653131,Barker Espresso Martini,700ML,,Current variant ID,1,historical_detail_2024-11-01_to_2026-07-22,
2480,41687544856651,41687544856651,Johnson Estate Concord,3L,,Current variant ID,1,historical_detail_2024-11-01_to_2026-07-22,
2481,41687548035147,41687548035147,Johnson Estate Niagara,3L,,Current variant ID,1,historical_detail_2024-11-01_to_2026-07-22,
2482,41687548952651,41687548952651,Johnson Estate House Red,3L,,Current variant ID,1,historical_detail_2024-11-01_to_2026-07-22,
2483,41687552589899,41687552589899,Johnson Estate Maréchal Foch,750ML,,Current variant ID,1,historical_detail_2024-11-01_to_2026-07-22,
2484,41687552589899,41687552589899,Johnson Estate Maréchal Foch,3L,,Current variant ID,1,historical_detail_2024-11-01_to_2026-07-22,
2485,41687575035979,41687575035979,Johnson Estate Still Chardonnay,750ML,,Current variant ID,1,historical_detail_2024-11-01_to_2026-07-22,
2486,41716807630923,41716807630923,Cutwater Strawberry Margarita,4pk-12oz Cans,,Current variant ID,1,historical_detail_2024-11-01_to_2026-07-22,
2487,41716807630923,41716807630923,Cutwater Strawberry Margarita,4pk-120z Cans,,Current variant ID,1,historical_detail_2024-11-01_to_2026-07-22,
2488,41692796584011,41692796584011,Johnnie Walker Blue Label,750ML,,Current variant ID,1,historical_detail_2024-11-01_to_2026-07-22,
2489,41716807598155,41716807598155,Surfside Vodka Iced Tea & Lemonade,4pk-120z Cans,,Current variant ID,1,historical_detail_2024-11-01_to_2026-07-22,
2490,41716807598155,41716807598155,Surfside Vodka Iced Tea & Lemonade,4pk-12oz Cans,,Current variant ID,1,historical_detail_2024-11-01_to_2026-07-22,
2491,41716807565387,41716807565387,Surfside Vodka Iced Tea,4pk-12oz Cans,,Current variant ID,1,historical_detail_2024-11-01_to_2026-07-22,
2492,41716807565387,41716807565387,Surfside Vodka Iced Tea,4pk-120z Cans,,Current variant ID,1,historical_detail_2024-11-01_to_2026-07-22,
2493,41716807467083,41716807467083,Surfside Vodka Peach Tea,4pk-12oz Cans,,Current variant ID,1,historical_detail_2024-11-01_to_2026-07-22,
2494,41716807467083,41716807467083,Surfside Vodka Peach Tea,4pk-120z Cans,,Current variant ID,1,historical_detail_2024-11-01_to_2026-07-22,
2495,41716807434315,41716807434315,Surfside Vodka Raspberry Tea,4pk-12oz Cans,,Current variant ID,1,historical_detail_2024-11-01_to_2026-07-22,
2496,41716807434315,41716807434315,Surfside Vodka Raspberry Tea,4pk-120z Cans,,Current variant ID,1,historical_detail_2024-11-01_to_2026-07-22,
2497,41692810117195,41692810117195,Surfside Vodka Lemonade,4pk-12oz Cans,,Current variant ID,1,historical_detail_2024-11-01_to_2026-07-22,
2498,41698084257867,41698084257867,Big Sipz Warheads Wild Watermelon,200ML,,Current variant ID,1,historical_detail_2024-11-01_to_2026-07-22,
2499,41698084454475,41698084454475,Big Sipz Warheads Sour Apple,200ML,,Current variant ID,1,historical_detail_2024-11-01_to_2026-07-22,
2500,41698085306443,41698085306443,Two Chicks Vodka Variety,8pk-12oz Cans,,Current variant ID,1,historical_detail_2024-11-01_to_2026-07-22,
2501,41700583964747,41700583964747,Hartman's Lemonade Loganberry,12oz - Pack(4),,Current variant ID,1,historical_detail_2024-11-01_to_2026-07-22,
2502,41700583964747,41700583964747,Hartman's Lemonade Loganberry,4pk-12oz Cans,,Current variant ID,1,historical_detail_2024-11-01_to_2026-07-22,
2503,41700590911563,41700590911563,Hartman's Lemonade Strawberry,4pk-12oz Cans,,Current variant ID,1,historical_detail_2024-11-01_to_2026-07-22,
2504,41702726434891,41702726434891,Lylo Sauvignon Blanc,750ML,,Current variant ID,1,historical_detail_2024-11-01_to_2026-07-22,
2505,41709514096715,41709514096715,Absolut Ocean Spray Variety,8pk-12oz Cans,,Current variant ID,1,historical_detail_2024-11-01_to_2026-07-22,
2507,41709516357707,41709516357707,Absolut Ocean Spray Vodka Cranberry,4pk-12oz Cans,,Current variant ID,1,historical_detail_2024-11-01_to_2026-07-22,
2508,41709589987403,41709589987403,Andre Peach Bellini,750ML,,Current variant ID,1,historical_detail_2024-11-01_to_2026-07-22,
2509,41709592772683,41709592772683,Andre Strawberry Mimosa,750ML,,Current variant ID,1,historical_detail_2024-11-01_to_2026-07-22,
2510,41709598867531,41709598867531,Andre Pineapple Mimosa,750ML,98751,Current variant ID,1,historical_detail_2024-11-01_to_2026-07-22,
2512,41711574024267,41711574024267,Good Boy Vodka Lemonade Variety Pack,8pk-12oz Cans,,Current variant ID,1,historical_detail_2024-11-01_to_2026-07-22,
2513,41711575138379,41711575138379,Brightside Vibes Crush Tailgate Variety Pack,8pk-12oz Cans,,Current variant ID,1,historical_detail_2024-11-01_to_2026-07-22,
2514,41711665545291,41711665545291,The Seeker Pinot Noir,750ML,,Current variant ID,1,historical_detail_2024-11-01_to_2026-07-22,
2515,41711672262731,41711672262731,Dirty Monkey Peanut Butter Banana Whiskey,750ML,,Current variant ID,1,historical_detail_2024-11-01_to_2026-07-22,
2516,41712794959947,41712794959947,Hartman's Iced Tea Peach,4pk-12oz Cans,,Current variant ID,1,historical_detail_2024-11-01_to_2026-07-22,
2517,41712796008523,41712796008523,Hartman's Non-Carbonated Variety,8pk-12oz Cans,,Current variant ID,1,historical_detail_2024-11-01_to_2026-07-22,
2518,41727013814347,41727013814347,Belvedere Dirty Brew,750ML,,Current variant ID,1,historical_detail_2024-11-01_to_2026-07-22,
2519,41727062802507,41727062802507,19 Crimes Monsters Hard Chard,750ML,,Current variant ID,1,historical_detail_2024-11-01_to_2026-07-22,
2520,41728761757771,41728761757771,Sandbagger Cransfusion,4pk-12oz Cans,,Current variant ID,1,historical_detail_2024-11-01_to_2026-07-22,
2521,42913367326795,41731918397515,Fireball Blazin Apple Whisky,750ML,,Product ID + title,0,historical_detail_2024-11-01_to_2026-07-22,
2522,41731918463051,41731918463051,Fireball Blazin Apple Whisky,50ML,,Current variant ID,1,historical_detail_2024-11-01_to_2026-07-22,
2523,41735100891211,41735100891211,1000 Stories Zinfandel Bourbon Barrel Aged,750ML,,Current variant ID,1,historical_detail_2024-11-01_to_2026-07-22,
2524,41735105904715,41735105904715,1000 Stories High Alc Cabernet Sauvignon,750ML,,Current variant ID,1,historical_detail_2024-11-01_to_2026-07-22,
2525,41745991761995,41745991761995,Wild Turkey Straight Bourbon 8 Yr 101,750ML,,Current variant ID,1,historical_detail_2024-11-01_to_2026-07-22,
2526,41745998446667,41745998446667,Cutwater Rum Mint Mojito,4pk-12oz Cans,,Current variant ID,1,historical_detail_2024-11-01_to_2026-07-22,
2527,41747507675211,41747507675211,Weller Antique 107,750ML,,Current variant ID,1,historical_detail_2024-11-01_to_2026-07-22,
2528,41754251657291,41754251657291,Southern Tier Buffalo Blue Blue Raspberry Vodka,750ML,,Current variant ID,1,historical_detail_2024-11-01_to_2026-07-22,
2529,41766653689931,41766653689931,On The Rocks Lemon Drop Martini,750ML,,Current variant ID,1,historical_detail_2024-11-01_to_2026-07-22,
2530,42913367130187,41766653722699,On The Rocks Lemon Drop Martini,375ML,,Product ID + title,0,historical_detail_2024-11-01_to_2026-07-22,
2531,41766662209611,41766662209611,Crown Royal Chocolate,750ML,,Current variant ID,1,historical_detail_2024-11-01_to_2026-07-22,
2532,41766685802571,41766685802571,Domaine Dupeuble Beaujolais Nouveau,750ML,,Current variant ID,1,historical_detail_2024-11-01_to_2026-07-22,
2533,41773466157131,41773466157131,Dewar's 8 Year French Smooth Blended,750ML,,Current variant ID,1,historical_detail_2024-11-01_to_2026-07-22,
2534,41773486342219,41773486342219,Casamigos Margarita Variety Pack,8pk-200ML Cans,,Current variant ID,1,historical_detail_2024-11-01_to_2026-07-22,
2535,41778289606731,41778289606731,Casal Garcia Vinho Verde White Blend,750ML,,Current variant ID,1,historical_detail_2024-11-01_to_2026-07-22,
2536,41778297864267,41778297864267,Bird Dog Blackberry Whiskey,750ML,,Current variant ID,1,historical_detail_2024-11-01_to_2026-07-22,
2537,41778303795275,41778303795275,Beginning Skin Fermented Natural Vino Bianco,750ML,,Current variant ID,1,historical_detail_2024-11-01_to_2026-07-22,
2538,41778307235915,41778307235915,Tip Top Espresso Martini,100ML,,Current variant ID,1,historical_detail_2024-11-01_to_2026-07-22,
2539,41778310283339,41778310283339,Tip Top Margarita Cocktail,100ML,,Current variant ID,1,historical_detail_2024-11-01_to_2026-07-22,
2540,41778313003083,41778313003083,Tip Top Old Fashioned,100ML,,Current variant ID,1,historical_detail_2024-11-01_to_2026-07-22,
2541,41793571782731,41793571782731,Frank August Small Batch Bourbon,750ML,,Current variant ID,1,historical_detail_2024-11-01_to_2026-07-22,
2542,42913366900811,41793595801675,Parrot Bay Coconut,1.75L,,Product ID + title,0,historical_detail_2024-11-01_to_2026-07-22,
2543,41813491220555,41813491220555,Parrot Bay Coconut,50ML,,Current variant ID,1,historical_detail_2024-11-01_to_2026-07-22,
2544,41793656750155,41793656750155,Whip Shots Caramel Vodka Infused Whipped Cream,200ML,,Current variant ID,1,historical_detail_2024-11-01_to_2026-07-22,
2545,41793658847307,41793658847307,Whip Shots Vanilla Vodka Infused Whipped Cream,200ML,,Current variant ID,1,historical_detail_2024-11-01_to_2026-07-22,
2546,41799274201163,41799274201163,Chateau du Bois Coteaux Bourguinnons,750ML,,Current variant ID,1,historical_detail_2024-11-01_to_2026-07-22,
2547,41799279804491,41799279804491,Still Austin Bottled in Bond Rye Whiskey,750ML,,Current variant ID,1,historical_detail_2024-11-01_to_2026-07-22,
2548,41813282685003,41813282685003,Upstate Vodka,750ML,,Current variant ID,1,historical_detail_2024-11-01_to_2026-07-22,
2549,41813283340363,41813283340363,Upstate Cinnamon Vodka,750ML,,Current variant ID,1,historical_detail_2024-11-01_to_2026-07-22,
2550,41813287731275,41813287731275,Upstate Brandy Maple,750ML,,Current variant ID,1,historical_detail_2024-11-01_to_2026-07-22,
2551,41813368635467,41813368635467,Cointreau Citrus Spritz Orange and Blood Orange,750ML,,Current variant ID,1,historical_detail_2024-11-01_to_2026-07-22,
2552,41813368701003,41813368701003,Cointreau Citrus Spritz Lemon and Lime,750ML,,Current variant ID,1,historical_detail_2024-11-01_to_2026-07-22,
2553,41813486436427,41813486436427,Killr Kck Sour Watermelon Vodka,50ML,,Current variant ID,1,historical_detail_2024-11-01_to_2026-07-22,
2554,41813487255627,41813487255627,Killr Kck Squeezed Lime Vodka,50ML,,Current variant ID,1,historical_detail_2024-11-01_to_2026-07-22,
2555,41813526675531,41813526675531,Captain Morgan Pineapple Rum,50ML,,Current variant ID,1,historical_detail_2024-11-01_to_2026-07-22,
2556,41813530083403,41813530083403,Captain Morgan Sweet Chili Lime Citrus Rum,50ML,,Current variant ID,1,historical_detail_2024-11-01_to_2026-07-22,
2557,41829001003083,41829001003083,Slow & Low Rock & Rye Whiskey Cans,100ML,,Current variant ID,1,historical_detail_2024-11-01_to_2026-07-22,
2558,41836504350795,41836504350795,La Marca Prosecco Demi Sec,750ML,,Current variant ID,1,historical_detail_2024-11-01_to_2026-07-22,
2559,41889587560523,41889587560523,Simi Pinot Noir Sonoma,750ML,,Current variant ID,1,historical_detail_2024-11-01_to_2026-07-22,
2560,41889587593291,41889587593291,Weller 12 Year Bourbon,750ML,,Current variant ID,1,historical_detail_2024-11-01_to_2026-07-22,
2561,41889587757131,41889587757131,Mionetto Prosecco Brut,750ML,,Current variant ID,1,historical_detail_2024-11-01_to_2026-07-22,
2562,41889587986507,41889587986507,Freixenet Cordon Negro Brut,750ML,,Current variant ID,1,historical_detail_2024-11-01_to_2026-07-22,
2563,41889588248651,41889588248651,Segura Viudas Brut Reserva Cava,750ML,,Current variant ID,1,historical_detail_2024-11-01_to_2026-07-22,
2564,41889588609099,41889588609099,Segura Viudas Icon Brut Cava,750ML,,Current variant ID,1,historical_detail_2024-11-01_to_2026-07-22,
2565,41889589526603,41889589526603,Luc Belaire Luxe Brut,750ML,,Current variant ID,1,historical_detail_2024-11-01_to_2026-07-22,
2566,41889589755979,41889589755979,Luc Belaire Rose,750ML,,Current variant ID,1,historical_detail_2024-11-01_to_2026-07-22,
2567,41889590050891,41889590050891,Luc Belaire Luxe Rose,750ML,,Current variant ID,1,historical_detail_2024-11-01_to_2026-07-22,
2568,41909539930187,41909539930187,Taylor Sherry Dry,750ML,,Current variant ID,1,historical_detail_2024-11-01_to_2026-07-22,
2569,41914395230283,41914395230283,Penelope Cocktails Apple Cinnamon Old Fashioned,750ML,,Current variant ID,1,historical_detail_2024-11-01_to_2026-07-22,
2570,41919180341323,41919180341323,Paul John Nirvana whisky,750ML,,Current variant ID,1,historical_detail_2024-11-01_to_2026-07-22,
2571,41924916379723,41924916379723,Glenlivet 12 Year Single Malt Scotch,750ML,,Current variant ID,1,historical_detail_2024-11-01_to_2026-07-22,
2572,41925360877643,41925360877643,Redbreast 12 Yr Irish Whiskey,750ML,,Current variant ID,1,historical_detail_2024-11-01_to_2026-07-22,
2573,41926938755147,41926938755147,Bartenura Blueberry Moscato,4pk-250ML Cans,,Current variant ID,1,historical_detail_2024-11-01_to_2026-07-22,
2574,41926958776395,41926958776395,Bartenura Orange Mimosa,4pk-250ML Cans,,Current variant ID,1,historical_detail_2024-11-01_to_2026-07-22,
2575,41926959136843,41926959136843,Bartenura Peach Bellini,4PK 250ML Cans,,Current variant ID,1,historical_detail_2024-11-01_to_2026-07-22,
2576,41929368043595,41929368043595,Method California Cabernet Sauvignon,750ML,,Current variant ID,1,historical_detail_2024-11-01_to_2026-07-22,
2577,41929493250123,41929493250123,Josh Cellars Family Reserve Cabernet Sauvignon North Coast,750ML,,Current variant ID,1,historical_detail_2024-11-01_to_2026-07-22,
2578,41939852427339,41939852427339,G H Mumm Grand Cordon Brut Champagne,750ML,,Current variant ID,1,historical_detail_2024-11-01_to_2026-07-22,
2579,41956019241035,41956019241035,Carpano Dry Vermouth,750ML,,Current variant ID,1,historical_detail_2024-11-01_to_2026-07-22,
2580,41956033888331,41956033888331,Tullamore D.E.W. Honey,750ML,,Current variant ID,1,historical_detail_2024-11-01_to_2026-07-22,
2581,42913366409291,41957450678347,Martini & Rossi Asti,1.5L,,Product ID + title,0,historical_detail_2024-11-01_to_2026-07-22,
2582,42913366376523,41957450645579,Martini & Rossi Asti,750ML,,Product ID + title,0,historical_detail_2024-11-01_to_2026-07-22,
2583,41957450612811,41957450612811,Martini & Rossi Asti,375ML,,Current variant ID,1,historical_detail_2024-11-01_to_2026-07-22,
2584,41957459230795,41957459230795,Stella Rosa Prosecco Rose,750ML,,Current variant ID,1,historical_detail_2024-11-01_to_2026-07-22,
2585,41971342803019,41971342803019,Josh Pinot Grigio,750ML,,Current variant ID,1,historical_detail_2024-11-01_to_2026-07-22,
2586,41971366789195,41971366789195,Chateau Ste Michelle Chardonnay,750ML,,Current variant ID,1,historical_detail_2024-11-01_to_2026-07-22,
2587,41971374096459,41971374096459,Chateau Ste Michelle Riesling Dry,750ML,,Current variant ID,1,historical_detail_2024-11-01_to_2026-07-22,
2588,41971384516683,41971384516683,Chateau Ste Michelle Pinot Gris,750ML,,Current variant ID,1,historical_detail_2024-11-01_to_2026-07-22,
2589,41971392217163,41971392217163,Chateau Ste Michelle Riesling Harvest,750ML,,Current variant ID,1,historical_detail_2024-11-01_to_2026-07-22,
2590,41971397689419,41971397689419,Chateau Ste Michelle Columbia Valley Rose,750ML,,Current variant ID,1,historical_detail_2024-11-01_to_2026-07-22,
2591,41971506118731,41971506118731,Casillero del Diablo Malbec,750ML,,Current variant ID,1,historical_detail_2024-11-01_to_2026-07-22,
2592,41971533643851,41971533643851,Juggernaut Red Blend,750ML,,Current variant ID,1,historical_detail_2024-11-01_to_2026-07-22,
2593,41975669948491,41975669948491,Green Spot Irish Whiskey,750ML,,Current variant ID,1,historical_detail_2024-11-01_to_2026-07-22,
2594,41975670046795,41975670046795,Yellow Spot Irish Whiskey,750ML,,Current variant ID,1,historical_detail_2024-11-01_to_2026-07-22,
2595,41975672340555,41975672340555,Rabbit Hole Heigold Kentucky Straight Bourbon,750ML,,Current variant ID,1,historical_detail_2024-11-01_to_2026-07-22,
2596,41975673159755,41975673159755,Rabbit Hole Dareringer Sherry Cask Bourbon,750ML,,Current variant ID,1,historical_detail_2024-11-01_to_2026-07-22,
2597,41975846469707,41975846469707,Drumshanbo Irish Whiskey,750ML,,Current variant ID,1,historical_detail_2024-11-01_to_2026-07-22,
2598,41977682624587,41977682624587,Cutwater Mango Margarita,4pk-12oz Cans,,Current variant ID,1,historical_detail_2024-11-01_to_2026-07-22,
2599,41980676997195,41980676997195,Benchmark Egg Nog Bourbon,750ML,,Current variant ID,1,historical_detail_2024-11-01_to_2026-07-22,
2600,41980677062731,41980677062731,Raeburn Chardonnay,750ML,,Current variant ID,1,historical_detail_2024-11-01_to_2026-07-22,
2601,41980920234059,41980920234059,Smirnoff Spicy Tamarind Vodka,750ML,,Current variant ID,1,historical_detail_2024-11-01_to_2026-07-22,
2602,41980923052107,41980923052107,Bogle Pinot Grigio,750ML,,Current variant ID,1,historical_detail_2024-11-01_to_2026-07-22,
2603,41980972171339,41980972171339,Josh Cellars Seaswept,750ML,,Current variant ID,1,historical_detail_2024-11-01_to_2026-07-22,
2604,41982335320139,41982335320139,Sea Glass Pinot Grigio,750ML,,Current variant ID,1,historical_detail_2024-11-01_to_2026-07-22,
2605,41982448894027,41982448894027,Juggernaut Chardonnay,750ML,,Current variant ID,1,historical_detail_2024-11-01_to_2026-07-22,
2606,41983082922059,41983082922059,St Cosme Cotes du Rhone,750ML,,Current variant ID,1,historical_detail_2024-11-01_to_2026-07-22,
2607,41983099404363,41983099404363,Fortaleza Blanco Tequila,750ML,,Current variant ID,1,historical_detail_2024-11-01_to_2026-07-22,
2608,41989416026187,41989416026187,Ryan's Irish Style Cream Liqueur,1L,,Current variant ID,1,historical_detail_2024-11-01_to_2026-07-22,
2609,42913365819467,41989416058955,Ryan's Irish Style Cream Liqueur,1.75L,,Product ID + title,0,historical_detail_2024-11-01_to_2026-07-22,
2610,41989418483787,41989418483787,Justin Cabernet Sauvignon Paso Robles,750ML,,Current variant ID,1,historical_detail_2024-11-01_to_2026-07-22,
2611,41989420286027,41989420286027,Redemption Bourbon Whiskey,750ML,,Current variant ID,1,historical_detail_2024-11-01_to_2026-07-22,
2612,41989420482635,41989420482635,Redemption High Rye Bourbon,750ML,,Current variant ID,1,historical_detail_2024-11-01_to_2026-07-22,
2613,41989421695051,41989421695051,Redemption Rye,750ML,,Current variant ID,1,historical_detail_2024-11-01_to_2026-07-22,
2614,41989423104075,41989423104075,Bib & Tucker Double Char Bourbon,750ML,,Current variant ID,1,historical_detail_2024-11-01_to_2026-07-22,
2615,41989425004619,41989425004619,Bib & Tucker 6 Year Bourbon,750ML,,Current variant ID,1,historical_detail_2024-11-01_to_2026-07-22,
2616,42017627045963,42017627045963,Angel Lime Margarita,4pk-12oz Cans,,Current variant ID,1,historical_detail_2024-11-01_to_2026-07-22,
2617,42018460631115,42018460631115,Crown Royal Marquis,750ML,,Current variant ID,1,historical_detail_2024-11-01_to_2026-07-22,
2618,42026682515531,42026682515531,Mafia Blackberry Lemonade Cans,4pk-12oz Cans,,Current variant ID,1,historical_detail_2024-11-01_to_2026-07-22,
2619,42031372828747,42031372828747,XXL Strawberry & Grapes,750ML,,Current variant ID,1,historical_detail_2024-11-01_to_2026-07-22,
2620,42031372828747,42031372828747,XXL Strawberry & Grapes Wine,750ML,,Current variant ID,1,historical_detail_2024-11-01_to_2026-07-22,
2621,42031374172235,42031374172235,XXL Moscato,750ML,,Current variant ID,1,historical_detail_2024-11-01_to_2026-07-22,
2622,42035918438475,42035918438475,Freixenet Prosecco Rose,200ML,,Current variant ID,1,historical_detail_2024-11-01_to_2026-07-22,
2623,42133852618827,42133852618827,Angel's Envy Triple Oak Bourbon,750ML,,Current variant ID,1,historical_detail_2024-11-01_to_2026-07-22,
2624,42138337607755,42138337607755,Absolut Tabasco,1L,,Current variant ID,1,historical_detail_2024-11-01_to_2026-07-22,
2625,42154963173451,42154963173451,Valdinera Nebbiolo d'Alba,750ML,,Current variant ID,1,historical_detail_2024-11-01_to_2026-07-22,
2626,42154999677003,42154999677003,Il Poggiolo Chianti,750ML,,Current variant ID,1,historical_detail_2024-11-01_to_2026-07-22,
2627,42164812841035,42164812841035,Jack Daniels Single Barrel Heritage Barrel,750ML,,Current variant ID,1,historical_detail_2024-11-01_to_2026-07-22,
2628,42214034767947,42214034767947,Barone Fini Pinot Grigio,750ML,,Current variant ID,1,historical_detail_2024-11-01_to_2026-07-22,
2629,42214102925387,42214102925387,FitVine Cabernet Sauvignon,750ML,,Current variant ID,1,historical_detail_2024-11-01_to_2026-07-22,
2630,42215412760651,42215412760651,Ribertinelo Moscato,750ML,,Current variant ID,1,historical_detail_2024-11-01_to_2026-07-22,
2631,42913365327947,42236776480843,Casamigos Classic Lime Margarita,750ML,,Product ID + title,0,historical_detail_2024-11-01_to_2026-07-22,
2632,42236776448075,42236776448075,Casamigos Classic Lime Margarita,375ML,,Current variant ID,1,historical_detail_2024-11-01_to_2026-07-22,
2633,42913365229643,42236777594955,Casamigos Spicy Margarita,750ML,,Product ID + title,0,historical_detail_2024-11-01_to_2026-07-22,
2634,42236777562187,42236777562187,Casamigos Spicy Margarita,375ML,,Current variant ID,1,historical_detail_2024-11-01_to_2026-07-22,
2635,42237039411275,42237039411275,Domaine Bousquet Virgen Red Blend,750ML,,Current variant ID,1,historical_detail_2024-11-01_to_2026-07-22,
2636,42245803901003,42245803901003,Domaine Bousquet Reserve Pinot Noir,750ML,,Current variant ID,1,historical_detail_2024-11-01_to_2026-07-22,
2637,42250379395147,42250379395147,Still Austin Single Barrel Bourbon,750ML,,Current variant ID,1,historical_detail_2024-11-01_to_2026-07-22,
2638,42268453535819,42268453535819,Surfside Half & Half Variety Pack,8pk-12oz Cans,,Current variant ID,1,historical_detail_2024-11-01_to_2026-07-22,
2639,42268765421643,42268765421643,Ecco Domani 90 Calories Pinot Grigio,750ML,,Current variant ID,1,historical_detail_2024-11-01_to_2026-07-22,
2640,42289639686219,42289639686219,Recipe 21 Tequila,1L,,Current variant ID,1,historical_detail_2024-11-01_to_2026-07-22,
2641,42913365098571,42289639653451,Recipe 21 Tequila,1.75L,,Product ID + title,0,historical_detail_2024-11-01_to_2026-07-22,
2642,42289674584139,42289674584139,On The Rocks Strawberry Daiquiri,375ML,,Current variant ID,1,historical_detail_2024-11-01_to_2026-07-22,
2643,42289677402187,42289677402187,On the Rocks Blue Hawaiian,375ML,,Current variant ID,1,historical_detail_2024-11-01_to_2026-07-22,
2644,42289679007819,42289679007819,On The Rocks Whiskey Sour,375ML,,Current variant ID,1,historical_detail_2024-11-01_to_2026-07-22,
2645,42289681268811,42289681268811,On The Rocks Jalapeno Pineapple Margarita,375ML,,Current variant ID,1,historical_detail_2024-11-01_to_2026-07-22,
2646,42299424637003,42299424637003,Willett Small Batch Cask Strength Bourbon,750ML,,Current variant ID,1,historical_detail_2024-11-01_to_2026-07-22,
2647,42337333575755,42337333575755,Sea Glass Sauvignon Blanc,750ML,,Current variant ID,1,historical_detail_2024-11-01_to_2026-07-22,
2648,42337333575755,42337333575755,Seaglass Sauvignon Blanc,750ML,,Current variant ID,1,historical_detail_2024-11-01_to_2026-07-22,
2649,42337335115851,42337335115851,Kris Pinot Grigio,750ML,,Current variant ID,1,historical_detail_2024-11-01_to_2026-07-22,
2650,42337344159819,42337344159819,Charles Smith Kung Fu Girl Riesling,750ML,,Current variant ID,1,historical_detail_2024-11-01_to_2026-07-22,
2651,42356874838091,42356874838091,Have a Day Tequila Sparkling Variety,8pk-12oz Cans,,Current variant ID,1,historical_detail_2024-11-01_to_2026-07-22,
2652,42356897546315,42356897546315,Lucky One Vodka Iced Tea Variety Pack,8pk-12oz Cans,,Current variant ID,1,historical_detail_2024-11-01_to_2026-07-22,
2653,42356900724811,42356900724811,Hendrick's Another Gin,750ML,,Current variant ID,1,historical_detail_2024-11-01_to_2026-07-22,
2654,42356906098763,42356906098763,Chateau Ste Michelle Riesling,750ML,,Current variant ID,1,historical_detail_2024-11-01_to_2026-07-22,
2655,42356909932619,42356909932619,Tanqueray No. Ten London Dry Gin,1L,,Current variant ID,1,historical_detail_2024-11-01_to_2026-07-22,
2656,42370147713099,42370147713099,Super Lyte Vodka + Ade Variety Pack,8pk-12oz Cans,,Current variant ID,1,historical_detail_2024-11-01_to_2026-07-22,
2657,42370353365067,42370353365067,Codigo 1530 Tequila Reposado,750ML,,Current variant ID,1,historical_detail_2024-11-01_to_2026-07-22,
2658,42373944541259,42373944541259,Stella Rosa Green Apple,750ML,,Current variant ID,1,historical_detail_2024-11-01_to_2026-07-22,
2659,42373944639563,42373944639563,Stella Rosa Strawberry Rose,750ML,,Current variant ID,1,historical_detail_2024-11-01_to_2026-07-22,
2660,42373944672331,42373944672331,Stella Rosa Golden Honey Peach,750ML,,Current variant ID,1,historical_detail_2024-11-01_to_2026-07-22,
2661,42376689320011,42376689320011,Goldeneye Brut Rosé,750ML,,Current variant ID,1,historical_detail_2024-11-01_to_2026-07-22,
2662,42383378808907,42383378808907,McQueen and the Violet Fog Gin,750ML,,Current variant ID,1,historical_detail_2024-11-01_to_2026-07-22,
2663,42401224589387,42401224589387,Dillon's Gin Cocktail Variety Pack,8pk-12oz Cans,,Current variant ID,1,historical_detail_2024-11-01_to_2026-07-22,
2664,42401245691979,42401245691979,Glenlivet French Oak 15 Year Single Malt,750ML,,Current variant ID,1,historical_detail_2024-11-01_to_2026-07-22,
2665,42426940555339,42426940555339,Yes Way Rose,750ML,,Current variant ID,1,historical_detail_2024-11-01_to_2026-07-22,
2666,42502523060299,42502523060299,High Noon Hard Seltzer Tangerine,4pk-12oz Cans,,Current variant ID,1,historical_detail_2024-11-01_to_2026-07-22,
2667,42509644103755,42509644103755,Hennessy VS cocktails Henny Iced Tea,375ML,,Current variant ID,1,historical_detail_2024-11-01_to_2026-07-22,
2668,42548575600715,42548575600715,Bird Dog Select Reserve Kentucky Straight Bourbon,750ML,,Current variant ID,1,historical_detail_2024-11-01_to_2026-07-22,
2669,42556417638475,42556417638475,Owls Brew Chelsea Vodka Lemonade,8PK 12OZ,,Current variant ID,1,historical_detail_2024-11-01_to_2026-07-22,
2670,42635629854795,42635629854795,Crown Royal Salted Caramel,750ML,,Current variant ID,1,historical_detail_2024-11-01_to_2026-07-22,
2671,42637284147275,42637284147275,Drop of Sunshine Red Blend,750ML,,Current variant ID,1,historical_detail_2024-11-01_to_2026-07-22,
2672,42637372096587,42637372096587,Martin Codax Albarino Spanish White Wine,750ML,,Current variant ID,1,historical_detail_2024-11-01_to_2026-07-22,
2673,42693225578571,42693225578571,Svedka Water Variety Pack,8pk-12oz Cans,,Current variant ID,1,historical_detail_2024-11-01_to_2026-07-22,
2674,42693225873483,42693225873483,Aperol Spritz,4pk-200ML Cans,,Current variant ID,1,historical_detail_2024-11-01_to_2026-07-22,
2675,42701518995531,42701518995531,Vanderpump Rose,750ML,,Current variant ID,1,historical_detail_2024-11-01_to_2026-07-22,
2676,42913592377419,42913592377419,Owls Brew Rum Mojito,4pk-12oz Cans,,Current variant ID,1,historical_detail_2024-11-01_to_2026-07-22,
2677,42714439811147,42714439811147,Dezzani Barbera D’ Asti,750ML,,Current variant ID,1,historical_detail_2024-11-01_to_2026-07-22,
2678,42714450329675,42714450329675,Polini Dubai Style Chocolate Cream,700ML,,Current variant ID,1,historical_detail_2024-11-01_to_2026-07-22,
2679,42714452983883,42714452983883,Limoncello Parini,750ML,,Current variant ID,1,historical_detail_2024-11-01_to_2026-07-22,
2680,42714461208651,42714461208651,Manga Junmai Ginjo Sake,750ML,,Current variant ID,1,historical_detail_2024-11-01_to_2026-07-22,
2681,42714466680907,42714466680907,Chateau la Caussade Bordeaux,750ML,,Current variant ID,1,historical_detail_2024-11-01_to_2026-07-22,
2682,42714468352075,42714468352075,The Little Sheep of New Zealand Sauvignon Blanc,750ML,,Current variant ID,1,historical_detail_2024-11-01_to_2026-07-22,
2683,42762455318603,42762455318603,'-196 Vodka Crush Variety Cocktail,8pk-12oz Cans,,Current variant ID,1,historical_detail_2024-11-01_to_2026-07-22,
2684,42762587897931,42762587897931,-196 Vodka Seltzer,8pk-12oz Cans,,Current variant ID,1,historical_detail_2024-11-01_to_2026-07-22,
2685,42892517474379,42892517474379,Beatbox Cranberry Dreams,500ML,,Current variant ID,1,historical_detail_2024-11-01_to_2026-07-22,
2686,42892521046091,42892521046091,BeatBox Lemon Tea,500ML,,Current variant ID,1,historical_detail_2024-11-01_to_2026-07-22,
2687,42892525109323,42892525109323,BeatBox Cherry Limeade,500ML,,Current variant ID,1,historical_detail_2024-11-01_to_2026-07-22,
2689,41154906259531,41154906259531,Ardbeg Scotch Uigeadail,750ML,9033836,Current title + variant,1,current_variant_master,
2717,41154950824011,41154950824011,Faber Distilling Raspberry Schnapps Liqueur - Premium Fruit Liqueur,750ML,,Current title + variant,1,current_variant_master,
2718,41154950856779,41154950856779,Faber Distilling Vanilla Flavored Vodka,750ML,,Current title + variant,1,current_variant_master,
2765,41156898717771,41156898717771,Argento Malbec White,750ML,,Current title + variant,1,current_variant_master,
2793,41156899897419,41156899897419,Breckenridge PX Cask Finish Bourbon,750ML,,Current title + variant,1,current_variant_master,
2794,41156899930187,41156899930187,Breckenridge Rum Cask Finish Bourbon,750ML,,Current title + variant,1,current_variant_master,
2881,41156903731275,41156903731275,The Macallan Double Cask 18 Year Old,750ML,,Current title + variant,1,current_variant_master,
2904,41157195825227,41157195825227,Absolut Lime,50ML,,Current title + variant,1,current_variant_master,
2908,41157196185675,41157196185675,Absolut Wild Berri,50ML,,Current title + variant,1,current_variant_master,
2934,41157200838731,41157200838731,BuzzBallz Eggnog Cocktails,200ML,,Current title + variant,1,current_variant_master,
2944,41157201625163,41157201625163,Christian Brothers Honey,50ML,,Current title + variant,1,current_variant_master,
2967,41157203591243,41157203591243,Don Julio 1942 Tequila,750ML,,Current title + variant,1,current_variant_master,
2972,41157204279371,41157204279371,Espolon Anejo Tequila,1L,,Current title + variant,1,current_variant_master,
2992,41157205983307,41157205983307,Heaven Hill Grain to Glass Kentucky Straight Bourbon,700ML,,Current title + variant,1,current_variant_master,
3039,41157209948235,41157209948235,Nelson's Green Brier Tennessee Whiskey,750ML,,Current title + variant,1,current_variant_master,
3050,41157210406987,41157210406987,Patron Reposado El Alto Tequila,750ML,,Current title + variant,1,current_variant_master,
3063,41157211783243,41157211783243,Smirnoff Citrus,50ML,,Current title + variant,1,current_variant_master,
3180,41157278171211,41157278171211,Horse Soldier Reserve Barrel Strength,750ML,,Current title + variant,1,current_variant_master,
3194,41157278957643,41157278957643,Manischewitz Blackberry Kosher,1.5L,9044807,Current title + variant,1,current_variant_master,
3201,41157279318091,41157279318091,New Amsterdam Grapefruit,1.75L,3002357,Current title + variant,1,current_variant_master,
3237,41157281873995,41157281873995,Tequila Komos Anejo Cristalino,750ML,3011513,Current title + variant,1,current_variant_master,
3239,41157281972299,41157281972299,The Dalmore 15 Year Old,750ML,,Current title + variant,1,current_variant_master,
3240,41157282005067,41157282005067,The Dalmore 18Yrs 2023 Edition Highland Single Malt,750ML,,Current title + variant,1,current_variant_master,
3253,41157548113995,41157548113995,1800 Tequila Cristalino,750ML,3004794,Current title + variant,1,current_variant_master,
3259,41157548572747,41157548572747,Bardstown Finished In Silver Oak Cabernet Barrels Straight,750ML,3015957,Current title + variant,1,current_variant_master,
3260,41157548605515,41157548605515,Bardstown Goose Island Kentucky Straight,750ML,3014129,Current title + variant,1,current_variant_master,
3305,41157552341067,41157552341067,Clase Azul Gold,750ML,3005589,Current title + variant,1,current_variant_master,
3306,41157552406603,41157552406603,Clase Azul Guerrero,750ML,3007687,Current title + variant,1,current_variant_master,
3319,41157553717323,41157553717323,Doc Holliday 10Yrs Straight Bourbon,750ML,3016101,Current title + variant,1,current_variant_master,
3327,41157554438219,41157554438219,Garrison Brothers Honey Dew Straight,750ML,3015562,Current title + variant,1,current_variant_master,
3328,41157554503755,41157554503755,Garrison Brothers Single Barrel Bourbon,750ML,3015612,Current title + variant,1,current_variant_master,
3329,41157554536523,41157554536523,Garrison Brothers Small Batch Texas Bourbon,750ML,3015557,Current title + variant,1,current_variant_master,
3331,41157554765899,41157554765899,Glenfiddich 15Yrs Solera Single Malt,750ML,9008603,Current title + variant,1,current_variant_master,
3333,41157554864203,41157554864203,Glenfiddich 21Yrs Gran Reserva,750ML,9006649,Current title + variant,1,current_variant_master,
3335,41157555060811,41157555060811,Great Jones Rye Bourbon,750ML,3008571,Current title + variant,1,current_variant_master,
3368,41157557878859,41157557878859,Milam & Greene BInB Small Batch Straight,750ML,3015419,Current title + variant,1,current_variant_master,
3385,41157559451723,41157559451723,Raynal VSOP Rare Old French Brandy,1.75L,9019465,Current title + variant,1,current_variant_master,
3387,41157559582795,41157559582795,REI Bushido Series Japanese Whiskey,750ML,3005329,Current title + variant,1,current_variant_master,
3392,41157560008779,41157560008779,Sailor Jerry Spiced Rum,1.75L,9001703,Current title + variant,1,current_variant_master,
3410,41157561745483,41157561745483,The Balvenie PortWood 21 Year Old Single Malt Scotch Whisky,750ML,9083417,Current title + variant,1,current_variant_master,
3440,41157727846475,41157727846475,Fairbanks White Port,1.5L,1230127,Current title + variant,1,current_variant_master,
3463,41157730107467,41157730107467,Marie Brizard Parfait Amour Liqueur,750ML,9151862,Current title + variant,1,current_variant_master,
3518,41171024707659,41171024707659,Hennessy VSOP,1.75L,9002483,Current title + variant,1,current_variant_master,
3522,41171025166411,41171025166411,Volcan Tequila Blanco Tahona,750ML,3015602,Current title + variant,1,current_variant_master,
3537,41174290071627,41174290071627,Wine Stopper,Default Title,,Current title + variant,1,current_variant_master,
3538,41174294397003,41174294397003,Corkscrew/Wine key,Default Title,,Current title + variant,1,current_variant_master,
3539,41174294691915,41174294691915,Champagne Stopper,Default Title,,Current title + variant,1,current_variant_master,
3541,41177526206539,41177526206539,Angel's Envy Private Selection,750ML,623746 ?,Current title + variant,1,current_variant_master,
3547,41177527222347,41177527222347,J&B Blended Scotch,1.75L,26120,Current title + variant,1,current_variant_master,
3550,41177527484491,41177527484491,Larceny Barrel Proof 125.1 (c924),750ML,644474,Current title + variant,1,current_variant_master,
3551,41177527517259,41177527517259,Larceny Barrel Proof 125.4 (b524),750ML,628625,Current title + variant,1,current_variant_master,
3552,41177527550027,41177527550027,Little Book The Infinite Edition 1 2024,750ML,640751,Current title + variant,1,current_variant_master,
3559,41177529319499,41177529319499,Wild Turkey Jimmy Russell 70th Release 8 YR,750ML,639558,Current title + variant,1,current_variant_master,
3565,41178335215691,41178335215691,Ben Holladay Rickhouse,750ML,3015169,Current title + variant,1,current_variant_master,
3568,41178335477835,41178335477835,Woodford Reserve Master,700ML,3016596,Current title + variant,1,current_variant_master,
3571,41179206615115,41179206615115,Eagle Rare 10 Year Bourbon,750ML,,Current title + variant,1,current_variant_master,
3577,41181950640203,41181950640203,Baker's High-Rye 7Yr Bourbon,750ML,,Current title + variant,1,current_variant_master,
3582,41184285229131,41184285229131,Appleton Estate Signature Blend Rum,1L,,Current title + variant,1,current_variant_master,
3593,41186460958795,41186460958795,Mr Boston Creme de Cacao White,1L,,Current title + variant,1,current_variant_master,
3606,41188754948171,41188754948171,Uncle Nearest Straight Rye 100 Proof Whiskey,750ML,,Current title + variant,1,current_variant_master,
3638,41225370665035,41225370665035,Chicken Cock Chanticleer Bourbon,750ML,,Current title + variant,1,current_variant_master,
3639,41225371123787,41225371123787,Chicken Cock Cotton Club 20 Year Rye,750ML,,Current title + variant,1,current_variant_master,
3644,41237977268299,41237977268299,Penolope Bourbon Private Select 9Yrs,750ML,,Current title + variant,1,current_variant_master,
3645,41238089891915,41238089891915,Stagg Bourbon,750ML,,Current title + variant,1,current_variant_master,
3719,41318385909835,41318385909835,Absolut Mandrin,50ML,,Current title + variant,1,current_variant_master,
3727,41318440304715,41318440304715,The Dalmore 14 Year Old,750ML,,Current title + variant,1,current_variant_master,
3734,41318440927307,41318440927307,E H Taylor Straight Rye,750ML,,Current title + variant,1,current_variant_master,
3761,41394307825739,41394307825739,Angel's Envy Cask Strength Port Wine Finished Bourbon,750ML,,Current title + variant,1,current_variant_master,
3766,41420628361291,41420628361291,G4 Tequila Blanco de Madera,750ML,,Current title + variant,1,current_variant_master,
3770,41442028945483,41442028945483,Found North Batch 012 - 16 Year Cask Strength Whisky,750ML,,Current title + variant,1,current_variant_master,
3786,41477343805515,41477343805515,Dailys Pouches Margarita,10Oz,,Current title + variant,1,current_variant_master,
3795,41490606981195,41490606981195,Jefferson's Straight Rye,750ML,,Current title + variant,1,current_variant_master,
3803,41524970389579,41524970389579,Remus Babe Ruth Reserve Bourbon,750ML,,Current title + variant,1,current_variant_master,
3804,41525160214603,41525160214603,Spritz Del Conte Vermouth,750ML,,Current title + variant,1,current_variant_master,
3834,41669299863627,41669299863627,Wild Common Reposado Tequila,750ML,,Current title + variant,1,current_variant_master,
3851,41702719520843,41702719520843,Dutch Barn Orchard Vodka,700ML,,Current title + variant,1,current_variant_master,
3872,41716807761995,41716807761995,'-196 Green Tea Zero Sugar Variety Pack,8pk-12oz Cans,,Current title + variant,1,current_variant_master,
3882,41716809269323,41716809269323,High Noon Kiwi,4pk-12oz Cans,,Current title + variant,1,current_variant_master,
3885,41716809498699,41716809498699,High Noon Pear,4pk-12oz Cans,,Current title + variant,1,current_variant_master,
3886,41716809597003,41716809597003,High Noon Watermelon,4pk-12oz Cans,,Current title + variant,1,current_variant_master,
3897,41716810580043,41716810580043,High Noon Variety,12pk-12oz Cans,3004690,Current title + variant,1,current_variant_master,
3899,41716810842187,41716810842187,High Noon Pineapple,4pk-12oz Cans,3002911,Current title + variant,1,current_variant_master,
3900,41716810874955,41716810874955,High Noon Peach,4pk-12oz Cans,3005353,Current title + variant,1,current_variant_master,
3901,41716810907723,41716810907723,High Noon Passion Fruit,4pk-12oz Cans,3007472,Current title + variant,1,current_variant_master,
3902,41716810940491,41716810940491,High Noon Mango,4pk-12oz Cans,3007471,Current title + variant,1,current_variant_master,
3903,41716812939339,41716812939339,High Noon Lime,4pk-12oz Cans,3005352,Current title + variant,1,current_variant_master,
3904,41716812972107,41716812972107,High Noon Lemon,4pk-12oz Cans,3010387,Current title + variant,1,current_variant_master,
3905,41716813004875,41716813004875,High Noon Grapefruit,4pk-12oz Cans,3002910,Current title + variant,1,current_variant_master,
3906,41716813037643,41716813037643,High Noon Black Cherry,4pk-12oz Cans,3002909,Current title + variant,1,current_variant_master,
3907,41716813103179,41716813103179,Fishers Island Lemonade 8 Pack,8pk-12oz Cans,3012839,Current title + variant,1,current_variant_master,
3908,41716813135947,41716813135947,loyal nine cocktails margarita,4pk-12oz Cans,,Current title + variant,1,current_variant_master,
3911,41716813234251,41716813234251,Loyal 9 Cocktails Classic Lemonade,4pk-12oz Cans,,Current title + variant,1,current_variant_master,
3934,41716814184523,41716814184523,Lake Hour Variety Pack,8pk-12oz Cans,,Current title + variant,1,current_variant_master,
3959,41799066157131,41799066157131,RumChata Pumpkin Spice Liqueur,750ML,,Current title + variant,1,current_variant_master,
3994,41955964387403,41955964387403,Angel Margarita Variety Pack,8pk-200ML Cans,,Current title + variant,1,current_variant_master,
4074,42409624862795,42409624862795,Espolon Extra Anejo,750ML,,Current title + variant,1,current_variant_master,
4076,42502523060299,42502523060299,High Noon Tangerine,4pk-12oz Cans,,Current title + variant,1,current_variant_master,
4077,42502664749131,42502664749131,Glenfiddich 14Yrs Bourbon Barrel,375ML,,Current title + variant,1,current_variant_master,
4082,42636109414475,42636109414475,Smoke Lab Aniseed Vodka,750ML,,Current title + variant,1,current_variant_master,
4084,42637302071371,42637302071371,Drop of Sunshine Chardonnay,750ML,,Current title + variant,1,current_variant_master,
4085,42637319798859,42637319798859,Drop of Sunshine Sparkling Rose,750ML,,Current title + variant,1,current_variant_master,
4087,42671537684555,42671537684555,Bar Water Vodka Blueberry,1L,,Current title + variant,1,current_variant_master,
4088,42692858937419,42692858937419,Minute Maid Spiked Lime Margherita,4pk-200ML Cans,,Current title + variant,1,current_variant_master,
4089,42692859527243,42692859527243,Minute Maid Spiked Vodka Punch Variety,8pk-12oz Cans,,Current title + variant,1,current_variant_master,
4097,42714461962315,42714461962315,Beyond Distilling Coconut Rum,750ML,,Current title + variant,1,current_variant_master,
4100,42733676789835,42733676789835,Crown Royal Blackberry,375ML,,Current title + variant,1,current_variant_master,
4101,42733947945035,42733947945035,Codigo 1530 Tequila Blanco,750ML,,Current title + variant,1,current_variant_master,
4103,42762587897931,42762587897931,'-196 Vodka Seltzer,8pk-12oz Cans,,Current title + variant,1,current_variant_master,
4104,42762590224459,42762590224459,'-196 strawberry vodka seltzer,4pk-12oz Cans,,Current title + variant,1,current_variant_master,
4105,42813874307147,42813874307147,Bib & Tucker Gold Roast 6 Year Old Bourbon,750ML,,Current title + variant,1,current_variant_master,
4109,42893270319179,42893270319179,Disaronno Velvet Liqueur,750ML,,Current title + variant,1,current_variant_master,
4110,42893422493771,42893422493771,Chivas Regal Blended Scotch 12 YR,375ML,,Current title + variant,1,current_variant_master,
4111,42913365098571,42913365098571,Recipe 21 Tequila,1.75L,,Current title + variant,1,current_variant_master,
4112,42913365229643,42913365229643,Casamigos Spicy Margarita,750ML,,Current title + variant,1,current_variant_master,
4113,42913365327947,42913365327947,Casamigos Classic Lime Margarita,750ML,,Current title + variant,1,current_variant_master,
4114,42913365819467,42913365819467,Ryan's Irish Style Cream Liqueur,1.75L,,Current title + variant,1,current_variant_master,
4115,42913366376523,42913366376523,Martini & Rossi Asti,750ML,,Current title + variant,1,current_variant_master,
4116,42913366409291,42913366409291,Martini & Rossi Asti,1.5L,,Current title + variant,1,current_variant_master,
4117,42913366868043,42913366868043,Parrot Bay Coconut,1L,,Current title + variant,1,current_variant_master,
4118,42913366900811,42913366900811,Parrot Bay Coconut,1.75L,,Current title + variant,1,current_variant_master,
4119,42913367130187,42913367130187,On The Rocks Lemon Drop Martini,375ML,,Current title + variant,1,current_variant_master,
4120,42913367326795,42913367326795,Fireball Blazin Apple Whisky,750ML,,Current title + variant,1,current_variant_master,
4121,42913368440907,42913368440907,Anza Silver Tequila,1L,,Current title + variant,1,current_variant_master,
4123,42913368637515,42913368637515,Barefoot Merlot,750ML,,Current title + variant,1,current_variant_master,
4124,42913368670283,42913368670283,Barefoot Merlot,1.5L,,Current title + variant,1,current_variant_master,
4125,42913368735819,42913368735819,Barefoot White Zinfandel,187ML,,Current title + variant,1,current_variant_master,
4127,42913370767435,42913370767435,Benedictine B&b Brandy Liqueur,750ML,,Current title + variant,1,current_variant_master,
4128,42913370865739,42913370865739,Baileys Cookies & Creamy Liqueur,750ML,,Current title + variant,1,current_variant_master,
4129,42913370931275,42913370931275,Baileys Coffee Toffee Cream Liqueur,750ML,,Current title + variant,1,current_variant_master,
4131,42913371390027,42913371390027,Deep Eddy Pineapple,50ML,,Current title + variant,1,current_variant_master,
4132,42913371586635,42913371586635,La Vieille Ferme Rose,3L,,Current title + variant,1,current_variant_master,
4135,42913372176459,42913372176459,Crown Royal Blackberry,750ML,,Current title + variant,1,current_variant_master,
4136,42913372602443,42913372602443,Di Amore Sambuca,375ML,,Current title + variant,1,current_variant_master,
4137,42913372831819,42913372831819,Mi Campo Reposado Tequila,750ML,,Current title + variant,1,current_variant_master,
4138,42913372897355,42913372897355,Mi Campo Blanco Tequila,750ML,,Current title + variant,1,current_variant_master,
4139,42913373028427,42913373028427,Grey Goose L'Orange Vodka,1L,,Current title + variant,1,current_variant_master,
4140,42913373126731,42913373126731,Black Velvet,750ML,,Current title + variant,1,current_variant_master,
4144,42913373749323,42913373749323,On The Rocks Espresso Martini,375ML,,Current title + variant,1,current_variant_master,
4145,42913373847627,42913373847627,On The Rocks Cosmopolitan,375ML,,Current title + variant,1,current_variant_master,
4146,42913374044235,42913374044235,Beefeater London Dry Gin,1.75L,,Current title + variant,1,current_variant_master,
4147,42913374109771,42913374109771,Appleton Estate Signature Blend Rum,750ML,,Current title + variant,1,current_variant_master,
4148,42913374470219,42913374470219,Buffalo Trace Bourbon,750ML,,Current title + variant,1,current_variant_master,
4149,42913374732363,42913374732363,Cupcake Prosecco,187ML,,Current title + variant,1,current_variant_master,
4150,42913374928971,42913374928971,Tanqueray London Dry Gin,1L,637122,Current title + variant,1,current_variant_master,
4151,42913374961739,42913374961739,Tanqueray London Dry Gin,1.75L,637123,Current title + variant,1,current_variant_master,
4152,42913375027275,42913375027275,Pinnacle Vodka,750ML,984756,Current title + variant,1,current_variant_master,
4153,42913375060043,42913375060043,Pinnacle Vodka,375ML,984754,Current title + variant,1,current_variant_master,
4154,42913375092811,42913375092811,Pinnacle Vodka,1.75L,,Current title + variant,1,current_variant_master,
4155,42913375223883,42913375223883,Martini & Rossi Vermouth Rosso,375ML,442533,Current title + variant,1,current_variant_master,
4156,42913375289419,42913375289419,Martini & Rossi Vermouth Extra Dry,375ML,,Current title + variant,1,current_variant_master,
4157,42913375322187,42913375322187,Malibu Coconut Flavored Rum,1L,33451,Current title + variant,1,current_variant_master,
4158,42913375354955,42913375354955,Malibu Coconut Flavored Rum,750ML,33452,Current title + variant,1,current_variant_master,
4159,42913375387723,42913375387723,Malibu Coconut Flavored Rum,375ML,67449,Current title + variant,1,current_variant_master,
4160,42913375420491,42913375420491,Malibu Coconut Flavored Rum,50ML,185864,Current title + variant,1,current_variant_master,
4161,42913375584331,42913375584331,Kahlua Coffee Liqueur,750ML,93175,Current title + variant,1,current_variant_master,
4162,42913375617099,42913375617099,Kahlua Coffee Liqueur,375ML,93176,Current title + variant,1,current_variant_master,
4163,42913375649867,42913375649867,Kahlua Coffee Liqueur,50ML,617068,Current title + variant,1,current_variant_master,
4164,42913375715403,42913375715403,J&B Blended Scotch,1L,18676,Current title + variant,1,current_variant_master,
4165,42913375748171,42913375748171,J&B Blended Scotch,750ML,336660,Current title + variant,1,current_variant_master,
4167,42913375879243,42913375879243,Gilbey's London Dry Gin,1L,18043,Current title + variant,1,current_variant_master,
4168,42913375912011,42913375912011,Gilbey's London Dry Gin,750ML,18039,Current title + variant,1,current_variant_master,
4169,42913375944779,42913375944779,Gilbey's London Dry Gin,375ML,202244,Current title + variant,1,current_variant_master,
4170,42913376043083,42913376043083,Chivas Regal Blended Scotch 12 YR,1L,19075,Current title + variant,1,current_variant_master,
4171,42913376075851,42913376075851,Chivas Regal Blended Scotch 12 YR,1.75L,19877,Current title + variant,1,current_variant_master,
4172,42913376141387,42913376141387,Aviation American Gin,1L,898687,Current title + variant,1,current_variant_master,
4174,42913376403531,42913376403531,Bags/Accessories,Double / Single Christmas,,Current title + variant,1,current_variant_master,
4175,42913376436299,42913376436299,Bags/Accessories,Christmas Boots,,Current title + variant,1,current_variant_master,
4176,42913376469067,42913376469067,Bags/Accessories,Jute Bag,,Current title + variant,1,current_variant_master,
4177,42913376501835,42913376501835,Bags/Accessories,Wine Vacuum Stopper,,Current title + variant,1,current_variant_master,
4178,42913376534603,42913376534603,Bags/Accessories,Cork Screw,,Current title + variant,1,current_variant_master,
4179,42913376567371,42913376567371,Bags/Accessories,Wine Stopper,,Current title + variant,1,current_variant_master,
4180,42913376600139,42913376600139,Bags/Accessories,Champagne Stopper,,Current title + variant,1,current_variant_master,
4181,42913376665675,42913376665675,Buffalo House Gift Card,20,,Current title + variant,1,current_variant_master,
4182,42913376698443,42913376698443,Buffalo House Gift Card,25,,Current title + variant,1,current_variant_master,
4183,42913376731211,42913376731211,Buffalo House Gift Card,50,,Current title + variant,1,current_variant_master,
4184,42913376763979,42913376763979,Buffalo House Gift Card,100,,Current title + variant,1,current_variant_master,
4185,42913376796747,42913376796747,Buffalo House Gift Card,200,,Current title + variant,1,current_variant_master,
4186,42913376829515,42913376829515,Buffalo House Gift Card,250,,Current title + variant,1,current_variant_master,
4187,42913376862283,42913376862283,Buffalo House Gift Card,500,,Current title + variant,1,current_variant_master,
4188,42913377189963,42913377189963,Hennessy VS Cognac,1L,9002487,Current title + variant,1,current_variant_master,
4189,42913377222731,42913377222731,Hennessy VS Cognac,750ML,9002496,Current title + variant,1,current_variant_master,
4190,42913377255499,42913377255499,Hennessy VS Cognac,375ML,9086999,Current title + variant,1,current_variant_master,
4191,42913377288267,42913377288267,Hennessy VS Cognac,200ML,9153056,Current title + variant,1,current_variant_master,
4192,42913377321035,42913377321035,Hennessy VS Cognac,100ML,9002486,Current title + variant,1,current_variant_master,
4193,42913377353803,42913377353803,Hennessy VS Cognac,50ML,9002495,Current title + variant,1,current_variant_master,
4194,42913377419339,42913377419339,Hennessy VSOP,1L,9154013,Current title + variant,1,current_variant_master,
4195,42913377452107,42913377452107,Hennessy VSOP,750ML,9002497,Current title + variant,1,current_variant_master,
4196,42913377484875,42913377484875,Hennessy VSOP,375ML,9043253,Current title + variant,1,current_variant_master,
4197,42913377517643,42913377517643,Hennessy VSOP,200ML,9011399,Current title + variant,1,current_variant_master,
4198,42913378041931,42913378041931,Grand Marnier Cordon Rouge,750ML,561761,Current title + variant,1,current_variant_master,
4199,42913378205771,42913378205771,Bulleit Rye,1L,,Current title + variant,1,current_variant_master,
4200,42913378369611,42913378369611,Bacardi Tropical,1L,,Current title + variant,1,current_variant_master,
4201,42913378435147,42913378435147,Barefoot Moscato,750ML,,Current title + variant,1,current_variant_master,
4203,42913378697291,42913378697291,Woodford Reserve Straight Bourbon,375ML,9000272,Current title + variant,1,current_variant_master,
4204,42913378730059,42913378730059,Woodford Reserve Straight Bourbon,1L,21733,Current title + variant,1,current_variant_master,
4205,42913378762827,42913378762827,Woodford Reserve Straight Bourbon,750ML,9180882,Current title + variant,1,current_variant_master,
4206,42913378828363,42913378828363,Van Gogh Double Espresso Vodka,1L,3010139,Current title + variant,1,current_variant_master,
4207,42913378926667,42913378926667,Van Gogh Acai Blueberry Vodka,750ML,3010133,Current title + variant,1,current_variant_master,
4208,42913379057739,42913379057739,Stolichnaya Vodka,750ML,65144,Current title + variant,1,current_variant_master,
4209,42913379090507,42913379090507,Stolichnaya Vodka,1L,65136,Current title + variant,1,current_variant_master,
4210,42913379123275,42913379123275,Stolichnaya Vodka,1.75L,65128,Current title + variant,1,current_variant_master,
4211,42913379254347,42913379254347,Stolichnaya Razberi,1L,9121556,Current title + variant,1,current_variant_master,
4212,42913379319883,42913379319883,Stolichnaya Ohranj,1L,9121606,Current title + variant,1,current_variant_master,
4213,42913379549259,42913379549259,Sobieski Vodka,200ML,9090672,Current title + variant,1,current_variant_master,
4214,42913379582027,42913379582027,Sobieski Vodka,375ML,9090671,Current title + variant,1,current_variant_master,
4216,42913379647563,42913379647563,Sobieski Vodka,1L,9090619,Current title + variant,1,current_variant_master,
4217,42913379680331,42913379680331,Sobieski Vodka,1.75L,9096040,Current title + variant,1,current_variant_master,
4218,42913379844171,42913379844171,Shanky's Whip Black Smooth Irish Liqueur,1L,3014138,Current title + variant,1,current_variant_master,
4220,42913380696139,42913380696139,Korbel California Champagne Brut,750ML,9013532,Current title + variant,1,current_variant_master,
4221,42913380728907,42913380728907,Korbel California Champagne Brut,187ML,,Current title + variant,1,current_variant_master,
4222,42913380794443,42913380794443,Jack Daniel's Tennessee Honey Whiskey,200ML,9180598,Current title + variant,1,current_variant_master,
4223,42913380827211,42913380827211,Jack Daniel's Tennessee Honey Whiskey,375ML,9180597,Current title + variant,1,current_variant_master,
4224,42913380859979,42913380859979,Jack Daniel's Tennessee Honey Whiskey,750ML,3006267,Current title + variant,1,current_variant_master,
4225,42913380892747,42913380892747,Jack Daniel's Tennessee Honey Whiskey,1L,9127710,Current title + variant,1,current_variant_master,
4227,42913381023819,42913381023819,Jack Daniel's Tennessee Fire Whiskey,200ML,9187252,Current title + variant,1,current_variant_master,
4228,42913381056587,42913381056587,Jack Daniel's Tennessee Fire Whiskey,375ML,9185891,Current title + variant,1,current_variant_master,
4229,42913381089355,42913381089355,Jack Daniel's Tennessee Fire Whiskey,750ML,9229043,Current title + variant,1,current_variant_master,
4231,42913381154891,42913381154891,Jack Daniel's Tennessee Fire Whiskey,1.75L,9175787,Current title + variant,1,current_variant_master,
4232,42913381285963,42913381285963,Jack Daniel's Tennessee Apple Whiskey,750ML,3003595,Current title + variant,1,current_variant_master,
4233,42913381515339,42913381515339,Jack Daniel's Old No. 7,200ML,9180611,Current title + variant,1,current_variant_master,
4234,42913381548107,42913381548107,Jack Daniel's Old No. 7,375ML,9180600,Current title + variant,1,current_variant_master,
4235,42913381580875,42913381580875,Jack Daniel's Old No. 7,750ML,22145,Current title + variant,1,current_variant_master,
4236,42913381613643,42913381613643,Jack Daniel's Old No. 7,1L,22137,Current title + variant,1,current_variant_master,
4237,42913381646411,42913381646411,Jack Daniel's Old No. 7,1.75L,22129,Current title + variant,1,current_variant_master,
4239,42913381744715,42913381744715,Jack Daniel's Gentleman Jack,200ML,9086871,Current title + variant,1,current_variant_master,
4240,42913381777483,42913381777483,Jack Daniel's Gentleman Jack,1L,9087288,Current title + variant,1,current_variant_master,
4241,42913381810251,42913381810251,Jack Daniel's Gentleman Jack,750ML,23440,Current title + variant,1,current_variant_master,
4242,42913382039627,42913382039627,Fairbanks White Port,750ML,1230143,Current title + variant,1,current_variant_master,
4243,42913382367307,42913382367307,Gabbiano Pinot Grigio,750ML,3002261,Current title + variant,1,current_variant_master,
4244,42913382662219,42913382662219,Wheatley Handcrafted Vodka,1.75L,3002046,Current title + variant,1,current_variant_master,
4245,42913382727755,42913382727755,Tullamore D.E.W. Irish Whisky,375ML,9251401,Current title + variant,1,current_variant_master,
4246,42913382760523,42913382760523,Tullamore D.E.W. Irish Whisky,750ML,9027862,Current title + variant,1,current_variant_master,
4248,42913382826059,42913382826059,Tullamore D.E.W. Irish Whisky,1.75L,9027858,Current title + variant,1,current_variant_master,
4249,42913382924363,42913382924363,Traveller Whiskey Blend No. 40,750ML,3014877,Current title + variant,1,current_variant_master,
4250,42913383022667,42913383022667,Three Olives Naked Vodka,1L,194035,Current title + variant,1,current_variant_master,
4251,42913383055435,42913383055435,Three Olives Naked Vodka,50ML,9183886,Current title + variant,1,current_variant_master,
4253,42913383153739,42913383153739,Three Olives Grape Vodka,1L,3012892,Current title + variant,1,current_variant_master,
4254,42913383284811,42913383284811,Three Olives Cherry Vodka,50ML,3012889,Current title + variant,1,current_variant_master,
4257,42913383481419,42913383481419,Tequila Rose Strawberry Cream Liqueur,50ML,9026311,Current title + variant,1,current_variant_master,
4258,42913383514187,42913383514187,Tequila Rose Strawberry Cream Liqueur,750ML,494948,Current title + variant,1,current_variant_master,
4259,42913384104011,42913384104011,Southern Comfort 100 Proof,100ML,20644,Current title + variant,1,current_variant_master,
4260,42913384136779,42913384136779,Southern Comfort 100 Proof,200ML,9100882,Current title + variant,1,current_variant_master,
4261,42913384169547,42913384169547,Southern Comfort 100 Proof,375ML,9107312,Current title + variant,1,current_variant_master,
4262,42913384202315,42913384202315,Southern Comfort 100 Proof,750ML,20644,Current title + variant,1,current_variant_master,
4263,42913384235083,42913384235083,Southern Comfort 100 Proof,1.75L,9140275,Current title + variant,1,current_variant_master,
4265,42913384333387,42913384333387,Southern Comfort Whiskey,375ML,20362,Current title + variant,1,current_variant_master,
4266,42913384366155,42913384366155,Southern Comfort Whiskey,750ML,9013616,Current title + variant,1,current_variant_master,
4267,42913384398923,42913384398923,Southern Comfort Whiskey,1L,20339,Current title + variant,1,current_variant_master,
4268,42913384431691,42913384431691,Southern Comfort Whiskey,1.75L,9140276,Current title + variant,1,current_variant_master,
4269,42913384562763,42913384562763,Seagram's VO Gold Canadian Blended Whisky,750ML,9000299,Current title + variant,1,current_variant_master,
4270,42913384661067,42913384661067,Seagram's Extra Smooth Vodka,1L,3003220,Current title + variant,1,current_variant_master,
4271,42913384693835,42913384693835,Seagram's Extra Smooth Vodka,750ML,3003200,Current title + variant,1,current_variant_master,
4272,42913384726603,42913384726603,Seagram's Extra Smooth Vodka,1.75L,3003240,Current title + variant,1,current_variant_master,
4274,42913384890443,42913384890443,Santa Marina Provincia di Pavia Pinot Grigio,750ML,9158275,Current title + variant,1,current_variant_master,
4275,42913384988747,42913384988747,Santa Margherita Prosecco,375ML,3002644,Current title + variant,1,current_variant_master,
4276,42913385087051,42913385087051,Sailor Jerry Spiced Rum,1L,9001739,Current title + variant,1,current_variant_master,
4277,42913385119819,42913385119819,Sailor Jerry Spiced Rum,750ML,9001735,Current title + variant,1,current_variant_master,
4278,42913385250891,42913385250891,Riunite Lambrusco,3L,1827310,Current title + variant,1,current_variant_master,
4279,42913385283659,42913385283659,Riunite Lambrusco,187ML,1827385,Current title + variant,1,current_variant_master,
4282,42913385414731,42913385414731,Reyka Vodka,1.75L,9019698,Current title + variant,1,current_variant_master,
4283,42913385578571,42913385578571,Raynal VSOP Rare Old French Brandy,1L,9019466,Current title + variant,1,current_variant_master,
4284,42913385611339,42913385611339,Raynal VSOP Rare Old French Brandy,750ML,9030349,Current title + variant,1,current_variant_master,
4285,42913385676875,42913385676875,Proper No. Twelve Irish Whiskey,750ML,3001850,Current title + variant,1,current_variant_master,
4286,42913385709643,42913385709643,Proper No. Twelve Irish Whiskey,1.75L,3004798,Current title + variant,1,current_variant_master,
4287,42913385906251,42913385906251,Mr. Boston Vodka 100 Proof,1L,9044708,Current title + variant,1,current_variant_master,
4288,42913385939019,42913385939019,Mr. Boston Vodka 100 Proof,1.75L,9044728,Current title + variant,1,current_variant_master,
4289,42913386037323,42913386037323,Mr. Boston Vodka,1L,9044709,Current title + variant,1,current_variant_master,
4291,42913386102859,42913386102859,Mr. Boston Vodka,375ML,9044736,Current title + variant,1,current_variant_master,
4292,42913386135627,42913386135627,Mr. Boston Vodka,750ML,9044732,Current title + variant,1,current_variant_master,
4293,42913386266699,42913386266699,Monkey Shoulder Blended Malt Scotch,1L,3015686,Current title + variant,1,current_variant_master,
4294,42913386299467,42913386299467,Monkey Shoulder Blended Malt Scotch,1.75L,3003730,Current title + variant,1,current_variant_master,
4295,42913386397771,42913386397771,Mohawk Blackberry Brandy,1L,9045283,Current title + variant,1,current_variant_master,
4296,42913386430539,42913386430539,Mohawk Blackberry Brandy,375ML,9045285,Current title + variant,1,current_variant_master,
4297,42913386561611,42913386561611,Milagro Silver Tequila,750ML,9001700,Current title + variant,1,current_variant_master,
4298,42913386594379,42913386594379,Milagro Silver Tequila,1.75L,9008626,Current title + variant,1,current_variant_master,
4299,42913386692683,42913386692683,Milagro Reposado Tequila,750ML,9001701,Current title + variant,1,current_variant_master,
4300,42913386889291,42913386889291,Kraken Black Spiced Rum 94 Proof,375ML,9151433,Current title + variant,1,current_variant_master,
4301,42913386922059,42913386922059,Kraken Black Spiced Rum 94 Proof,50ML,9168119,Current title + variant,1,current_variant_master,
4302,42913386954827,42913386954827,Kraken Black Spiced Rum 94 Proof,1L,9139012,Current title + variant,1,current_variant_master,
4303,42913386987595,42913386987595,Kraken Black Spiced Rum 94 Proof,750ML,9094738,Current title + variant,1,current_variant_master,
4304,42913387118667,42913387118667,Jose Cuervo Margarita Mix,1L,9021973,Current title + variant,1,current_variant_master,
4305,42913387184203,42913387184203,Jose Cuervo Especial Silver,1L,9073853,Current title + variant,1,current_variant_master,
4306,42913387216971,42913387216971,Jose Cuervo Especial Silver,750ML,9073854,Current title + variant,1,current_variant_master,
4307,42913387249739,42913387249739,Jose Cuervo Especial Silver,200ML,9073517,Current title + variant,1,current_variant_master,
4308,42913387282507,42913387282507,Jose Cuervo Especial Silver,375ML,9073516,Current title + variant,1,current_variant_master,
4309,42913387315275,42913387315275,Jose Cuervo Especial Silver,100ML,9174465,Current title + variant,1,current_variant_master,
4310,42913387348043,42913387348043,Jose Cuervo Especial Silver,50ML,9073519,Current title + variant,1,current_variant_master,
4311,42913387413579,42913387413579,Jose Cuervo Especial Gold Tequila,1L,9000399,Current title + variant,1,current_variant_master,
4312,42913387446347,42913387446347,Jose Cuervo Especial Gold Tequila,750ML,9000406,Current title + variant,1,current_variant_master,
4314,42913387511883,42913387511883,Jose Cuervo Especial Gold Tequila,100ML,9174464,Current title + variant,1,current_variant_master,
4315,42913387544651,42913387544651,Jose Cuervo Especial Gold Tequila,50ML,9036827,Current title + variant,1,current_variant_master,
4316,42913387577419,42913387577419,Jose Cuervo Especial Gold Tequila,375ML,9043863,Current title + variant,1,current_variant_master,
4317,42913387642955,42913387642955,Jose Cuervo Devil's Reserve Tequila,750ML,3016234,Current title + variant,1,current_variant_master,
4318,42913387708491,42913387708491,Jose Cuervo Strawberry Lime Margarita,200ML,9182049,Current title + variant,1,current_variant_master,
4319,42913387806795,42913387806795,Jose Cuervo Pink Lemonade Margarita,1.75L,9197175,Current title + variant,1,current_variant_master,
4320,42913387872331,42913387872331,Jose Cuervo Mango Margarita,200ML,3004064,Current title + variant,1,current_variant_master,
4321,42913387970635,42913387970635,Jose Cuervo Classic Margarita,1.75L,9000402,Current title + variant,1,current_variant_master,
4323,42913388101707,42913388101707,Hendrick's Gin,1.75L,9070208,Current title + variant,1,current_variant_master,
4324,42913388167243,42913388167243,Hazlitt White Cat,3L,3012472,Current title + variant,1,current_variant_master,
4325,42913388232779,42913388232779,Hazlitt Red Cat,3L,3012470,Current title + variant,1,current_variant_master,
4326,42913388429387,42913388429387,Grant's Triple Wood Blended Scotch Whisky,1L,9001733,Current title + variant,1,current_variant_master,
4327,42913388462155,42913388462155,Grant's Triple Wood Blended Scotch Whisky,750ML,9001732,Current title + variant,1,current_variant_master,
4328,42913388560459,42913388560459,Glenfiddich 14Yrs Bourbon Barrel,750ML,9191391,Current title + variant,1,current_variant_master,
4329,42913388625995,42913388625995,Glenfiddich 12 Year Single Malt Scotch,750ML,9033615,Current title + variant,1,current_variant_master,
4330,42913388822603,42913388822603,Five Farms Irish Cream,750ML,3000156,Current title + variant,1,current_variant_master,
4331,42913388888139,42913388888139,Fernet Branca,750ML,3002647,Current title + variant,1,current_variant_master,
4332,42913388953675,42913388953675,Empress 1908 Gin,1L,3012204,Current title + variant,1,current_variant_master,
4333,42913388986443,42913388986443,Empress 1908 Gin,750ML,9264441,Current title + variant,1,current_variant_master,
4334,42913389084747,42913389084747,Disaronno Originale,375ML,9043783,Current title + variant,1,current_variant_master,
4335,42913389117515,42913389117515,Disaronno Originale,750ML,46441,Current title + variant,1,current_variant_master,
4336,42913389150283,42913389150283,Disaronno Originale,1.75L,46425,Current title + variant,1,current_variant_master,
4338,42913389248587,42913389248587,Deep Eddy Ruby Red Vodka,1L,9178387,Current title + variant,1,current_variant_master,
4339,42913389281355,42913389281355,Deep Eddy Ruby Red Vodka,50ML,3005434,Current title + variant,1,current_variant_master,
4340,42913389314123,42913389314123,Deep Eddy Original Vodka,375ML,9185659,Current title + variant,1,current_variant_master,
4341,42913389346891,42913389346891,Deep Eddy Original Vodka,1L,9178383,Current title + variant,1,current_variant_master,
4342,42913389379659,42913389379659,Deep Eddy Lime Vodka,375ML,3010423,Current title + variant,1,current_variant_master,
4344,42913389445195,42913389445195,Deep Eddy Lime Vodka,50ML,3007020,Current title + variant,1,current_variant_master,
4348,42913389641803,42913389641803,Chi-Chi's Pina Colada,187ML,3007726,Current title + variant,1,current_variant_master,
4349,42913389740107,42913389740107,Chi-Chi's Mexican Mudslide,187ML,3007724,Current title + variant,1,current_variant_master,
4350,42913389838411,42913389838411,Chi-Chi's Margarita,187ML,3007723,Current title + variant,1,current_variant_master,
4351,42913390002251,42913390002251,Chi-Chi's Long Island Iced Tea,1.75L,9004687,Current title + variant,1,current_variant_master,
4352,42913390329931,42913390329931,Carpano Antica Formula Vermouth,750ML,3004726,Current title + variant,1,current_variant_master,
4353,42913390559307,42913390559307,Caravella Limoncello,750ML,9115008,Current title + variant,1,current_variant_master,
4354,42913390592075,42913390592075,Caravella Limoncello,50ML,9024533,Current title + variant,1,current_variant_master,
4355,42913391018059,42913391018059,Bushmills Original Irish Whisky,375ML,9000736,Current title + variant,1,current_variant_master,
4356,42913391050827,42913391050827,Bushmills Original Irish Whisky,750ML,9000734,Current title + variant,1,current_variant_master,
4357,42913391345739,42913391345739,Buffalo Trace Bourbon Cream,50ML,3007378,Current title + variant,1,current_variant_master,
4359,42913392623691,42913392623691,Barton Vodka,750ML,9034422,Current title + variant,1,current_variant_master,
4361,42913392820299,42913392820299,Barton Rum Dark Gold,1L,9044121,Current title + variant,1,current_variant_master,
4362,42913392951371,42913392951371,Barton London Extra Dry Gin,1L,9004608,Current title + variant,1,current_variant_master,
4363,42913392984139,42913392984139,Barton London Extra Dry Gin,375ML,9034403,Current title + variant,1,current_variant_master,
4364,42913393082443,42913393082443,Barton Light Rum,1L,9024377,Current title + variant,1,current_variant_master,
4365,42913393344587,42913393344587,1800 Tequila Reposado,200ML,9133146,Current title + variant,1,current_variant_master,
4366,42913393377355,42913393377355,1800 Tequila Reposado,50ML,9039331,Current title + variant,1,current_variant_master,
4367,42913393410123,42913393410123,1800 Tequila Reposado,1L,9009475,Current title + variant,1,current_variant_master,
4368,42913393442891,42913393442891,1800 Tequila Reposado,750ML,9009474,Current title + variant,1,current_variant_master,
4370,42913393639499,42913393639499,1800 Tequila Blanco,200ML,9129483,Current title + variant,1,current_variant_master,
4371,42913393672267,42913393672267,1800 Tequila Blanco,375ML,9039324,Current title + variant,1,current_variant_master,
4372,42913393705035,42913393705035,1800 Tequila Blanco,750ML,9039323,Current title + variant,1,current_variant_master,
4373,42913393737803,42913393737803,1800 Tequila Blanco,1L,9039322,Current title + variant,1,current_variant_master,
4374,42913394098251,42913394098251,Taylor Port,375ML,3012256,Current title + variant,1,current_variant_master,
4375,42913394131019,42913394131019,Taylor Port,3L,9026294,Current title + variant,1,current_variant_master,
4376,42913394163787,42913394163787,Taylor Port,750ML,9004912,Current title + variant,1,current_variant_master,
4377,42913394229323,42913394229323,Taylor Marsala,750ML,9026293,Current title + variant,1,current_variant_master,
4379,42913394622539,42913394622539,RumChata,750ML,3008333,Current title + variant,1,current_variant_master,
4380,42913394655307,42913394655307,RumChata,1L,3008338,Current title + variant,1,current_variant_master,
4381,42913394688075,42913394688075,RumChata,1.75L,3008341,Current title + variant,1,current_variant_master,
4382,42913395146827,42913395146827,New Amsterdam The Original Gin,1L,9025747,Current title + variant,1,current_variant_master,
4383,42913395179595,42913395179595,New Amsterdam The Original Gin,375ML,9020829,Current title + variant,1,current_variant_master,
4384,42913395212363,42913395212363,New Amsterdam The Original Gin,750ML,9020828,Current title + variant,1,current_variant_master,
4385,42913395245131,42913395245131,New Amsterdam The Original Gin,200ML,9020830,Current title + variant,1,current_variant_master,
4386,42913395277899,42913395277899,New Amsterdam The Original Gin,50ML,9030083,Current title + variant,1,current_variant_master,
4387,42913395343435,42913395343435,New Amsterdam Tangerine Flavored Vodka,750ML,3014817,Current title + variant,1,current_variant_master,
4388,42913395441739,42913395441739,New Amsterdam Red Berry,1.75L,9169167,Current title + variant,1,current_variant_master,
4389,42913395540043,42913395540043,New Amsterdam Raspberry,750ML,9259912,Current title + variant,1,current_variant_master,
4390,42913395638347,42913395638347,New Amsterdam Pink Whitney,200ML,3007464,Current title + variant,1,current_variant_master,
4391,42913395671115,42913395671115,New Amsterdam Pink Whitney,375ML,3007463,Current title + variant,1,current_variant_master,
4392,42913395703883,42913395703883,New Amsterdam Pink Whitney,750ML,3003817,Current title + variant,1,current_variant_master,
4393,42913395736651,42913395736651,New Amsterdam Pink Whitney,1L,3005104,Current title + variant,1,current_variant_master,
4394,42913395769419,42913395769419,New Amsterdam Pink Whitney,1.75L,3012315,Current title + variant,1,current_variant_master,
4395,42913395867723,42913395867723,New Amsterdam Peach,750ML,9152412,Current title + variant,1,current_variant_master,
4396,42913395933259,42913395933259,New Amsterdam Passionfruit,750ML,3010045,Current title + variant,1,current_variant_master,
4397,42913396031563,42913396031563,New Amsterdam Original Vodka 100 Proof,750ML,9227376,Current title + variant,1,current_variant_master,
4400,42913396162635,42913396162635,New Amsterdam Original Vodka,200ML,9137926,Current title + variant,1,current_variant_master,
4401,42913396195403,42913396195403,New Amsterdam Original Vodka,750ML,9137923,Current title + variant,1,current_variant_master,
4402,42913396228171,42913396228171,New Amsterdam Original Vodka,1L,9137928,Current title + variant,1,current_variant_master,
4404,42913396359243,42913396359243,New Amsterdam Mango,1.75L,9185687,Current title + variant,1,current_variant_master,
4405,42913396392011,42913396392011,New Amsterdam Mango,750ML,9185690,Current title + variant,1,current_variant_master,
4406,42913396457547,42913396457547,New Amsterdam Lemon,750ML,9263831,Current title + variant,1,current_variant_master,
4407,42913396523083,42913396523083,New Amsterdam Grapefruit,750ML,3002359,Current title + variant,1,current_variant_master,
4408,42913396588619,42913396588619,New Amsterdam Coconut,50ML,3014400,Current title + variant,1,current_variant_master,
4409,42913396621387,42913396621387,New Amsterdam Coconut,750ML,9163999,Current title + variant,1,current_variant_master,
4410,42913396719691,42913396719691,Manischewitz Concord Grape Kosher,750ML,9044829,Current title + variant,1,current_variant_master,
4411,42913396785227,42913396785227,Manischewitz Blackberry Kosher,750ML,9044808,Current title + variant,1,current_variant_master,
4412,42913396981835,42913396981835,La Marca Prosecco Rose,187ML,3015965,Current title + variant,1,current_variant_master,
4415,42913397112907,42913397112907,La Marca Prosecco,1.5L,9064479,Current title + variant,1,current_variant_master,
4416,42913397178443,42913397178443,John Barr Reserve Blend Blended Scotch Whisky,1L,9240889,Current title + variant,1,current_variant_master,
4417,42913397211211,42913397211211,John Barr Reserve Blend Blended Scotch Whisky,1.75L,9240881,Current title + variant,1,current_variant_master,
4418,42913397538891,42913397538891,Gallo Family Vineyards Sweet Berry,750ML,9190478,Current title + variant,1,current_variant_master,
4419,42913397604427,42913397604427,Gallo Family Vineyards Sweet Pineapple,750ML,9190476,Current title + variant,1,current_variant_master,
4420,42913397669963,42913397669963,Gallo Family Vineyards Sweet Peach,750ML,9190479,Current title + variant,1,current_variant_master,
4421,42913397735499,42913397735499,Gallo Family Vineyards Pinot Grigio,750ML,9018731,Current title + variant,1,current_variant_master,
4422,42913397801035,42913397801035,Gallo Family Vineyards Pink Moscato California,750ML,9144845,Current title + variant,1,current_variant_master,
4423,42913397866571,42913397866571,Gallo Family Vineyards Moscato,750ML,9007515,Current title + variant,1,current_variant_master,
4424,42913397932107,42913397932107,Gallo Family Vineyards Chardonnay,750ML,1221746,Current title + variant,1,current_variant_master,
4425,42913398030411,42913398030411,Gallo Family Vineyards Cabernet Sauvignon,750ML,1221944,Current title + variant,1,current_variant_master,
4426,42913398194251,42913398194251,E&J Brandy XO,750ML,9016328,Current title + variant,1,current_variant_master,
4427,42913398227019,42913398227019,E&J Brandy XO,50ML,9010010,Current title + variant,1,current_variant_master,
4428,42913398292555,42913398292555,E&J Brandy VSOP,1L,220533,Current title + variant,1,current_variant_master,
4429,42913398325323,42913398325323,E&J Brandy VSOP,750ML,220541,Current title + variant,1,current_variant_master,
4430,42913398358091,42913398358091,E&J Brandy VSOP,200ML,220574,Current title + variant,1,current_variant_master,
4431,42913398718539,42913398718539,Carlo Rossi Sangria,750ML,9236102,Current title + variant,1,current_variant_master,
4432,42913398849611,42913398849611,Camarena Silver,750ML,9042965,Current title + variant,1,current_variant_master,
4433,42913398915147,42913398915147,Camarena Reposado,750ML,9119539,Current title + variant,1,current_variant_master,
4434,42913398947915,42913398947915,Black Box Sauvignon Blanc,500ML,,Current title + variant,1,current_variant_master,
4435,42913399013451,42913399013451,Black Box Pinot Noir,500ML,,Current title + variant,1,current_variant_master,
4436,42913399046219,42913399046219,Black Box Pinot Grigio,3L,9015878,Current title + variant,1,current_variant_master,
4437,42913399111755,42913399111755,Black Box Merlot,500ML,,Current title + variant,1,current_variant_master,
4438,42913399210059,42913399210059,Black Box Chardonnay Australia,500ML,,Current title + variant,1,current_variant_master,
4440,42913399406667,42913399406667,Barefoot Sauvignon Blanc,750ML,2113140,Current title + variant,1,current_variant_master,
4441,42913399439435,42913399439435,Barefoot Sauvignon Blanc,187ML,3016468,Current title + variant,1,current_variant_master,
4442,42913399504971,42913399504971,Barefoot Rose,750ML,9251933,Current title + variant,1,current_variant_master,
4443,42913399537739,42913399537739,Barefoot Rose,187ML,9263830,Current title + variant,1,current_variant_master,
4444,42913399636043,42913399636043,Barefoot Riesling,750ML,9078178,Current title + variant,1,current_variant_master,
4445,42913399668811,42913399668811,Barefoot Riesling,187ML,9257467,Current title + variant,1,current_variant_master,
4446,42913399701579,42913399701579,Barefoot Pinot Noir,750ML,9086348,Current title + variant,1,current_variant_master,
4447,42913399734347,42913399734347,Barefoot Pinot Noir,1.5L,9096135,Current title + variant,1,current_variant_master,
4448,42913399799883,42913399799883,Barefoot Pinot Grigio,750ML,9006139,Current title + variant,1,current_variant_master,
4449,42913399832651,42913399832651,Barefoot Pinot Grigio,187ML,9253411,Current title + variant,1,current_variant_master,
4451,42913399963723,42913399963723,Barefoot Chardonnay,1.5L,2112928,Current title + variant,1,current_variant_master,
4452,42913400029259,42913400029259,Barefoot Cabernet Sauvignon,750ML,2112241,Current title + variant,1,current_variant_master,
4453,42913400062027,42913400062027,Barefoot Cabernet Sauvignon,187ML,9257463,Current title + variant,1,current_variant_master,
4454,42913400193099,42913400193099,Arbor Mist Peach Moscato,750ML,3004077,Current title + variant,1,current_variant_master,
4455,42913400520779,42913400520779,Arbor Mist Mango Strawberry Moscato,1.5L,3004069,Current title + variant,1,current_variant_master,
4457,42913401339979,42913401339979,Yellow Tail Shiraz,750ML,,Current title + variant,1,current_variant_master,
4458,42913401372747,42913401372747,Yellow Tail Sauvignon Blanc,750ML,,Current title + variant,1,current_variant_master,
4459,42913401471051,42913401471051,Yellow Tail Pinot Noir,750ML,,Current title + variant,1,current_variant_master,
4460,42913401536587,42913401536587,Yellow Tail Pinot Grigio,1.5L,,Current title + variant,1,current_variant_master,
4461,42913401667659,42913401667659,Yellow Tail Merlot,1.5L,,Current title + variant,1,current_variant_master,
4462,42913401733195,42913401733195,Yellow Tail Cabernet Sauvignon,1.5L,,Current title + variant,1,current_variant_master,
4463,42913401798731,42913401798731,Yellow Tail Big Bold Red,1.5L,,Current title + variant,1,current_variant_master,
4464,42913401831499,42913401831499,Woodbridge Sauvignon Blanc,750ML,,Current title + variant,1,current_variant_master,
4466,42913401995339,42913401995339,Woodbridge Pinot Grigio,500ML,,Current title + variant,1,current_variant_master,
4467,42913402060875,42913402060875,Woodbridge Chardonnay,750ML,,Current title + variant,1,current_variant_master,
4468,42913402093643,42913402093643,Woodbridge Chardonnay,500ML,,Current title + variant,1,current_variant_master,
4469,42913402159179,42913402159179,Woodbridge Cabernet Sauvignon,750ML,,Current title + variant,1,current_variant_master,
4471,42913402323019,42913402323019,Wild Turkey Straight Bourbon 101,375ML,,Current title + variant,1,current_variant_master,
4472,42913402355787,42913402355787,Wild Turkey Straight Bourbon 101,750ML,,Current title + variant,1,current_variant_master,
4473,42913402388555,42913402388555,Wild Turkey Straight Bourbon 101,1L,,Current title + variant,1,current_variant_master,
4474,42913402421323,42913402421323,Wild Turkey Straight Bourbon 101,1.75L,,Current title + variant,1,current_variant_master,
4475,42913402519627,42913402519627,Wild Turkey Bourbon 81,750ML,,Current title + variant,1,current_variant_master,
4476,42913402585163,42913402585163,Wild Turkey American Honey Liqueur,1.75L,,Current title + variant,1,current_variant_master,
4482,42913403109451,42913403109451,Ten High Bourbon,1.75L,,Current title + variant,1,current_variant_master,
4483,42913403142219,42913403142219,Ten High Bourbon,750ML,,Current title + variant,1,current_variant_master,
4484,42913403174987,42913403174987,Ten High Bourbon,200ML,,Current title + variant,1,current_variant_master,
4485,42913403240523,42913403240523,Svedka Vodka,375ML,,Current title + variant,1,current_variant_master,
4486,42913403273291,42913403273291,Svedka Vodka,1L,,Current title + variant,1,current_variant_master,
4487,42913403306059,42913403306059,Svedka Vodka,1.75L,,Current title + variant,1,current_variant_master,
4488,42913403437131,42913403437131,Svedka Strawberry Lemonade,1L,,Current title + variant,1,current_variant_master,
4489,42913403502667,42913403502667,Svedka Mango Pineapple,1L,,Current title + variant,1,current_variant_master,
4490,42913403568203,42913403568203,Svedka Cherry Limeade,1L,,Current title + variant,1,current_variant_master,
4491,42913403666507,42913403666507,Svedka Blue Raspberry,1.75L,,Current title + variant,1,current_variant_master,
4492,42913403797579,42913403797579,Smirnoff Watermelon,50ML,,Current title + variant,1,current_variant_master,
4493,42913403863115,42913403863115,Smirnoff Vanilla Vodka 60 Proof,50ML,,Current title + variant,1,current_variant_master,
4494,42913403961419,42913403961419,Smirnoff Strawberry,50ML,,Current title + variant,1,current_variant_master,
4495,42913404059723,42913404059723,Smirnoff Peppermint Twist,50ML,,Current title + variant,1,current_variant_master,
4496,42913404158027,42913404158027,Smirnoff Peach,50ML,,Current title + variant,1,current_variant_master,
4497,42913404223563,42913404223563,Smirnoff Orange,750ML,,Current title + variant,1,current_variant_master,
4501,42913404387403,42913404387403,Smirnoff No. 21 Vodka,1L,,Current title + variant,1,current_variant_master,
4503,42913404518475,42913404518475,Smirnoff Kissed Caramel,50ML,,Current title + variant,1,current_variant_master,
4504,42913404584011,42913404584011,Smirnoff Citrus,750ML,,Current title + variant,1,current_variant_master,
4505,42913404649547,42913404649547,Smirnoff Blue Raspberry Lemonade,50ML,,Current title + variant,1,current_variant_master,
4506,42913404715083,42913404715083,Skyy Vodka,200ML,,Current title + variant,1,current_variant_master,
4507,42913404747851,42913404747851,Skyy Vodka,375ML,,Current title + variant,1,current_variant_master,
4509,42913404813387,42913404813387,Skyy Vodka,1L,,Current title + variant,1,current_variant_master,
4511,42913404944459,42913404944459,Skrewball Peanut Butter Whiskey,200ML,,Current title + variant,1,current_variant_master,
4512,42913404977227,42913404977227,Skrewball Peanut Butter Whiskey,375ML,,Current title + variant,1,current_variant_master,
4513,42913405009995,42913405009995,Skrewball Peanut Butter Whiskey,750ML,,Current title + variant,1,current_variant_master,
4514,42913405042763,42913405042763,Skrewball Peanut Butter Whiskey,1L,,Current title + variant,1,current_variant_master,
4515,42913405141067,42913405141067,Seagrams Extra Dry Gin,1.75L,,Current title + variant,1,current_variant_master,
4516,42913405173835,42913405173835,Seagrams Extra Dry Gin,750ML,,Current title + variant,1,current_variant_master,
4518,42913405239371,42913405239371,Seagrams Extra Dry Gin,1L,,Current title + variant,1,current_variant_master,
4519,42913405304907,42913405304907,Seagram's 7 Crown American Blended Whiskey,200ML,,Current title + variant,1,current_variant_master,
4520,42913405337675,42913405337675,Seagram's 7 Crown American Blended Whiskey,375ML,,Current title + variant,1,current_variant_master,
4522,42913405403211,42913405403211,Seagram's 7 Crown American Blended Whiskey,1L,,Current title + variant,1,current_variant_master,
4523,42913405435979,42913405435979,Seagram's 7 Crown American Blended Whiskey,1.75L,,Current title + variant,1,current_variant_master,
4524,42913405599819,42913405599819,Remy Martin VSOP Cognac,375ML,,Current title + variant,1,current_variant_master,
4525,42913405665355,42913405665355,Paul Masson Grande Amber 80 Proof,750ML,,Current title + variant,1,current_variant_master,
4526,42913405698123,42913405698123,Paul Masson Grande Amber 80 Proof,200ML,,Current title + variant,1,current_variant_master,
4527,42913405796427,42913405796427,Patron Silver Tequila,375ML,,Current title + variant,1,current_variant_master,
4528,42913405829195,42913405829195,Patron Silver Tequila,750ML,,Current title + variant,1,current_variant_master,
4529,42913406156875,42913406156875,Master of Mixes Strawberry Daiquiri Margarita,1L,,Current title + variant,1,current_variant_master,
4530,42913406255179,42913406255179,Master of Mixes Pina Colada,1L,,Current title + variant,1,current_variant_master,
4531,42913406320715,42913406320715,Master of Mixes Margarita,1L,,Current title + variant,1,current_variant_master,
4532,42913406419019,42913406419019,Maker's Mark Bourbon Whisky,1L,,Current title + variant,1,current_variant_master,
4533,42913406451787,42913406451787,Maker's Mark Bourbon Whisky,375ML,,Current title + variant,1,current_variant_master,
4534,42913406484555,42913406484555,Maker's Mark Bourbon Whisky,50ML,,Current title + variant,1,current_variant_master,
4536,42913406582859,42913406582859,Maker's Mark 46 Bourbon Whisky,750ML,,Current title + variant,1,current_variant_master,
4538,42913406877771,42913406877771,Knob Creek Kentucky Straight Bourbon,1L,,Current title + variant,1,current_variant_master,
4542,42913407238219,42913407238219,Kamchatka Vodka,375ML,,Current title + variant,1,current_variant_master,
4543,42913407467595,42913407467595,Johnnie Walker Red Label,1.75L,,Current title + variant,1,current_variant_master,
4544,42913407500363,42913407500363,Johnnie Walker Red Label,750ML,,Current title + variant,1,current_variant_master,
4546,42913407565899,42913407565899,Johnnie Walker Red Label,375ML,,Current title + variant,1,current_variant_master,
4547,42913407664203,42913407664203,Johnnie Walker Black Label,750ML,,Current title + variant,1,current_variant_master,
4548,42913407696971,42913407696971,Johnnie Walker Black Label,375ML,,Current title + variant,1,current_variant_master,
4549,42913407729739,42913407729739,Johnnie Walker Black Label,1L,,Current title + variant,1,current_variant_master,
4550,42913407828043,42913407828043,Jim Beam Vanilla Bourbon Whiskey 70 Proof,750ML,,Current title + variant,1,current_variant_master,
4551,42913407926347,42913407926347,Jim Beam Red Stag Bourbon Whiskey,375ML,,Current title + variant,1,current_variant_master,
4552,42913407959115,42913407959115,Jim Beam Red Stag Bourbon Whiskey,750ML,,Current title + variant,1,current_variant_master,
4553,42913407991883,42913407991883,Jim Beam Red Stag Bourbon Whiskey,1L,,Current title + variant,1,current_variant_master,
4554,42913408024651,42913408024651,Jim Beam Red Stag Bourbon Whiskey,1.75L,948526,Current title + variant,1,current_variant_master,
4555,42913408057419,42913408057419,Jim Beam Peach Bourbon Whiskey,50ML,,Current title + variant,1,current_variant_master,
4556,42913408122955,42913408122955,Jim Beam Fire Kentucky Straight Bourbon,50ML,,Current title + variant,1,current_variant_master,
4557,42913408155723,42913408155723,Jim Beam Honey Bourbon Whiskey,50ML,,Current title + variant,1,current_variant_master,
4558,42913408221259,42913408221259,Jim Beam Bourbon Whiskey,375ML,,Current title + variant,1,current_variant_master,
4560,42913408286795,42913408286795,Jim Beam Bourbon Whiskey,1L,,Current title + variant,1,current_variant_master,
4561,42913408319563,42913408319563,Jim Beam Bourbon Whiskey,1.75L,,Current title + variant,1,current_variant_master,
4562,42913408385099,42913408385099,Jim Beam Apple Bourbon Whiskey Proof 70,50ML,,Current title + variant,1,current_variant_master,
4563,42913408483403,42913408483403,Jim Beam 7Yrs Black Straight,750ML,,Current title + variant,1,current_variant_master,
4564,42913408548939,42913408548939,Jefferson's Bourbon Whiskey,750ML,,Current title + variant,1,current_variant_master,
4565,42913408680011,42913408680011,Jameson Orange,1.75L,,Current title + variant,1,current_variant_master,
4566,42913408745547,42913408745547,Jameson Irish Whiskey,750ML,5934,Current title + variant,1,current_variant_master,
4567,42913408778315,42913408778315,Jameson Irish Whiskey,1L,5900,Current title + variant,1,current_variant_master,
4568,42913408811083,42913408811083,Jameson Irish Whiskey,1.75L,,Current title + variant,1,current_variant_master,
4569,42913408942155,42913408942155,Jagermeister Herbal Liqueur,750ML,,Current title + variant,1,current_variant_master,
4570,42913408974923,42913408974923,Jagermeister Herbal Liqueur,1L,,Current title + variant,1,current_variant_master,
4571,42913409073227,42913409073227,High West Bourbon Whiskey,375ML,,Current title + variant,1,current_variant_master,
4572,42913409204299,42913409204299,Grey Goose Vodka,200ML,,Current title + variant,1,current_variant_master,
4573,42913409237067,42913409237067,Grey Goose Vodka,375ML,,Current title + variant,1,current_variant_master,
4575,42913409302603,42913409302603,Grey Goose Vodka,1.75L,,Current title + variant,1,current_variant_master,
4576,42913409531979,42913409531979,Fireball Cinnamon Whisky,200ML,,Current title + variant,1,current_variant_master,
4577,42913409564747,42913409564747,Fireball Cinnamon Whisky,375ML,,Current title + variant,1,current_variant_master,
4578,42913409597515,42913409597515,Fireball Cinnamon Whisky,750ML,83137,Current title + variant,1,current_variant_master,
4579,42913409630283,42913409630283,Fireball Cinnamon Whisky,1L,74630,Current title + variant,1,current_variant_master,
4581,42913409761355,42913409761355,Evan Williams Honey,50ML,,Current title + variant,1,current_variant_master,
4582,42913409892427,42913409892427,Evan Williams Cherry Liqueur,750ML,,Current title + variant,1,current_variant_master,
4584,42913409990731,42913409990731,Evan Williams Black Label Bourbon,1L,,Current title + variant,1,current_variant_master,
4585,42913410023499,42913410023499,Evan Williams Black Label Bourbon,1.75L,,Current title + variant,1,current_variant_master,
4586,42913410121803,42913410121803,Evan Williams Apple Liqueur,50ML,,Current title + variant,1,current_variant_master,
4587,42913410252875,42913410252875,Espolon Tequila Blanco,750ML,,Current title + variant,1,current_variant_master,
4589,42913410318411,42913410318411,Espolon Tequila Blanco,1.75L,,Current title + variant,1,current_variant_master,
4590,42913410449483,42913410449483,Elijah Craig Small Batch,375ML,,Current title + variant,1,current_variant_master,
4592,42913410547787,42913410547787,Early Times Whisky,375ML,,Current title + variant,1,current_variant_master,
4593,42913410580555,42913410580555,Early Times Whisky,1L,,Current title + variant,1,current_variant_master,
4594,42913410678859,42913410678859,Don Julio Reposado,375ML,,Current title + variant,1,current_variant_master,
4595,42913410711627,42913410711627,Don Julio Reposado,750ML,,Current title + variant,1,current_variant_master,
4596,42913410744395,42913410744395,Don Julio Reposado,1.75L,,Current title + variant,1,current_variant_master,
4597,42913410842699,42913410842699,Don Julio Blanco Tequila,750ML,,Current title + variant,1,current_variant_master,
4598,42913410875467,42913410875467,Don Julio Blanco Tequila,1.75L,,Current title + variant,1,current_variant_master,
4599,42913410908235,42913410908235,Don Julio Anejo,750ML,,Current title + variant,1,current_variant_master,
4600,42913411072075,42913411072075,Dewar's White Label,1L,,Current title + variant,1,current_variant_master,
4601,42913411104843,42913411104843,Dewar's White Label,375ML,,Current title + variant,1,current_variant_master,
4602,42913411170379,42913411170379,D'Usse VSOP,750ML,,Current title + variant,1,current_variant_master,
4603,42913411203147,42913411203147,D'Usse VSOP,200ML,,Current title + variant,1,current_variant_master,
4604,42913411334219,42913411334219,Crown Royal Regal Apple Flavored Whisky,750ML,,Current title + variant,1,current_variant_master,
4605,42913411366987,42913411366987,Crown Royal Regal Apple Flavored Whisky,1L,,Current title + variant,1,current_variant_master,
4606,42913411399755,42913411399755,Crown Royal Regal Apple Flavored Whisky,1.75L,,Current title + variant,1,current_variant_master,
4607,42913411498059,42913411498059,Crown Royal Peach,1L,,Current title + variant,1,current_variant_master,
4608,42913411530827,42913411530827,Crown Royal Peach,1.75L,,Current title + variant,1,current_variant_master,
4609,42913411727435,42913411727435,Crown Royal Canadian Whisky,375ML,99755,Current title + variant,1,current_variant_master,
4610,42913411760203,42913411760203,Crown Royal Canadian Whisky,750ML,76131,Current title + variant,1,current_variant_master,
4611,42913411792971,42913411792971,Crown Royal Canadian Whisky,1L,,Current title + variant,1,current_variant_master,
4613,42913411891275,42913411891275,CIROC Ultra-Premium Vodka,750ML,,Current title + variant,1,current_variant_master,
4614,42913411989579,42913411989579,CIROC Peach,50ML,,Current title + variant,1,current_variant_master,
4615,42913412022347,42913412022347,Ciroc Passion Vodka,50ML,,Current title + variant,1,current_variant_master,
4616,42913412120651,42913412120651,Christian Brothers VS Brandy,375ML,,Current title + variant,1,current_variant_master,
4617,42913412153419,42913412153419,Christian Brothers V.S.O.P Brandy,375ML,,Current title + variant,1,current_variant_master,
4618,42913412251723,42913412251723,Christian Brothers  Honey Brandy,750ML,,Current title + variant,1,current_variant_master,
4619,42913412317259,42913412317259,Casamigos Reposado,50ML,,Current title + variant,1,current_variant_master,
4620,42913412350027,42913412350027,Casamigos Reposado,750ML,,Current title + variant,1,current_variant_master,
4622,42913412481099,42913412481099,Casamigos Blanco Tequila,750ML,,Current title + variant,1,current_variant_master,
4624,42913412546635,42913412546635,Captain Morgan Original Spiced Rum,1L,,Current title + variant,1,current_variant_master,
4625,42913412579403,42913412579403,Captain Morgan Original Spiced Rum,200ML,,Current title + variant,1,current_variant_master,
4626,42913412612171,42913412612171,Captain Morgan Original Spiced Rum,375ML,,Current title + variant,1,current_variant_master,
4627,42913412644939,42913412644939,Captain Morgan Original Spiced Rum,50ML,,Current title + variant,1,current_variant_master,
4628,42913412776011,42913412776011,Bulleit Bourbon,750ML,,Current title + variant,1,current_variant_master,
4631,42913412907083,42913412907083,Bombay Sapphire Gin,1L,,Current title + variant,1,current_variant_master,
4632,42913412939851,42913412939851,Bombay Sapphire Gin,750ML,,Current title + variant,1,current_variant_master,
4633,42913412972619,42913412972619,Bombay Sapphire Gin,1.75L,,Current title + variant,1,current_variant_master,
4634,42913413234763,42913413234763,Basil Hayden Bourbon Whiskey,750ML,,Current title + variant,1,current_variant_master,
4635,42913413267531,42913413267531,Basil Hayden Bourbon Whiskey,1L,,Current title + variant,1,current_variant_master,
4636,42913413300299,42913413300299,Baileys Original Irish Cream,1.75L,,Current title + variant,1,current_variant_master,
4637,42913413333067,42913413333067,Baileys Original Irish Cream,1L,,Current title + variant,1,current_variant_master,
4639,42913413398603,42913413398603,Baileys Original Irish Cream,750ML,,Current title + variant,1,current_variant_master,
4640,42913413431371,42913413431371,Baileys Original Irish Cream,50ML,,Current title + variant,1,current_variant_master,
4641,42913413464139,42913413464139,Baileys Cinnamon Churros Irish Cream Liqueur,50ML,,Current title + variant,1,current_variant_master,
4642,42913413562443,42913413562443,Bacardi Superior Rum,750ML,,Current title + variant,1,current_variant_master,
4644,42913413627979,42913413627979,Bacardi Superior Rum,100ML,,Current title + variant,1,current_variant_master,
4645,42913413660747,42913413660747,Bacardi Superior Rum,200ML,,Current title + variant,1,current_variant_master,
4646,42913413693515,42913413693515,Bacardi Superior Rum,50ML,,Current title + variant,1,current_variant_master,
4647,42913414217803,42913414217803,Bacardi Spiced Rum,750ML,,Current title + variant,1,current_variant_master,
4648,42913414250571,42913414250571,Bacardi Spiced Rum,1.75L,,Current title + variant,1,current_variant_master,
4649,42913414283339,42913414283339,Bacardi Raspberry,1L,,Current title + variant,1,current_variant_master,
4650,42913414316107,42913414316107,Bacardi Pineapple,1L,,Current title + variant,1,current_variant_master,
4651,42913414348875,42913414348875,Bacardi Limon,1L,,Current title + variant,1,current_variant_master,
4652,42913414414411,42913414414411,Bacardi Lime,1.75L,,Current title + variant,1,current_variant_master,
4653,42913414447179,42913414447179,Bacardi Gold,100ML,,Current title + variant,1,current_variant_master,
4654,42913414479947,42913414479947,Bacardi Gold,200ML,12670,Current title + variant,1,current_variant_master,
4655,42913414512715,42913414512715,Bacardi Gold,375ML,95776,Current title + variant,1,current_variant_master,
4656,42913414545483,42913414545483,Bacardi Gold,750ML,21974,Current title + variant,1,current_variant_master,
4657,42913414578251,42913414578251,Bacardi Gold,1L,,Current title + variant,1,current_variant_master,
4658,42913414611019,42913414611019,Bacardi Gold,1.75L,10199,Current title + variant,1,current_variant_master,
4659,42913414643787,42913414643787,Bacardi Dragonberry,1L,,Current title + variant,1,current_variant_master,
4660,42913414676555,42913414676555,Bacardi Coconut,1L,,Current title + variant,1,current_variant_master,
4661,42913414709323,42913414709323,Bacardi Black Rum,1.75L,,Current title + variant,1,current_variant_master,
4663,42913414807627,42913414807627,Angel's Envy Bourbon Whiskey,375ML,,Current title + variant,1,current_variant_master,
4664,42913414840395,42913414840395,Absolut Wild Berri,1L,,Current title + variant,1,current_variant_master,
4665,42913414873163,42913414873163,Absolut Vodka,200ML,,Current title + variant,1,current_variant_master,
4666,42913414905931,42913414905931,Absolut Vodka,375ML,53512,Current title + variant,1,current_variant_master,
4667,42913414938699,42913414938699,Absolut Vodka,1L,9308,Current title + variant,1,current_variant_master,
4668,42913414971467,42913414971467,Absolut Citron,50ML,60509,Current title + variant,1,current_variant_master,
4669,42913415004235,42913415004235,21 Seeds Tequila Valencia Orange,50ML,,Current title + variant,1,current_variant_master,
4670,42913415037003,42913415037003,21 Seeds Tequila Grapefruit Hibiscus,50ML,,Current title + variant,1,current_variant_master,
4672,42913415102539,42913415102539,Schmitt Sohne Relax Riesling,3L,,Current title + variant,1,current_variant_master,
4673,42913415135307,42913415135307,Roscato Rosso Dolce,1.5L,,Current title + variant,1,current_variant_master,
4674,42913415168075,42913415168075,Nue Vodka Original,1L,,Current title + variant,1,current_variant_master,
4675,42913415233611,42913415233611,Merrys Irish Cream,1.75L,,Current title + variant,1,current_variant_master,
4676,42913415266379,42913415266379,Gozio Amaretto,750ML,,Current title + variant,1,current_variant_master,
4677,42913415299147,42913415299147,Four Roses Small Batch Select Bourbon,50ML,,Current title + variant,1,current_variant_master,
4679,42913415364683,42913415364683,Four Roses Kentucky Straight Bourbon,1.75L,,Current title + variant,1,current_variant_master,
4680,42913415397451,42913415397451,Four Roses Small Batch Bourbon,750ML,,Current title + variant,1,current_variant_master,
4681,42913415430219,42913415430219,Drumshanbo Gunpowder Sardinian Gin,750ML,,Current title + variant,1,current_variant_master,
4682,42913415462987,42913415462987,Drumshanbo Gunpowder Orange Citrus Gin,750ML,,Current title + variant,1,current_variant_master,
4683,42913415495755,42913415495755,Cavit Pinot Grigio,1.5L,,Current title + variant,1,current_variant_master,
4685,42913415561291,42913415561291,Bota Box Redvolution,3L,,Current title + variant,1,current_variant_master,
4687,42913415659595,42913415659595,Bota Box Chardonnay,3L,,Current title + variant,1,current_variant_master,
4688,42913415725131,42913415725131,Windsor Blended,375ML,153037,Current title + variant,1,current_variant_master,
4692,42913415888971,42913415888971,Recipe 21 Raspberry Vodka,1L,170968,Current title + variant,1,current_variant_master,
4693,42913415921739,42913415921739,Recipe 21 Orange Vodka,1L,170980,Current title + variant,1,current_variant_master,
4694,42913415954507,42913415954507,Recipe 21 Grape,1L,170975,Current title + variant,1,current_variant_master,
4695,42913415987275,42913415987275,Recipe 21 Cherry Vodka,1L,170979,Current title + variant,1,current_variant_master,
4696,42913416052811,42913416052811,Recipe 21 Blended Whiskey,1L,170982,Current title + variant,1,current_variant_master,
4697,42913416085579,42913416085579,Recipe 21 Blended Whiskey,375ML,170986,Current title + variant,1,current_variant_master,
4698,42913416118347,42913416118347,O'Reilly'S Irish Cream,750ML,153044,Current title + variant,1,current_variant_master,
4700,42913416183883,42913416183883,Mano's Wine Bills Mafia Juice Rose,750ML,202236,Current title + variant,1,current_variant_master,
4701,42913416249419,42913416249419,Molly's Irish Cream,50ML,18635,Current title + variant,1,current_variant_master,
4702,42913416282187,42913416282187,Molly's Irish Cream,1.75L,7054,Current title + variant,1,current_variant_master,
4706,42913416413259,42913416413259,Moet & Chandon Imperial,187ML,9034139,Current title + variant,1,current_variant_master,
4707,42913416446027,42913416446027,Belvedere Organic Vodka,1L,3012512,Current title + variant,1,current_variant_master,
4708,42913416478795,42913416478795,Belvedere Organic Vodka,1.75L,3012513,Current title + variant,1,current_variant_master,
4710,42921060073547,42921060073547,Prophecy Pinot Noir,750ML,,Current title + variant,1,current_variant_master,
4711,42921080389707,42921080389707,Deep Eddy Espresso Vodka,1L,,Current title + variant,1,current_variant_master,
4712,42921080422475,42921080422475,Deep Eddy Espresso Vodka,50ML,,Current title + variant,1,current_variant_master,
4713,42921095397451,42921095397451,Di Amore Sambuca,1L,,Current title + variant,1,current_variant_master,
4714,42922357981259,42922357981259,Unshackled Sauvignon Blanc,750ML,,Current title + variant,1,current_variant_master,
4715,42922362241099,42922362241099,Unshackled Chardonnay,750ML,,Current title + variant,1,current_variant_master,
4716,42922365780043,42922365780043,Josh Cellars Prosecco,750ML,,Current title + variant,1,current_variant_master,
4731,41157730205771,41157730205771,Matua Marlborough Sauvignon Blanc,750ML,9004108,Current title + variant,1,2026-08-07_top50_refresh,
4733,42913380204619,42913380204619,Matua Marlborough Sauvignon Blanc,1.5L,,Current title + variant,1,2026-08-07_top50_refresh,
4752,41157556994123,41157556994123,Kono Marlborough Sauvignon Blanc,750ML,3014764,Current title + variant,1,2026-08-07_top50_refresh,
4754,41157555683403,41157555683403,Hess Select Chardonnay,750ML,3015819,Current title + variant,1,2026-08-07_top50_refresh,
4816,42913401208907,42913401208907,Yellow Tail Super Crisp Chardonnay,750ML,,Current title + variant,1,2026-08-07_top50_refresh,
