variant_id,shopify_gid,product_id,product_gid,product_title,variant_title,handle,status,sku,barcode,variant_created_at,retail_price,current_cost,inventory_quantity,inventory_tracked,shopify_vendor,product_type,active,source_snapshot,last_synced_at
41154906226763,,7262190698571,,Ardbeg 10 Year Single Malt Scotch Whisky,750ML,ardbeg-10-year-single-malt-scotch-whisky,ACTIVE,9002432,083300072106,2024-11-23 01:48:11,,,,,,,1,variant_audit_2026-07-22,2026-07-22
41154906259531,,7262190731339,,Ardbeg Scotch Uigeadail,750ML,ardbeg-scotch-uigeadail,ACTIVE,9033836,083300072045,2024-11-23 01:48:12,,,,,,,1,variant_audit_2026-07-22,2026-07-22
41154906292299,,7262190764107,,Ardbeg Wee Beastie,750ML,ardbeg-wee-beastie,ACTIVE,3005525,081753832902,2024-11-23 01:48:12,,,,,,,1,variant_audit_2026-07-22,2026-07-22
41154906456139,,7262190829643,,Chandon California Brut,750ML,chandon-california-brut,ACTIVE,9002451,085155000013,2024-11-23 01:48:14,,,,,,,1,variant_audit_2026-07-22,2026-07-22
41154906488907,,7262190862411,,Chandon Garden Spritz,750ML,chandon-garden-spritz,ACTIVE,3007822,085155273837,2024-11-23 01:48:15,,,,,,,1,variant_audit_2026-07-22,2026-07-22
41154906521675,,7262190895179,,Chandon Brut Rose,750ML,chandon-brut-rose,ACTIVE,9007070,085155000402,2024-11-23 01:48:17,,,,,,,1,variant_audit_2026-07-22,2026-07-22
41154906554443,,7262190927947,,Veuve Clicquot Rich,750ML,veuve-clicquot-rich,ACTIVE,3003002,081753826130,2024-11-23 01:48:18,,,,,,,1,variant_audit_2026-07-22,2026-07-22
41154906619979,,7262190993483,,Moet & Chandon Nectar Imperial,750ML,veuve-clicquot-moet-necter,ACTIVE,,088110551254,2024-11-23 01:48:21,,,,,,,1,variant_audit_2026-07-22,2026-07-22
41154906685515,,7262191059019,,Cloudy Bay Sauvignon Blanc,750ML,cloudy-bay-sauvignon-blanc,ACTIVE,3014209,081753809423,2024-11-23 01:48:23,,,,,,,1,variant_audit_2026-07-22,2026-07-22
41154906718283,,7262191091787,,Dom Perignon Champagne Brut,750ML,dom-perignon-champagne-brut,ACTIVE,3012320,081753822422,2024-11-23 01:48:24,,,,,,,1,variant_audit_2026-07-22,2026-07-22
41154906751051,,7262191124555,,Glenmorangie Lasanta 12Yr Sherry Cask,750ML,glenmorangie-the-lasanta-12-year-sherry-cask-finish,ACTIVE,3012103,081753810863,2024-11-23 01:48:26,,,,,,,1,variant_audit_2026-07-22,2026-07-22
41154906783819,,7262191157323,,Glenmorangie Quinta Ruban Port 14Yrs,750ML,glenmorangie-the-quinta-ruban-port-cask-14-year-single-malt-scotch-whisky,ACTIVE,3012104,081753831486,2024-11-23 01:48:26,,,,,,,1,variant_audit_2026-07-22,2026-07-22
41154906816587,,7262191190091,,Glenmorangie 12Yrs Single Malt,750ML,glenmorangie-12-years-old-the-original-highland-single-malt-scotch-whisky,ACTIVE,3015606,081753839956,2024-11-23 01:48:27,,,,,,,1,variant_audit_2026-07-22,2026-07-22
41154906849355,,7262191222859,,Glenmorangie Triple Cask Single Malt,750ML,glenmorangie-distillery-triple-cask-reserve-highland-single-malt-scotch-whisky,ACTIVE,3015607,081753840013,2024-11-23 01:48:28,,,,,,,1,variant_audit_2026-07-22,2026-07-22
41154906882123,,7262191255627,,Chateau Les Trois Croix,750ML,chateau-les-trois-croix,ACTIVE,3010925,081753836573,2024-11-23 01:48:29,,,,,,,1,variant_audit_2026-07-22,2026-07-22
41154906914891,,7262191288395,,M de Minuty Rose,750ML,m-de-minuty-rose,ACTIVE,3014774,17790975002214,2024-11-23 01:48:30,,,,,,,1,variant_audit_2026-07-22,2026-07-22
41154906947659,,7262191321163,,Moet & Chandon Imperial,750ML,moet-chandon-brut-imperial,ACTIVE,9084215,088110551056,2024-11-23 01:48:31,,,,,,,1,variant_audit_2026-07-22,2026-07-22
41154907013195,,7262191353931,,Moet & Chandon Rose Imperial,750ML,moet-chandon-imperial-rose,ACTIVE,9007420,088110552404,2024-11-23 01:48:32,,,,,,,1,variant_audit_2026-07-22,2026-07-22
41154907045963,,7262191386699,,Numanthia Termes,750ML,numanthia-termes,ACTIVE,3013817,817538141132,2024-11-23 01:48:33,,,,,,,1,variant_audit_2026-07-22,2026-07-22
41154907111499,,7262191452235,,Skyside Pinot Noir,750ML,skyside-pinot-noir,ACTIVE,3015295,081753833558,2024-11-23 01:48:35,,,,,,,1,variant_audit_2026-07-22,2026-07-22
41154907144267,gid://shopify/ProductVariant/41154907144267,7262191485003,,Altos Del Plata Mendoza Malbec,750ML,terrazas-de-los-andes-malbec-altos-del-plata-mendoza,ACTIVE,3014223,088110158965,2024-11-23 01:48:35,9.99,7.69,,,Empire Merchants North,Red Wine,1,variant_audit_2026-07-22,2026-08-07_top50_refresh
41154907177035,,7262191517771,,Altos del Plata Cabernet Sauvignon,750ML,terrazas-de-los-andes-altos-del-plata-cabernet-sauvignon,ACTIVE,3012656,088110158958,2024-11-23 01:48:36,,,,,,,1,variant_audit_2026-07-22,2026-07-22
41154907209803,,7262191550539,,Terrazas de los Andes Reserva Malbec,750ML,terrazas-de-los-andes-reserva-malbec,ACTIVE,3012657,088110158996,2024-11-23 01:48:37,,,,,,,1,variant_audit_2026-07-22,2026-07-22
41154907242571,gid://shopify/ProductVariant/41154907242571,7262191583307,,The Beach by Whispering Angel,750ML,chateau-desclans-coteaux-daix-en-provence-the-beach-by-whispering-angel,ACTIVE,3015601,081753833909,2024-11-23 01:48:38,19.99,14.99,,,Empire Merchants North,Rosé,1,variant_audit_2026-07-22,2026-08-07_top50_refresh
41154907439179,,7262191779915,,Woodinville Bourbon Port Cask Finish,750ML,woodinville-bourbon-port-cask-finish,ACTIVE,3005011,858349004179,2024-11-23 01:48:43,,,,,,,1,variant_audit_2026-07-22,2026-07-22
41154950692939,,7262196891723,,Doc Swinson's 5Yrs Straight Bourbon,750ML,doc-swinsons-5-years-old-blenders-cut-straight-bourbon-whiskey,ACTIVE,,850167007837,2024-11-23 03:22:21,,,,,,,1,variant_audit_2026-07-22,2026-07-22
41154950725707,,7262196924491,,Doc Swinson's Triple Cask Bourbon,750ML,doc-swinsons-alter-ego-triple-cask-bourbon-whiskey,ACTIVE,,850167007783,2024-11-23 03:22:22,,,,,,,1,variant_audit_2026-07-22,2026-07-22
41154950758475,,7262196957259,,Doc Swinson's Finished In Solera Rye,750ML,doc-swinsons-the-alter-ego-flagship-series-finished-in-solera-rye-whiskey,ACTIVE,,850050046042,2024-11-23 03:22:23,,,,,,,1,variant_audit_2026-07-22,2026-07-22
41154950791243,,7262196990027,,Faber Distilling Co. Chocolate Vodka,750ML,faber-distilling-co-chocolate-vodka,ACTIVE,,644042573018,2024-11-23 03:22:24,,,,,,,1,variant_audit_2026-07-22,2026-07-22
41154950824011,,7262197022795,,Faber Distilling Raspberry Schnapps Liqueur - Premium Fruit Liqueur,750ML,faber-distilling-raspberry-schnapps-liqueur,ACTIVE,,659682958064,2024-11-23 03:22:25,,,,,,,1,variant_audit_2026-07-22,2026-07-22
41154950856779,,7262197055563,,Faber Distilling Vanilla Flavored Vodka,750ML,faber-distilling-vanilla-flavored-vodka,ACTIVE,,644042573001,2024-11-23 03:22:26,,,,,,,1,variant_audit_2026-07-22,2026-07-22
41154950889547,,7262197088331,,Fruitful Mixology Blood Orange Liqueur,1L,fruitful-mixology-blood-orange-liqueur,ACTIVE,,799513954237,2024-11-23 03:22:26,,,,,,,1,variant_audit_2026-07-22,2026-07-22
41154950955083,,7262197153867,,Fruitful Passion Fruit Liqueur,1L,fruitful-passion-fruit-liqueur,ACTIVE,,617737740804,2024-11-23 03:22:28,,,,,,,1,variant_audit_2026-07-22,2026-07-22
41154951053387,,7262197252171,,Madre Mezcal,750ML,madre-mezcal,ACTIVE,,816136022980,2024-11-23 03:22:30,,,,,,,1,variant_audit_2026-07-22,2026-07-22
41154951086155,,7262197284939,,Peychaud's Aromatic Cocktail Bitters,10oz,peychauds-aromatic-cocktail-bitters,ACTIVE,,088004190170,2024-11-23 03:22:31,,,,,,,1,variant_audit_2026-07-22,2026-07-22
41154951217227,,7262197350475,,Zumbador Blanco Tequila 100% de Agave,750ML,zumbador-blanco-tequila-100-de-agave,ACTIVE,,810098407557,2024-11-23 03:22:33,,,,,,,1,variant_audit_2026-07-22,2026-07-22
41154951249995,,7262197383243,,Zumbador Reposado Tequila 100% de Agave,750ML,zumbador-reposado-tequila-100-de-agave,ACTIVE,,810098407533,2024-11-23 03:22:34,,,,,,,1,variant_audit_2026-07-22,2026-07-22
41154954985547,,7262199349323,,Bar Water Vodka Loganberry,1L,bar-water-vodka-loganberry,ACTIVE,,854572005839,2024-11-23 03:44:15,,,,,,,1,variant_audit_2026-07-22,2026-07-22
41154955018315,,7262199382091,,Bar Water Vodka Original,1L,bar-water-vodka-original,ACTIVE,19381,854572005747,2024-11-23 03:44:16,,,,,,,1,variant_audit_2026-07-22,2026-07-22
41154955149387,,7262199414859,,Barmen 1873 Bourbon,750ML,barmen-1873-bourbon,ACTIVE,26441,071990000790,2024-11-23 03:44:17,,,,,,,1,variant_audit_2026-07-22,2026-07-22
41154955247691,,7262199513163,,Brilla Delle Venezie Pinot Grigio Rose,750ML,brilla-delle-venezie-pinot-grigio-rose,ACTIVE,2209,8008863075830,2024-11-23 03:44:18,,,,,,,1,variant_audit_2026-07-22,2026-07-22
41154955313227,gid://shopify/ProductVariant/41154955313227,7262199545931,,Brilla Prosecco Extra Dry,750ML,brilla-prosecco-extra-dry,ACTIVE,2122,8008863060379,2024-11-23 03:44:19,14.99,10.67,,,Wright Distribution,Sparkling Wine,1,variant_audit_2026-07-22,2026-08-07_top50_refresh
41154955411531,gid://shopify/ProductVariant/41154955411531,7262199578699,,Brilla Prosecco Rose Extra Dry,750ML,brilla-prosecco-rose-extra-dry,ACTIVE,2120,8008863065596,2024-11-23 03:44:20,14.99,10.68,,,Wright Distribution,Sparkling Wine,1,variant_audit_2026-07-22,2026-08-07_top50_refresh
41154955575371,,7262199644235,,Heron Eclipse Red,750ML,heron-eclipse-red,ACTIVE,26054,721594001005,2024-11-23 03:44:22,,,,,,,1,variant_audit_2026-07-22,2026-07-22
41154955608139,,7262199677003,,Heron Hill Classic Semi Dry Riesling,750ML,heron-hill-classic-semi-dry-riesling,ACTIVE,26053,721594000572,2024-11-23 03:44:23,,,,,,,1,variant_audit_2026-07-22,2026-07-22
41154955640907,,7262199709771,,Heron Hill Winery Semi-Sweet Riesling,750ML,heron-hill-winery-semi-sweet-riesling,ACTIVE,26052,721594000565,2024-11-23 03:44:24,,,,,,,1,variant_audit_2026-07-22,2026-07-22
41154955706443,,7262199742539,,Hoyser Drunken Bean Coffee Whiskey,750ML,hoyser-coffee-whiskey,ACTIVE,2150,850010358130,2024-11-23 03:44:24,,,,,,,1,variant_audit_2026-07-22,2026-07-22
41154955739211,,7262199775307,,Killr Kck Sour Apple Vodka,50ML,killr-flavoured-whiskey,ACTIVE,,850047591845,2024-11-23 03:44:25,,,,,,,1,variant_audit_2026-07-22,2026-07-22
41154955771979,,7262199808075,,Lifevine Cabernet Sauvignon,750ML,lifevine-cabernet-sauvignonignon,ACTIVE,18950,852411007563,2024-11-23 03:44:26,,,,,,,1,variant_audit_2026-07-22,2026-07-22
41154955903051,,7262199873611,,Lifevine Pinot Noir,750ML,lifevine-pinot-noir,ACTIVE,18953,852411007969,2024-11-23 03:44:28,,,,,,,1,variant_audit_2026-07-22,2026-07-22
41154956001355,,7262199939147,,Lifevine Sauvignon Blanc,750ML,lifevine-sauvignonignon-blanc,ACTIVE,19099,857131008562,2024-11-23 03:44:29,,,,,,,1,variant_audit_2026-07-22,2026-07-22
41154956034123,,7262199971915,,Molly's Irish Cream,1L,mollys-irish-cream,ACTIVE,7047,5390683101008,2024-11-23 03:44:30,,,,,,,1,variant_audit_2026-07-22,2026-07-22
41154956165195,,7262200004683,,Party Horses Flavoured Whiskey,50ML,party-horses-flavoured-whiskey,ACTIVE,,,2024-11-23 03:44:31,,,,,,,1,variant_audit_2026-07-22,2026-07-22
41154968879179,,7262201184331,,1911 Bourborn,750ML,1911-bourborn,ACTIVE,190007,648558945475,2024-11-23 03:55:24,,,,,,,1,variant_audit_2026-07-22,2026-07-22
41154968944715,,7262201217099,,1911 Straight Rye,750ML,1911-straight-rye,ACTIVE,190013,648558946991,2024-11-23 03:55:25,,,,,,,1,variant_audit_2026-07-22,2026-07-22
41154968977483,,7262201249867,,Beatbox Blue Razzberry,500ML,beatbox-blue-razzberry,ACTIVE,445501,851133006137,2024-11-23 03:55:26,,,,,,,1,variant_audit_2026-07-22,2026-07-22
41154969043019,,7262201282635,,Beatbox Fruit Punch,500ML,beatbox-beverages-zero-sugar-fruit-punch,ACTIVE,445504,851133006120,2024-11-23 03:55:27,,,,,,,1,variant_audit_2026-07-22,2026-07-22
41154969075787,,7262201315403,,Beatbox Green Apple,500ML,beatbox-green-apple,ACTIVE,445511,851133006731,2024-11-23 03:55:28,,,,,,,1,variant_audit_2026-07-22,2026-07-22
41154969108555,,7262201348171,,Beatbox Peach Tea,500ML,beatbox-beverages-juicy-mango,ACTIVE,445505,851133006991,2024-11-23 03:55:29,,,,,,,1,variant_audit_2026-07-22,2026-07-22
41154969174091,,7262201380939,,Beatbox Orange Blast,500ML,beatbox-orange,ACTIVE,445516,850059195178,2024-11-23 03:55:29,,,,,,,1,variant_audit_2026-07-22,2026-07-22
41154969206859,,7262201413707,,Cask & Crew Rye,750ML,cask-crew-rye,ACTIVE,390151,077644902502,2024-11-23 03:55:30,,,,,,,1,variant_audit_2026-07-22,2026-07-22
41154969731147,gid://shopify/ProductVariant/41154969731147,7262201806923,,Fox Run Chardonnay,750ML,fox-run-chardonnay,ACTIVE,209100,790773705751,2024-11-23 03:55:40,13.99,10.67,,,Try It Distribution,White Wine,1,variant_audit_2026-07-22,2026-08-07_top50_refresh
41154969829451,,7262201872459,,Freedom Run Pinot Noir,750ML,free-run-pinot-noir,ACTIVE,122003,879139000973,2024-11-23 03:55:42,,,,,,,1,variant_audit_2026-07-22,2026-07-22
41154969862219,,7262201905227,,Freedom Run Unoaked Chardonnay,750ML,free-run-unoaked-chardonnay,ACTIVE,122001,879139000089,2024-11-23 03:55:43,,,,,,,1,variant_audit_2026-07-22,2026-07-22
41154969894987,,7262201937995,,Hoshi Sake,750ML,hoshi-sake,ACTIVE,153056,084279975863,2024-11-23 03:55:44,,,,,,,1,variant_audit_2026-07-22,2026-07-22
41154969960523,,7262201970763,,Mano's Wine Bills Mafia Juice Rose,3L,manos-wine-bills-mafia-juice-rose,ACTIVE,202243,850041774916,2024-11-23 03:55:44,,,,,,,1,variant_audit_2026-07-22,2026-07-22
41154970026059,,7262202003531,,Mano'S Hey Ey cabernet Sauvignon,750ML,manos-hey-eycabernet-sauvignon,ACTIVE,202242,850041774909,2024-11-23 03:55:45,,,,,,,1,variant_audit_2026-07-22,2026-07-22
41154970091595,,7262202036299,,Merritt Estate Winery Bella Rosa,1.5L,merritt-estate-winery-bella-rosa,ACTIVE,145004,719226150238,2024-11-23 03:55:46,,,,,,,1,variant_audit_2026-07-22,2026-07-22
41154970288203,,7262202167371,,O'Reilly'S Irish Cream,1.5L,oreillys-irish-cream,ACTIVE,153045,084279004518,2024-11-23 03:55:50,,,,,,,1,variant_audit_2026-07-22,2026-07-22
41154970386507,,7262202200139,,Recipe 21 Blended Whiskey,1.75L,recipe-21-blended-whiskey,ACTIVE,170985,088004058951,2024-11-23 03:55:51,,,,,,,1,variant_audit_2026-07-22,2026-07-22
41154970484811,,7262202232907,,Recipe 21 Cherry Vodka,1.75L,recipe-21-premium-cherry-flavored-vodka,ACTIVE,170976,088004059255,2024-11-23 03:55:52,,,,,,,1,variant_audit_2026-07-22,2026-07-22
41154970550347,,7262202265675,,Recipe 21 Grape,1.75L,recipe21-grape,ACTIVE,170971,088004059224,2024-11-23 03:55:53,,,,,,,1,variant_audit_2026-07-22,2026-07-22
41154970648651,,7262202298443,,Recipe 21 Orange Vodka,1.75L,recipe-21-orange-flavored-vodka,ACTIVE,170981,077644902861,2024-11-23 03:55:54,,,,,,,1,variant_audit_2026-07-22,2026-07-22
41154970714187,,7262202331211,,Recipe 21 Peach Schnapps,1L,recipe21-peach-schnapps,ACTIVE,170910,088004058982,2024-11-23 03:55:54,,,,,,,1,variant_audit_2026-07-22,2026-07-22
41154970746955,,7262202363979,,Recipe 21 Raspberry Vodka,1.75L,recipe-21-premium-raspberry-flavored-vodka,ACTIVE,170969,088004058920,2024-11-23 03:55:55,,,,,,,1,variant_audit_2026-07-22,2026-07-22
41154970845259,,7262202396747,,Recipe 21 Triple Sec,1L,recipe-21-triple-sec,ACTIVE,170915,088004058555,2024-11-23 03:55:56,,,,,,,1,variant_audit_2026-07-22,2026-07-22
41156898685003,,7262858674251,,2XO American Oak Bourbon,750ML,2xo-whiskey-the-tribute-blend-kentucky-straight-bourbon-whiskey,ACTIVE,,084279008165,2024-11-24 22:02:58,,,,,,,1,variant_audit_2026-07-22,2026-07-22
41156898717771,,7262858707019,,Argento Malbec White,750ML,argento-malbec-white,ACTIVE,,816828027002,2024-11-24 22:02:59,,,,,,,1,variant_audit_2026-07-22,2026-07-22
41156898816075,,7262858805323,,Bear Fight Kentucky Reserve Straight Bourbon,750ML,bear-fight-whiskey-kentucky-reserve-kentucky-straight-bourbon-whiskey,ACTIVE,,850038461638,2024-11-24 22:03:02,,,,,,,1,variant_audit_2026-07-22,2026-07-22
41156898848843,,7262858838091,,BioKult Naken Skin Fermented Wine,750ML,biokult-naken-skin-fermented-wine,ACTIVE,,185554000710,2024-11-24 22:03:02,,,,,,,1,variant_audit_2026-07-22,2026-07-22
41156898881611,,7262858870859,,Black Stallion Cabernet Sauvignon Napa Valley,750ML,black-stallion-estate-winery-cabernet-sauvignon-north-coast,ACTIVE,,082242162432,2024-11-24 22:03:03,,,,,,,1,variant_audit_2026-07-22,2026-07-22
41156898914379,,7262858903627,,Boissiere Extra Dry Vermouth,1L,boissiere-extra-dry-vermouth,ACTIVE,,086785810096,2024-11-24 22:03:04,,,,,,,1,variant_audit_2026-07-22,2026-07-22
41156898947147,,7262858936395,,Boissiere Sweet Red Vermouth,1L,boissiere-sweet-red-vermouth,ACTIVE,,086785810119,2024-11-24 22:03:05,,,,,,,1,variant_audit_2026-07-22,2026-07-22
41156898979915,,7262858969163,,Bota Box Breeze Cabernet Sauvignon,3L,bota-box-breeze-cabernet-sauvignon,ACTIVE,,082242018074,2024-11-24 22:03:06,,,,,,,1,variant_audit_2026-07-22,2026-07-22
41156899012683,,7262859001931,,Bota Box Breeze Chardonnay,3L,bota-box-breeze-chardonnay,ACTIVE,,082242017633,2024-11-24 22:03:07,,,,,,,1,variant_audit_2026-07-22,2026-07-22
41156899045451,,7262859034699,,Bota Box Breeze Pinot Grigio,3L,bota-box-breeze-pinot-grigio,ACTIVE,,082242016780,2024-11-24 22:03:07,,,,,,,1,variant_audit_2026-07-22,2026-07-22
41156899078219,,7262859067467,,Bota Box Cabernet Sauvignon California,3L,bota-box-cabernet-sauvignon-california,ACTIVE,,082242010450,2024-11-24 22:03:08,,,,,,,1,variant_audit_2026-07-22,2026-07-22
41156899110987,,7262859100235,,Bota Box Chardonnay,500ML,bota-box-chardonnay,ACTIVE,,082242011013,2024-11-24 22:03:09,,,,,,,1,variant_audit_2026-07-22,2026-07-22
41156899209291,,7262859165771,,Bota Box Merlot,3L,bota-box-merlot,ACTIVE,,082242017558,2024-11-24 22:03:11,,,,,,,1,variant_audit_2026-07-22,2026-07-22
41156899242059,gid://shopify/ProductVariant/41156899242059,7262859198539,,Bota Box Nighthawk Bourbon Barrel Cabernet Sauvignon,3L,bota-box-nighthawk-black-bourbon-barrel-aged-cabernet-sauvignon,ACTIVE,,082242016063,2024-11-24 22:03:11,19.99,15.33,,,Empire Merchants North,Bourbon,1,variant_audit_2026-07-22,2026-08-07_top50_refresh
41156899274827,,7262859231307,,Bota Box Nighthawk Bold Cabernet Sauvignon,3L,bota-box-nighthawk-black-cabernet-sauvignon,ACTIVE,,082242014380,2024-11-24 22:03:12,,,,,,,1,variant_audit_2026-07-22,2026-07-22
41156899307595,,7262859264075,,Bota Box Nighthawk Black Dark Malbec,3L,bota-box-nighthawk-black-dark-malbec,ACTIVE,,082242017657,2024-11-24 22:03:13,,,,,,,1,variant_audit_2026-07-22,2026-07-22
41156899340363,,7262859296843,,Bota Box Nighthawk Red Blend,3L,bota-box-nighthawk-black-rum-barrel-aged-red-blend,ACTIVE,,082242013741,2024-11-24 22:03:14,,,,,,,1,variant_audit_2026-07-22,2026-07-22
41156899373131,,7262859329611,,Bota Box Nighthawk Gold Buttery Chardonnay,3L,bota-box-nighthawk-gold-buttery-chardonnay,ACTIVE,,082242015691,2024-11-24 22:03:15,,,,,,,1,variant_audit_2026-07-22,2026-07-22
41156899405899,,7262859362379,,Bota Box Old Vine Zinfandel,3L,bota-box-old-vine-zinfandel,ACTIVE,,082242014953,2024-11-24 22:03:16,,,,,,,1,variant_audit_2026-07-22,2026-07-22
41156899438667,gid://shopify/ProductVariant/41156899438667,7262859395147,,Bota Box Pinot Grigio,500ML,bota-box-pinot-grigio,ACTIVE,,082242013314,2024-11-24 22:03:17,4.99,3.33,,,Empire Merchants North,White Wine,1,variant_audit_2026-07-22,2026-08-07_top50_refresh
41156899504203,,7262859427915,,Bota Box Pinot Noir,3L,bota-box-pinot-noir,ACTIVE,,082242012362,2024-11-24 22:03:17,,,,,,,1,variant_audit_2026-07-22,2026-07-22
41156899536971,,7262859460683,,Bota Box Redvolution,500ML,bota-box-redvolution,ACTIVE,,082242010832,2024-11-24 22:03:18,,,,,,,1,variant_audit_2026-07-22,2026-07-22
41156899602507,,7262859493451,,Bota Box Riesling,3L,bota-box-riesling,ACTIVE,,082242013956,2024-11-24 22:03:19,,,,,,,1,variant_audit_2026-07-22,2026-07-22
41156899635275,gid://shopify/ProductVariant/41156899635275,7262859526219,,Bota Box Sauvignon Blanc,500ML,bota-box-sauvignon-blanc,ACTIVE,,082242014311,2024-11-24 22:03:20,4.99,3.33,,,Empire Merchants North,White Wine,1,variant_audit_2026-07-22,2026-08-07_top50_refresh
41156899733579,,7262859591755,,Bread & Butter Chardonnay,750ML,bread-butter-chardonnay,ACTIVE,,850832004260,2024-11-24 22:03:22,,,,,,,1,variant_audit_2026-07-22,2026-07-22
41156899766347,,7262859624523,,Bread & Butter Merlot,750ML,bread-butter-merlot,ACTIVE,,818051022311,2024-11-24 22:03:23,,,,,,,1,variant_audit_2026-07-22,2026-07-22
41156899799115,gid://shopify/ProductVariant/41156899799115,7262859657291,,Bread & Butter Pinot Noir,750ML,bread-butter-pinot-noir,ACTIVE,,850832004277,2024-11-24 22:03:23,14.99,10.66,,,Empire Merchants North,Red Wine,1,variant_audit_2026-07-22,2026-08-07_top50_refresh
41156899831883,,7262859690059,,Breckenridge Distillery Gin,750ML,breckenridge-distillery-gin,ACTIVE,,853826005175,2024-11-24 22:03:24,,,,,,,1,variant_audit_2026-07-22,2026-07-22
41156899864651,,7262859722827,,Breckenridge Distillery Imperial Stout Cask Finish,750ML,breckenridge-distillery-imperial-stout-cask-finish-whiskey-114-7-proof,ACTIVE,,853826005731,2024-11-24 22:03:25,,,,,,,1,variant_audit_2026-07-22,2026-07-22
41156899897419,,7262859755595,,Breckenridge PX Cask Finish Bourbon,750ML,breckenridge-distillery-px-cask-finish-bourbon,ACTIVE,,853826005533,2024-11-24 22:03:26,,,,,,,1,variant_audit_2026-07-22,2026-07-22
41156899930187,,7262859788363,,Breckenridge Rum Cask Finish Bourbon,750ML,breckenridge-rum-cask-finish-bourbon,ACTIVE,,853826005625,2024-11-24 22:03:27,,,,,,,1,variant_audit_2026-07-22,2026-07-22
41156899962955,,7262859821131,,Buena Vista Cabernet Sauvignon Napa Valley,750ML,buena-vista-winery-cabernet-sauvignon-chateau-buena-vista-napa-valley,ACTIVE,,081188107699,2024-11-24 22:03:27,,,,,,,1,variant_audit_2026-07-22,2026-07-22
41156899995723,,7262859853899,,Butternut Chardonnay,750ML,butternut-chardonnay,ACTIVE,,851919004005,2024-11-24 22:03:28,,,,,,,1,variant_audit_2026-07-22,2026-07-22
41156900028491,,7262859886667,,Butternut Pinot Noir,750ML,butternut-pinot-noir,ACTIVE,,851919004128,2024-11-24 22:03:29,,,,,,,1,variant_audit_2026-07-22,2026-07-22
41156900061259,,7262859919435,,Canard-Duchene Brut,750ML,canard-duchene-brut,ACTIVE,,664941002594,2024-11-24 22:03:30,,,,,,,1,variant_audit_2026-07-22,2026-07-22
41156900094027,,7262859952203,,Cannonball Cabernet Sauvignon California,750ML,cannonball-cabernet-sauvignon-california,ACTIVE,,896499001105,2024-11-24 22:03:31,,,,,,,1,variant_audit_2026-07-22,2026-07-22
41156900159563,,7262860017739,,Caparzo Rosso di Montalcino,750ML,caparzo-rosso-di-montalcino,ACTIVE,,089419002065,2024-11-24 22:03:32,,,,,,,1,variant_audit_2026-07-22,2026-07-22
41156900192331,,7262860050507,,Caparzo Toscana Sangiovese,750ML,caparzo-toscana-sangiovese,ACTIVE,,089419002102,2024-11-24 22:03:33,,,,,,,1,variant_audit_2026-07-22,2026-07-22
41156900225099,,7262860083275,,Carpineto Brunello di Montalcino,750ML,carpineto-brunello-di-montalcino,ACTIVE,,080175199594,2024-11-24 22:03:34,,,,,,,1,variant_audit_2026-07-22,2026-07-22
41156900257867,,7262860116043,,Carpineto Toscana Dogajolo Rosso,750ML,carpineto-toscana-dogajolo-rosso,ACTIVE,,080175593750,2024-11-24 22:03:35,,,,,,,1,variant_audit_2026-07-22,2026-07-22
41156900323403,,7262860181579,,Casa Azul Organic Reposado Tequila,750ML,casa-azul-organic-reposado-tequila-100-puro-de-agave,ACTIVE,,810095790089,2024-11-24 22:03:36,,,,,,,1,variant_audit_2026-07-22,2026-07-22
41156900388939,,7262860247115,,Cavit Pinot Grigio,750ML,cavit-pinot-grigio-delle-venezie-doc,ACTIVE,,086785000084,2024-11-24 22:03:38,,,,,,,1,variant_audit_2026-07-22,2026-07-22
41156900454475,,7262860279883,,Dead Rabbit Irish Whiskey,750ML,dead-rabbit-irish-whiskey,ACTIVE,,736040545620,2024-11-24 22:03:39,,,,,,,1,variant_audit_2026-07-22,2026-07-22
41156900487243,,7262860312651,,Decoy Cabernet Sauvignon,750ML,decoy-cabernet-sauvignon-california,ACTIVE,,669576019269,2024-11-24 22:03:40,,,,,,,1,variant_audit_2026-07-22,2026-07-22
41156900520011,,7262860345419,,Decoy Chardonnay California,750ML,decoy-chardonnay-california,ACTIVE,,669576019245,2024-11-24 22:03:41,,,,,,,1,variant_audit_2026-07-22,2026-07-22
41156900552779,,7262860378187,,Decoy Limited Cabernet Sauvignon Alexander Valley,750ML,decoy-limited-cabernet-sauvignon-alexander-valley,ACTIVE,,669576020449,2024-11-24 22:03:42,,,,,,,1,variant_audit_2026-07-22,2026-07-22
41156900585547,,7262860410955,,Decoy Limited Pinot Noir Sonoma Coast,750ML,decoy-limited-pinot-noir-sonoma-coast,ACTIVE,,669576020784,2024-11-24 22:03:43,,,,,,,1,variant_audit_2026-07-22,2026-07-22
41156900618315,,7262860443723,,Decoy Pinot Noir California,750ML,decoy-pinot-noir-california,ACTIVE,,669576019221,2024-11-24 22:03:44,,,,,,,1,variant_audit_2026-07-22,2026-07-22
41156900716619,,7262860542027,,Domaine Bousquet Virgen Malbec,750ML,domaine-bousquet-malbec-virgen-organic-tupungato,ACTIVE,,879716001553,2024-11-24 22:03:46,,,,,,,1,variant_audit_2026-07-22,2026-07-22
41156900749387,,7262860574795,,Dorda Coconut Liqueur,750ML,dorda-coconut-liqueur,ACTIVE,,852935001764,2024-11-24 22:03:47,,,,,,,1,variant_audit_2026-07-22,2026-07-22
41156900782155,,7262860607563,,Dorda Double Chocolate Liqueur,750ML,dorda-double-chocolate-liqueur,ACTIVE,,852935001337,2024-11-24 22:03:48,,,,,,,1,variant_audit_2026-07-22,2026-07-22
41156900814923,,7262860640331,,Dos Maderas PX 5+5 Triple Aged Rum,750ML,dos-maderas-px-5-5-triple-aged-rum,ACTIVE,,086785643267,2024-11-24 22:03:49,,,,,,,1,variant_audit_2026-07-22,2026-07-22
41156900847691,,7262860673099,,Drumshanbo Gunpowder Irish Gin,50ML,drumshanbo-gunpowder-irish-gin,ACTIVE,,8500003890520,2024-11-24 22:03:50,,,,,,,1,variant_audit_2026-07-22,2026-07-22
41156900880459,,7262860705867,,Drumshanbo Gunpowder Irish Gin (Dragon Edition),750ML,drumshanbo-gunpowder-irish-gin-year-of-the-dragon,ACTIVE,,086785012346,2024-11-24 22:03:51,,,,,,,1,variant_audit_2026-07-22,2026-07-22
41156900945995,,7262860771403,,Drumshanbo Gunpowder Orange Citrus Gin,50ML,drumshanbo-gunpowder-orange-citrus-irish-gin,ACTIVE,,086785091235,2024-11-24 22:03:53,,,,,,,1,variant_audit_2026-07-22,2026-07-22
41156901011531,,7262860804171,,Drumshanbo Gunpowder Sardinian Gin,50ML,drumshanbo-gunpowder-sardinian-citrus-irish-gin,ACTIVE,,086785091211,2024-11-24 22:03:54,,,,,,,1,variant_audit_2026-07-22,2026-07-22
41156901077067,,7262860836939,,Duckhorn Vineyards Merlot Napa Valley,750ML,duckhorn-vineyards-merlot-napa-valley,ACTIVE,,669576019283,2024-11-24 22:03:54,,,,,,,1,variant_audit_2026-07-22,2026-07-22
41156901142603,,7262860902475,,Educated Guess Cabernet Sauvignon,750ML,educated-guess-cabernet-sauvignon-eg-by-educated-guess-north-coast,ACTIVE,,898079001147,2024-11-24 22:03:56,,,,,,,1,variant_audit_2026-07-22,2026-07-22
41156901175371,,7262860935243,,El Coto Blanco Rioja DOCa,750ML,el-coto-blanco-rioja-doca,ACTIVE,,080175222261,2024-11-24 22:03:57,,,,,,,1,variant_audit_2026-07-22,2026-07-22
41156901208139,,7262860968011,,El Coto Crianza Rioja DOCa,750ML,el-coto-crianza-rioja-doca,ACTIVE,,080175222216,2024-11-24 22:03:58,,,,,,,1,variant_audit_2026-07-22,2026-07-22
41156901240907,,7262861000779,,Four Roses Single Barrel Bourbon,750ML,four-roses-single-barrel-bourbon,ACTIVE,,040063400027,2024-11-24 22:03:59,,,,,,,1,variant_audit_2026-07-22,2026-07-22
41156901273675,,7262861033547,,Four Roses Small Batch Bourbon,50ML,four-roses-small-batch-bourbon,ACTIVE,,040232498282,2024-11-24 22:04:00,,,,,,,1,variant_audit_2026-07-22,2026-07-22
41156901339211,,7262861066315,,Four Roses Small Batch Bourbon Gift Pack,750ML,four-roses-small-batch-bourbon-gift-pack,ARCHIVED,,860007585319,2024-11-24 22:04:01,,,,,,,0,variant_audit_2026-07-22,2026-07-22
41156901371979,,7262861099083,,Four Roses Kentucky Straight Bourbon,1L,four-roses-small-batch-kentucky-straight-bourbon-whisky-with-ice-molds,ACTIVE,,793573124258,2024-11-24 22:04:02,,,,,,,1,variant_audit_2026-07-22,2026-07-22
41156901470283,,7262861131851,,Four Roses Small Batch Select Bourbon,750ML,four-roses-small-batch-select-bourbon,ACTIVE,,040232288333,2024-11-24 22:04:03,,,,,,,1,variant_audit_2026-07-22,2026-07-22
41156901503051,,7262861164619,,Coppola Diamond Collection Black Label Claret,750ML,francis-ford-coppola-diamond-collection-black-label-claret,ACTIVE,,739958974001,2024-11-24 22:04:04,,,,,,,1,variant_audit_2026-07-22,2026-07-22
41156901535819,,7262861197387,,Coppola Diamond Collection Chardonnay,750ML,francis-ford-coppola-diamond-collection-chardonnay,ACTIVE,,739958984208,2024-11-24 22:04:05,,,,,,,1,variant_audit_2026-07-22,2026-07-22
41156901568587,,7262861230155,,Coppola Diamond Paso Robles Cabernet Sauvignon,750ML,francis-ford-coppola-diamond-collection-paso-robles-cabernet-sauvignon,ACTIVE,,739958194805,2024-11-24 22:04:05,,,,,,,1,variant_audit_2026-07-22,2026-07-22
41156901601355,,7262861262923,,Coppola Diamond Collection Pinot Noir,750ML,francis-ford-coppola-diamond-collection-pinot-noir,ACTIVE,,739958014509,2024-11-24 22:04:06,,,,,,,1,variant_audit_2026-07-22,2026-07-22
41156901634123,,7262861295691,,Freakshow Cabernet Savignon,750ML,freakshow-cabernet-savignon,ACTIVE,,652935100333,2024-11-24 22:04:07,,,,,,,1,variant_audit_2026-07-22,2026-07-22
41156901666891,,7262861328459,,FUYU Small Batch Japanese Mizunara,700ML,fuyu-small-batch-blended-japanese-mizunara-whisky,ACTIVE,,4589891960632,2024-11-24 22:04:08,,,,,,,1,variant_audit_2026-07-22,2026-07-22
41156901699659,,7262861361227,,Gnarly Head Cabernet Sauvignon,750ML,gnarly-head-cabernet-sauvignon,ACTIVE,,082242290432,2024-11-24 22:04:09,,,,,,,1,variant_audit_2026-07-22,2026-07-22
41156901732427,,7262861393995,,Gnarly Head Zinfandel Old Vine Lodi,750ML,gnarly-head-zinfandel-old-vine-lodi,ACTIVE,,082242294935,2024-11-24 22:04:10,,,,,,,1,variant_audit_2026-07-22,2026-07-22
41156901765195,,7262861426763,,Gozio Amaretto,375ML,gozio-amaretto,ACTIVE,,752245113457,2024-11-24 22:04:11,,,,,,,1,variant_audit_2026-07-22,2026-07-22
41156901830731,,7262861459531,,Honoro Vera Rioja Tempranillo,750ML,honoro-vera-rioja-tempranillo,ACTIVE,,851115002775,2024-11-24 22:04:11,,,,,,,1,variant_audit_2026-07-22,2026-07-22
41156901863499,,7262861492299,,Iceberg Canadian Vodka,750ML,iceberg-canadian-vodka,ACTIVE,,721384002472,2024-11-24 22:04:12,,,,,,,1,variant_audit_2026-07-22,2026-07-22
41156901896267,,7262861525067,,Jackson Morgan Peppermint Mocha,750ML,jackson-morgan-peppermint-mocha,ACTIVE,,855400005113,2024-11-24 22:04:13,,,,,,,1,variant_audit_2026-07-22,2026-07-22
41156901929035,,7262861557835,,Jackson Morgan Salted Caramel,750ML,jackson-morgan-salted-caramel,ACTIVE,,855400005038,2024-11-24 22:04:14,,,,,,,1,variant_audit_2026-07-22,2026-07-22
41156901961803,,7262861590603,,Kentucky Peerless Small Batch Rye,750ML,kentucky-peerless-small-batch-rye,ACTIVE,,813555020542,2024-11-24 22:04:15,,,,,,,1,variant_audit_2026-07-22,2026-07-22
41156901994571,,7262861623371,,La Vieille Ferme Sparkling Reserve Rose,750ML,la-vieille-ferme-sparkling-reserve-rose,ACTIVE,,631470008021,2024-11-24 22:04:16,,,,,,,1,variant_audit_2026-07-22,2026-07-22
41156902027339,,7262861656139,,La Vieille Ferme Ventoux Rouge,750ML,la-vieille-ferme-ventoux-rouge,ACTIVE,,089419000108,2024-11-24 22:04:17,,,,,,,1,variant_audit_2026-07-22,2026-07-22
41156902060107,,7262861688907,,Lalo Blanco Tequila,750ML,lalo-blanco-tequila,ACTIVE,,811041030013,2024-11-24 22:04:18,,,,,,,1,variant_audit_2026-07-22,2026-07-22
41156902092875,,7262861721675,,LaLuca Prosecco,750ML,laluca-prosecco,ACTIVE,,080175531646,2024-11-24 22:04:18,,,,,,,1,variant_audit_2026-07-22,2026-07-22
41156902125643,,7262861754443,,LaLuca Prosecco Rose,750ML,laluca-prosecco-rose,ACTIVE,,080175090174,2024-11-24 22:04:19,,,,,,,1,variant_audit_2026-07-22,2026-07-22
41156902158411,,7262861787211,,Liberty School Cabernet Sauvignon,750ML,liberty-school-cabernet-sauvignon,ACTIVE,,657891700207,2024-11-24 22:04:20,,,,,,,1,variant_audit_2026-07-22,2026-07-22
41156902223947,,7262861852747,,Meletti Amaro,750ML,meletti-amaro,ACTIVE,,080175026241,2024-11-24 22:04:22,,,,,,,1,variant_audit_2026-07-22,2026-07-22
41156902256715,,7262861885515,,Merrys Irish Cream,750ML,merrys-irish-cream,ACTIVE,,665203200604,2024-11-24 22:04:23,,,,,,,1,variant_audit_2026-07-22,2026-07-22
41156902420555,,7262862016587,,Mon Frere Vintner's Chardonnay,750ML,mon-frere-winery-vintners-selection-chardonnay-california,ACTIVE,,086785494159,2024-11-24 22:04:27,,,,,,,1,variant_audit_2026-07-22,2026-07-22
41156902453323,,7262862049355,,Mount Fishtail Sauvignon Blanc,750ML,mount-fishtail-wines-sauvignon-blanc-marlborough,ACTIVE,,858441006422,2024-11-24 22:04:27,,,,,,,1,variant_audit_2026-07-22,2026-07-22
41156902617163,,7262862213195,,Noble Vines Chardonnay 446 Monterey,750ML,noble-vines-chardonnay-446-monterey,ACTIVE,,082242562133,2024-11-24 22:04:32,,,,,,,1,variant_audit_2026-07-22,2026-07-22
41156902649931,,7262862245963,,Noble Vines Pinot Noir 667 Monterey,750ML,noble-vines-pinot-noir-667-monterey,ACTIVE,,082242544030,2024-11-24 22:04:33,,,,,,,1,variant_audit_2026-07-22,2026-07-22
41156902682699,,7262862278731,,Nue Vodka Original,1.75L,nue-vodka-original,ACTIVE,,793573618559,2024-11-24 22:04:34,,,,,,,1,variant_audit_2026-07-22,2026-07-22
41156902715467,,7262862311499,,Portillo Malbec,750ML,portillo-malbec,ACTIVE,,086785750088,2024-11-24 22:04:35,,,,,,,1,variant_audit_2026-07-22,2026-07-22
41156902748235,,7262862344267,,Post Meridiem Cosmopolitan,100ML,post-meridiem-cosmopolitan,ACTIVE,,858173008183,2024-11-24 22:04:35,,,,,,,1,variant_audit_2026-07-22,2026-07-22
41156902781003,,7262862377035,,Post Meridiem Spirit Co. Espresso Martini,100ML,post-meridiem-spirit-co-espresso-martini,ACTIVE,,858173008190,2024-11-24 22:04:36,,,,,,,1,variant_audit_2026-07-22,2026-07-22
41156902813771,,7262862409803,,Post Meridiem Spirit Co. Southside,100ML,post-meridiem-spirit-co-southside,ACTIVE,,858173008237,2024-11-24 22:04:37,,,,,,,1,variant_audit_2026-07-22,2026-07-22
41156902846539,,7262862442571,,Post Meridiem The Double Old Fashioned,100ML,post-meridiem-spirit-co-the-double-old-fashioned,ACTIVE,,858173008015,2024-11-24 22:04:38,,,,,,,1,variant_audit_2026-07-22,2026-07-22
41156902879307,,7262862475339,,Prima Perla Prosecco di Treviso,750ML,prima-perla-prosecco-di-treviso,ACTIVE,,892339002134,2024-11-24 22:04:39,,,,,,,1,variant_audit_2026-07-22,2026-07-22
41156902912075,,7262862508107,,Rebel Kentucky Straight Bourbon 100 Proof,750ML,rebel-kentucky-straight-bourbon-100-proof,ACTIVE,,088352133942,2024-11-24 22:04:40,,,,,,,1,variant_audit_2026-07-22,2026-07-22
41156903010379,,7262862606411,,Risata Moscato d'Asti,750ML,risata-moscato-dasti,ACTIVE,,084279977638,2024-11-24 22:04:43,,,,,,,1,variant_audit_2026-07-22,2026-07-22
41156903043147,,7262862639179,,Rocca delle Macie Chianti Classico,750ML,rocca-delle-macie-chianti-classico,ACTIVE,,086785120317,2024-11-24 22:04:43,,,,,,,1,variant_audit_2026-07-22,2026-07-22
41156903075915,,7262862671947,,Roscato Moscato,750ML,roscato-moscato-trevenezie,ACTIVE,,086785213002,2024-11-24 22:04:44,,,,,,,1,variant_audit_2026-07-22,2026-07-22
41156903108683,,7262862704715,,Roscato Rosso Dolce,750ML,roscato-rosso-dolce,ACTIVE,,086785110738,2024-11-24 22:04:45,,,,,,,1,variant_audit_2026-07-22,2026-07-22
41156903141451,,7262862737483,,Saint Brendan's Irish Cream,750ML,saint-brendans-irish-cream,ACTIVE,,088352130217,2024-11-24 22:04:46,,,,,,,1,variant_audit_2026-07-22,2026-07-22
41156903174219,gid://shopify/ProductVariant/41156903174219,7262862770251,,Schmitt Sohne Relax Riesling,750ML,schmitt-sohne-relax-riesling,ACTIVE,,088474022407,2024-11-24 22:04:47,11.99,10.0,,,Empire Merchants North,White Wine,1,variant_audit_2026-07-22,2026-08-07_top50_refresh
41156903239755,,7262862803019,,Sonoma-Cutrer Russian River Ranches Chardonnay,750ML,sonoma-cutrer-russian-river-ranches-chardonnay,ACTIVE,,769611047599,2024-11-24 22:04:48,,,,,,,1,variant_audit_2026-07-22,2026-07-22
41156903305291,,7262862868555,,Stella Rosa Black,750ML,stella-rosa-black,ACTIVE,,087872633369,2024-11-24 22:04:49,,,,,,,1,variant_audit_2026-07-22,2026-07-22
41156903338059,,7262862901323,,Stella Rosa Black Cherry,750ML,stella-rosa-black-cherry,ACTIVE,,087872630955,2024-11-24 22:04:50,,,,,,,1,variant_audit_2026-07-22,2026-07-22
41156903370827,,7262862934091,,Stella Rosa Blackberry,750ML,stella-rosa-blackberry,ACTIVE,,087872634205,2024-11-24 22:04:51,,,,,,,1,variant_audit_2026-07-22,2026-07-22
41156903403595,,7262862966859,,Stella Rosa Cranberry,750ML,stella-rosa-cranberry,ACTIVE,,087872630894,2024-11-24 22:04:52,,,,,,,1,variant_audit_2026-07-22,2026-07-22
41156903436363,,7262862999627,,Stella Rosa Pineapple,750ML,stella-rosa-pineapple,ACTIVE,,087872638401,2024-11-24 22:04:53,,,,,,,1,variant_audit_2026-07-22,2026-07-22
41156903469131,,7262863032395,,Stella Rosa Stella Peach,750ML,stella-rosa-stella-peach,ACTIVE,,087872632218,2024-11-24 22:04:54,,,,,,,1,variant_audit_2026-07-22,2026-07-22
41156903534667,,7262863097931,,Stella Rosa Tropical Mango,750ML,stella-rosa-tropical-mango,ACTIVE,,087872633956,2024-11-24 22:04:55,,,,,,,1,variant_audit_2026-07-22,2026-07-22
41156903567435,,7262863130699,,Stoneleigh Classic Sauvignon Blanc,750ML,stoneleigh-classic-sauvignon-blanc,ACTIVE,,082242017053,2024-11-24 22:04:56,,,,,,,1,variant_audit_2026-07-22,2026-07-22
41156903600203,,7262863163467,,The Icon Rock Red Blend Mendoza,750ML,the-icon-rock-red-blend-mendoza,ACTIVE,,7791540055447,2024-11-24 22:04:57,,,,,,,1,variant_audit_2026-07-22,2026-07-22
41156903632971,,7262863196235,,The Macallan Double Cask 12 Year Old,750ML,the-macallan-double-cask-12-year-old,ACTIVE,,812066021598,2024-11-24 22:04:58,,,,,,,1,variant_audit_2026-07-22,2026-07-22
41156903665739,,7262863229003,,The Macallan Double Cask 15 Year Old,750ML,the-macallan-double-cask-15-year-old,ACTIVE,,812066023066,2024-11-24 22:04:59,,,,,,,1,variant_audit_2026-07-22,2026-07-22
41156903731275,,7262863294539,,The Macallan Double Cask 18 Year Old,750ML,the-macallan-double-cask-18-year-old,ACTIVE,,812066023387,2024-11-24 22:04:59,,,,,,,1,variant_audit_2026-07-22,2026-07-22
41156903796811,,7262863327307,,The Macallan Sherry Oak 12 Year Old,750ML,the-macallan-sherry-oak-12-year-old,ACTIVE,,812066020553,2024-11-24 22:05:00,,,,,,,1,variant_audit_2026-07-22,2026-07-22
41156903829579,,7262863360075,,The Macallan Sherry Oak 18 Year Old,750ML,the-macallan-sherry-oak-18-year-old,ACTIVE,,812066020355,2024-11-24 22:05:01,,,,,,,1,variant_audit_2026-07-22,2026-07-22
41156903862347,,7262863392843,,Tullibardine 12Yrs,750ML,tullibardine-12yrs,ACTIVE,,813897020422,2024-11-24 22:05:02,,,,,,,1,variant_audit_2026-07-22,2026-07-22
41156903895115,,7262863425611,,Umberto Cesari Sangiovese Riserva,750ML,umberto-cesari-sangiovese-riserva,ACTIVE,,818276000064,2024-11-24 22:05:03,,,,,,,1,variant_audit_2026-07-22,2026-07-22
41156903927883,,7262863458379,,Underwood Cellars Pinot Noir,750ML,underwood-cellars-pinot-noir,ACTIVE,,856036001005,2024-11-24 22:05:04,,,,,,,1,variant_audit_2026-07-22,2026-07-22
41156903960651,,7262863491147,,Wagner Vineyards Unoaked Chardonany,750ML,wagner-vineyards-unoaked-chardonany,ACTIVE,,096363001204,2024-11-24 22:05:05,,,,,,,1,variant_audit_2026-07-22,2026-07-22
41156903993419,,7262863523915,,Warre's Fine Bottled Aged Port,750ML,warres-fine-white-port,ACTIVE,,089419345926,2024-11-24 22:05:05,,,,,,,1,variant_audit_2026-07-22,2026-07-22
41156904026187,,7262863556683,,Warre's King's Tawny Port,750ML,warres-kings-tawny-port,ACTIVE,,089419003017,2024-11-24 22:05:06,,,,,,,1,variant_audit_2026-07-22,2026-07-22
41156904058955,,7262863589451,,Warre's Warrior Finest Reserve Port,750ML,warres-warrior-finest-reserve-port,ACTIVE,,089419003031,2024-11-24 22:05:07,,,,,,,1,variant_audit_2026-07-22,2026-07-22
41156904091723,,7262863622219,,White Claw Spirits Black Cherry Flavored Vodka,750ML,white-claw-spirits-black-cherry-flavored-vodka,ACTIVE,,810113770000,2024-11-24 22:05:08,,,,,,,1,variant_audit_2026-07-22,2026-07-22
41156904124491,,7262863654987,,White Claw Spirits Mango Flavored Vodka,750ML,white-claw-spirits-mango-flavored-vodka,ACTIVE,,810113770017,2024-11-24 22:05:09,,,,,,,1,variant_audit_2026-07-22,2026-07-22
41156904157259,,7262863687755,,White Claw Spirits Pineapple Flavored Vodka,750ML,white-claw-spirits-pineapple-flavored-vodka,ACTIVE,,810113770024,2024-11-24 22:05:10,,,,,,,1,variant_audit_2026-07-22,2026-07-22
41156904190027,,7262863720523,,White Claw Spirits Premium Vodka,750ML,white-claw-spirits-premium-vodka,ACTIVE,,810113770031,2024-11-24 22:05:10,,,,,,,1,variant_audit_2026-07-22,2026-07-22
41156904222795,,7262863753291,,Yealands Sauvignon Blanc,750ML,yealands-sauvignon-blanc,ACTIVE,,086785170008,2024-11-24 22:05:11,,,,,,,1,variant_audit_2026-07-22,2026-07-22
41156904255563,,7262863786059,,Yellowstone Select Kentucky Straight Bourbon,750ML,yellowstone-select-kentucky-straight-bourbon-whiskey,ACTIVE,,088352130798,2024-11-24 22:05:12,,,,,,,1,variant_audit_2026-07-22,2026-07-22
41157194743883,,7262994628683,,21 Seeds Tequila Cucumber Jalapeno,750ML,21-seeds-tequila-cucumber-jalapeno,ACTIVE,,088076188808,2024-11-25 03:55:19,,,,,,,1,variant_audit_2026-07-22,2026-07-22
41157194776651,,7262994661451,,21 Seeds Tequila Grapefruit Hibiscus,750ML,21-seeds-tequila-grapefruit-hibiscus,ACTIVE,92311,088076188815,2024-11-25 03:55:20,,,,,,,1,variant_audit_2026-07-22,2026-07-22
41157194809419,,7262994694219,,21 Seeds Tequila Valencia Orange,750ML,21-seeds-tequila-valencia-orange,ACTIVE,92312,088076188822,2024-11-25 03:55:21,,,,,,,1,variant_audit_2026-07-22,2026-07-22
41157194842187,,7262994759755,,818 Tequila Blanco,750ML,818-tequila-blanco,ACTIVE,95427,195893687015,2024-11-25 03:55:22,,,,,,,1,variant_audit_2026-07-22,2026-07-22
41157195137099,,7262994792523,,818 Tequila Reposado,750ML,818-tequila-reposado,ACTIVE,,195893031092,2024-11-25 03:55:23,,,,,,,1,variant_audit_2026-07-22,2026-07-22
41157195169867,,7262994825291,,Aberfeldy 12 Year Old,750ML,aberfeldy-12-year-old,ACTIVE,,080480220006,2024-11-25 03:55:24,,,,,,,1,variant_audit_2026-07-22,2026-07-22
41157195464779,,7262994890827,,Absolut Citron,1L,absolut-citron,ACTIVE,,835229001404,2024-11-25 03:55:24,,,,,,,1,variant_audit_2026-07-22,2026-07-22
41157195825227,,7262994956363,,Absolut Lime,50ML,absolut-lime,ACTIVE,,835229010253,2024-11-25 03:55:25,,,,,,,1,variant_audit_2026-07-22,2026-07-22
41157195923531,,7262995021899,,Absolut Peach,1L,absolut-peach,ACTIVE,,835229001145,2024-11-25 03:55:27,,,,,,,1,variant_audit_2026-07-22,2026-07-22
41157195956299,,7262995054667,,Absolut Vanilia,1L,absolut-vanilia,ACTIVE,,835229006409,2024-11-25 03:55:28,,,,,,,1,variant_audit_2026-07-22,2026-07-22
41157196152907,,7262995120203,,Absolut Vodka Mango Vodka,1L,absolut-vodka-mango-flavored-vodka-76-proof,ACTIVE,,835229001435,2024-11-25 03:55:30,,,,,,,1,variant_audit_2026-07-22,2026-07-22
41157196185675,,7262995152971,,Absolut Wild Berri,50ML,absolut-wild-berri,ACTIVE,,835229011045,2024-11-25 03:55:31,,,,,,,1,variant_audit_2026-07-22,2026-07-22
41157196251211,,7262995185739,,Angel's Envy Bourbon Whiskey,750ML,angels-envy-bourbon-whiskey,ACTIVE,,850047003003,2024-11-25 03:55:32,,,,,,,1,variant_audit_2026-07-22,2026-07-22
41157196316747,,7262995218507,,Aperol Aperitivo,750ML,aperol-aperitivo,ACTIVE,,721059001311,2024-11-25 03:55:33,,,,,,,1,variant_audit_2026-07-22,2026-07-22
41157196447819,,7262995284043,,Bacardi Coconut,1.75L,bacardi-coconut,ACTIVE,,080480400613,2024-11-25 03:55:37,,,,,,,1,variant_audit_2026-07-22,2026-07-22
41157196513355,,7262995316811,,Bacardi Dragonberry,1.75L,bacardi-dragonberry,ACTIVE,,080480000257,2024-11-25 03:55:38,,,,,,,1,variant_audit_2026-07-22,2026-07-22
41157197496395,,7262995906635,,Bacardi Gold,50ML,bacardi-gold,ACTIVE,,080480026219,2024-11-25 03:55:39,,,,,,,1,variant_audit_2026-07-22,2026-07-22
41157197594699,,7262995972171,,Bacardi Lime,1L,bacardi-lime,ACTIVE,,080480984267,2024-11-25 03:55:40,,,,,,,1,variant_audit_2026-07-22,2026-07-22
41157197660235,,7262996004939,,Bacardi Limon,1.75L,bacardi-limon,ACTIVE,,080480355203,2024-11-25 03:55:41,,,,,,,1,variant_audit_2026-07-22,2026-07-22
41157197725771,,7262996037707,,Bacardi Pineapple,1.75L,bacardi-pineapple,ACTIVE,,080480003814,2024-11-25 03:55:41,,,,,,,1,variant_audit_2026-07-22,2026-07-22
41157197791307,,7262996070475,,Bacardi Raspberry,1.75L,bacardi-raspberry,ACTIVE,,080480006747,2024-11-25 03:55:42,,,,,,,1,variant_audit_2026-07-22,2026-07-22
41157197856843,,7262996103243,,Bacardi Spiced Rum,50ML,bacardi-spiced-rum,ACTIVE,,080480001551,2024-11-25 03:55:43,,,,,,,1,variant_audit_2026-07-22,2026-07-22
41157198610507,,7262996168779,,Baileys Chocolate Liqueur,750ML,baileys-chocolate-liqueur,ACTIVE,,086767705488,2024-11-25 03:55:45,,,,,,,1,variant_audit_2026-07-22,2026-07-22
41157198643275,,7262996201547,,Baileys Cinnamon Churros Irish Cream Liqueur,750ML,baileys-cinnamon-churros-irish-cream-liqueur,ACTIVE,,086767705525,2024-11-25 03:55:46,,,,,,,1,variant_audit_2026-07-22,2026-07-22
41157198708811,,7262996234315,,Baileys Original Irish Cream,375ML,baileys-original-irish-cream,ACTIVE,,086767210098,2024-11-25 03:55:47,,,,,,,1,variant_audit_2026-07-22,2026-07-22
41157198970955,,7262996332619,,Basil Hayden Dark Rye Whiskey,750ML,basil-hayden-dark-rye-whiskey,ACTIVE,,080686012146,2024-11-25 03:55:49,,,,,,,1,variant_audit_2026-07-22,2026-07-22
41157200150603,,7262996365387,,Basil Hayden Toast Bourbon Whiskey,750ML,basil-hayden-toast-bourbon-whiskey,ACTIVE,,080686012344,2024-11-25 03:55:49,,,,,,,1,variant_audit_2026-07-22,2026-07-22
41157200183371,,7262996398155,,Bombay Dry Gin,750ML,bombay-dry-gin,ACTIVE,,080480300029,2024-11-25 03:55:50,,,,,,,1,variant_audit_2026-07-22,2026-07-22
41157200478283,,7262996496459,,Bully Hill Banty Red,750ML,bully-hill-banty-red,ACTIVE,,084850301012,2024-11-25 03:55:53,,,,,,,1,variant_audit_2026-07-22,2026-07-22
41157200576587,,7262996594763,,Bully Hill Sweet Walter Blackberry,750ML,bully-hill-sweet-walter-blackberry,ACTIVE,,084850301203,2024-11-25 03:55:56,,,,,,,1,variant_audit_2026-07-22,2026-07-22
41157200609355,,7262996627531,,Bully Hill Sweet Walter Cherry,750ML,bully-hill-sweet-walter-cherry,ACTIVE,,084850201206,2024-11-25 03:55:57,,,,,,,1,variant_audit_2026-07-22,2026-07-22
41157200642123,,7262996660299,,Bully Hill Sweet Walter Loganberry Sangria,750ML,bully-hill-sweet-walter-loganberry-sangria,ACTIVE,,084850301210,2024-11-25 03:55:57,,,,,,,1,variant_audit_2026-07-22,2026-07-22
41157200674891,,7262996693067,,Bully Hill Sweet Walter Rose,750ML,bully-hill-sweet-walter-rose,ACTIVE,,084850201817,2024-11-25 03:55:58,,,,,,,1,variant_audit_2026-07-22,2026-07-22
41157200707659,,7262996725835,,Bully Hill Sweet Walter Strawberry,750ML,bully-hill-sweet-walter-strawberry,ACTIVE,,084850201220,2024-11-25 03:55:59,,,,,,,1,variant_audit_2026-07-22,2026-07-22
41157200740427,,7262996758603,,Bully Hill Vineyards Love My Goat Red,750ML,bully-hill-vineyards-love-my-goat-red,ACTIVE,,084850300442,2024-11-25 03:56:00,,,,,,,1,variant_audit_2026-07-22,2026-07-22
41157200773195,,7262996791371,,Bully Hill White Sweet Walters,750ML,bully-hill-white-sweet-walters,ACTIVE,,084850100226,2024-11-25 03:56:01,,,,,,,1,variant_audit_2026-07-22,2026-07-22
41157200805963,,7262996824139,,Buzzballz Chocolate Tease,200ML,buzzballz-chocolate-tease,ACTIVE,,857641002753,2024-11-25 03:56:02,,,,,,,1,variant_audit_2026-07-22,2026-07-22
41157200838731,,7262996856907,,BuzzBallz Eggnog Cocktails,200ML,buzzballz-eggnog-cocktails-30-proof,ACTIVE,,857674007961,2024-11-25 03:56:03,,,,,,,1,variant_audit_2026-07-22,2026-07-22
41157200871499,,7262996889675,,Buzzballz Peachballz,200ML,buzzballz-peachballz,ACTIVE,,857641002951,2024-11-25 03:56:04,,,,,,,1,variant_audit_2026-07-22,2026-07-22
41157200904267,,7262996922443,,Buzzballz Tequila Rita,200ML,buzzballz-tequila-rita,ACTIVE,,857641002043,2024-11-25 03:56:04,,,,,,,1,variant_audit_2026-07-22,2026-07-22
41157201002571,,7262996987979,,Captain Morgan Original Spiced Rum,750ML,captain-morgan-original-spiced-rum,ACTIVE,,087000002715,2024-11-25 03:56:05,,,,,,,1,variant_audit_2026-07-22,2026-07-22
41157201264715,,7262997020747,,Casamigos Anejo,750ML,casamigos-anejo,ACTIVE,,088076189935,2024-11-25 03:56:06,,,,,,,1,variant_audit_2026-07-22,2026-07-22
41157201297483,,7262997053515,,Casamigos Blanco Tequila,50ML,casamigos-blanco,ACTIVE,,856724006138,2024-11-25 03:56:07,,,,,,,1,variant_audit_2026-07-22,2026-07-22
41157201395787,,7262997086283,,Casamigos Cristalino Reposado,750ML,casamigos-cristalino-reposado,ACTIVE,,088076189041,2024-11-25 03:56:08,,,,,,,1,variant_audit_2026-07-22,2026-07-22
41157201428555,,7262997119051,,Casamigos Joven Mezcal,750ML,casamigos-joven-mezcal,ACTIVE,,856724006329,2024-11-25 03:56:09,,,,,,,1,variant_audit_2026-07-22,2026-07-22
41157201461323,,7262997151819,,Casamigos Reposado,375ML,casamigos-reposado,ACTIVE,,856724006220,2024-11-25 03:56:10,,,,,,,1,variant_audit_2026-07-22,2026-07-22
41157201559627,,7262997184587,,Christian Brothers  Honey Brandy,375ML,christian-brothers-christian-brothers-honey-flavored-brandy-60-proofh,ACTIVE,,086036862799,2024-11-25 03:56:11,,,,,,,1,variant_audit_2026-07-22,2026-07-22
41157201625163,,7262997217355,,Christian Brothers Honey,50ML,christian-brothers-honey,ACTIVE,,086036862805,2024-11-25 03:56:12,,,,,,,1,variant_audit_2026-07-22,2026-07-22
41157201657931,,7262997250123,,Christian Brothers V.S.O.P Brandy,750ML,christian-brothers-v-s-o-p-brandy,ACTIVE,,086036710946,2024-11-25 03:56:13,,,,,,,1,variant_audit_2026-07-22,2026-07-22
41157201723467,,7262997282891,,Christian Brothers VS Brandy,1L,christian-brothers-vs-brandy,ACTIVE,,086036815597,2024-11-25 03:56:13,,,,,,,1,variant_audit_2026-07-22,2026-07-22
41157201789003,,7262997315659,,CIROC Apple,50ML,ciroc-apple,ACTIVE,,08252407,2024-11-25 03:56:14,,,,,,,1,variant_audit_2026-07-22,2026-07-22
41157201821771,,7262997348427,,CIROC Coconut,750ML,ciroc-coconut,ACTIVE,,088076174955,2024-11-25 03:56:15,,,,,,,1,variant_audit_2026-07-22,2026-07-22
41157201854539,,7262997381195,,Ciroc Passion Vodka,750ML,ciroc-passion-vodka,ACTIVE,,088076187399,2024-11-25 03:56:16,,,,,,,1,variant_audit_2026-07-22,2026-07-22
41157202018379,,7262997446731,,CIROC Peach,750ML,ciroc-peach,ACTIVE,,088076177406,2024-11-25 03:56:17,,,,,,,1,variant_audit_2026-07-22,2026-07-22
41157202083915,,7262997479499,,CIROC Pineapple,50ML,ciroc-pineapple,ACTIVE,,08237107,2024-11-25 03:56:18,,,,,,,1,variant_audit_2026-07-22,2026-07-22
41157202116683,,7262997512267,,CIROC Red Berry,50ML,ciroc-red-berry,ACTIVE,,08225801,2024-11-25 03:56:19,,,,,,,1,variant_audit_2026-07-22,2026-07-22
41157202149451,,7262997545035,,CIROC Ultra-Premium Vodka,50ML,ciroc-ultra-premium-vodka,ACTIVE,,08215309,2024-11-25 03:56:20,,,,,,,1,variant_audit_2026-07-22,2026-07-22
41157202214987,,7262997577803,,Clyde May's Whiskey,750ML,clyde-mays-alabama-style-whiskey-85-proof,ACTIVE,,056160000015,2024-11-25 03:56:21,,,,,,,1,variant_audit_2026-07-22,2026-07-22
41157202247755,,7262997610571,,Clyde May's Straight Rye Whiskey,750ML,clyde-mays-straight-rye-whiskey,ACTIVE,,089016017981,2024-11-25 03:56:21,,,,,,,1,variant_audit_2026-07-22,2026-07-22
41157202280523,,7262997643339,,Cocktail Essentials Grenadine,375ML,cocktail-essentials-grenadine,ACTIVE,,070491350106,2024-11-25 03:56:22,,,,,,,1,variant_audit_2026-07-22,2026-07-22
41157202313291,,7262997676107,,Cocktail Essentials Lime Juice,375ML,cocktail-essentials-lime-juice,ACTIVE,,070491351103,2024-11-25 03:56:23,,,,,,,1,variant_audit_2026-07-22,2026-07-22
41157202346059,,7262997708875,,Cocktail Essentials Simple Syrup,375ML,cocktail-essentials-simple-syrup,ACTIVE,,070491352100,2024-11-25 03:56:24,,,,,,,1,variant_audit_2026-07-22,2026-07-22
41157202411595,,7262997774411,,Crown Royal Black,750ML,crown-royal-black,ACTIVE,,082000750437,2024-11-25 03:56:26,,,,,,,1,variant_audit_2026-07-22,2026-07-22
41157202608203,,7262997839947,,Crown Royal Noble Collection Barley Edition,750ML,crown-royal-limited-release-noble-collection-barley-edition-blended-canadian-whiskey,ACTIVE,,082000801535,2024-11-25 03:56:28,,,,,,,1,variant_audit_2026-07-22,2026-07-22
41157203132491,,7262997971019,,Crown Royal Reserve,750ML,crown-royal-reserve,ACTIVE,,087000201330,2024-11-25 03:56:30,,,,,,,1,variant_audit_2026-07-22,2026-07-22
41157203198027,,7262998036555,,Crown Royal XO Canadian Whiskey,375ML,crown-royal-xo-cognac-cask-blended-canadian-whiskey-with-bag-box,ACTIVE,,08247308,2024-11-25 03:56:32,,,,,,,1,variant_audit_2026-07-22,2026-07-22
41157203230795,,7262998069323,,D'Usse VSOP,375ML,dusse-vsop,ACTIVE,,080480002930,2024-11-25 03:56:33,,,,,,,1,variant_audit_2026-07-22,2026-07-22
41157203329099,,7262998102091,,Del Maguey Vida Puebla,750ML,del-maguey-vida,ACTIVE,,618397202220,2024-11-25 03:56:34,,,,,,,1,variant_audit_2026-07-22,2026-07-22
41157203460171,,7262998233163,,Dewar's White Label,750ML,dewars-white-label,ACTIVE,,080480230029,2024-11-25 03:56:37,,,,,,,1,variant_audit_2026-07-22,2026-07-22
41157203558475,,7262998265931,,Don Julio Cristalino Anejo Tequila,750ML,don-julio-70th-day-of-the-dead-cristalino-anejo-tequila,ACTIVE,,674545000827,2024-11-25 03:56:38,,,,,,,1,variant_audit_2026-07-22,2026-07-22
41157203591243,,7262998298699,,Don Julio 1942 Tequila,750ML,don-julio-alma-miel,ACTIVE,,08269708,2024-11-25 03:56:39,,,,,,,1,variant_audit_2026-07-22,2026-07-22
41157203624011,,7262998331467,,Don Julio Anejo,375ML,don-julio-anejo,ACTIVE,,674545000612,2024-11-25 03:56:40,,,,,,,1,variant_audit_2026-07-22,2026-07-22
41157203951691,,7262998462539,,Early Times Whisky,1.75L,early-times-whiskey,ACTIVE,,088004048112,2024-11-25 03:56:42,,,,,,,1,variant_audit_2026-07-22,2026-07-22
41157204049995,,7262998495307,,Elijah Craig Oak Barrel Straight Rye,750ML,elijah-craig-oak-barrel-kentucky-straight-rye-whiskey,ACTIVE,,096749002733,2024-11-25 03:56:43,,,,,,,1,variant_audit_2026-07-22,2026-07-22
41157204181067,,7262998560843,,Elijah Craig Toasted Barrel Finish,750ML,elijah-craig-toasted-barrel-finish,ACTIVE,,096749002870,2024-11-25 03:56:45,,,,,,,1,variant_audit_2026-07-22,2026-07-22
41157204279371,,7262998593611,,Espolon Anejo Tequila,1L,espolon-cristalino-anejo-tequila-100-puro-agave,ACTIVE,,664804001436,2024-11-25 03:56:46,,,,,,,1,variant_audit_2026-07-22,2026-07-22
41157204344907,,7262998659147,,Espolon Tequila Reposado,1L,espolon-tequila-reposado,ACTIVE,,721059701013,2024-11-25 03:56:47,,,,,,,1,variant_audit_2026-07-22,2026-07-22
41157204377675,,7262998691915,,Evan Williams 1783 Small Batch,750ML,evan-williams-1783-small-batch,ACTIVE,,096749002986,2024-11-25 03:56:48,,,,,,,1,variant_audit_2026-07-22,2026-07-22
41157204410443,,7262998724683,,Evan Williams Apple Liqueur,750ML,evan-williams-apple-liqueur-65-proof,ACTIVE,,096749001071,2024-11-25 03:56:49,,,,,,,1,variant_audit_2026-07-22,2026-07-22
41157204672587,,7262998822987,,Evan Williams Cherry Liqueur,50ML,evan-williams-cherry-reserve-kentucky-liqueur,ACTIVE,,096749021864,2024-11-25 03:56:52,,,,,,,1,variant_audit_2026-07-22,2026-07-22
41157204738123,,7262998855755,,Evan Williams Egg Nog,750ML,evan-williams-egg-nog,ACTIVE,,096749025336,2024-11-25 03:56:53,,,,,,,1,variant_audit_2026-07-22,2026-07-22
41157204770891,,7262998888523,,Evan Williams Fire,50ML,evan-williams-fire,ACTIVE,,096749021291,2024-11-25 03:56:54,,,,,,,1,variant_audit_2026-07-22,2026-07-22
41157204803659,,7262998921291,,Evan Williams Honey,750ML,evan-williams-honey,ACTIVE,,096749021802,2024-11-25 03:56:55,,,,,,,1,variant_audit_2026-07-22,2026-07-22
41157204869195,,7262998954059,,Evan Williams Peach,750ML,evan-williams-peach,ACTIVE,,096749000906,2024-11-25 03:56:56,,,,,,,1,variant_audit_2026-07-22,2026-07-22
41157205131339,,7262999019595,,Forty Creek Barrel Select Whiskey,1L,forty-creek-barrel-select-whiskey,ACTIVE,,891156001030,2024-11-25 03:56:57,,,,,,,1,variant_audit_2026-07-22,2026-07-22
41157205164107,,7262999052363,,Franzia Chillable Red,5L,franzia-chillable-red,ACTIVE,,083120100690,2024-11-25 03:56:58,,,,,,,1,variant_audit_2026-07-22,2026-07-22
41157205196875,,7262999117899,,Franzia Crisp White,5L,franzia-crisp-white,ACTIVE,,083120102892,2024-11-25 03:56:59,,,,,,,1,variant_audit_2026-07-22,2026-07-22
41157205491787,,7262999150667,,Franzia Fruity Red Sangria,5L,franzia-fruity-red-sangria,ACTIVE,,083120103295,2024-11-25 03:57:00,,,,,,,1,variant_audit_2026-07-22,2026-07-22
41157205524555,,7262999183435,,Franzia Refreshing White,5L,franzia-refreshing-white,ACTIVE,,083120101994,2024-11-25 03:57:01,,,,,,,1,variant_audit_2026-07-22,2026-07-22
41157205557323,,7262999216203,,Franzia Sunset Blush,5L,franzia-sunset-blush,ACTIVE,,083120103691,2024-11-25 03:57:02,,,,,,,1,variant_audit_2026-07-22,2026-07-22
41157205590091,,7262999248971,,Franzia Vintner Select Chardonnay,5L,franzia-vintner-select-chardonnay,ACTIVE,,083120102090,2024-11-25 03:57:03,,,,,,,1,variant_audit_2026-07-22,2026-07-22
41157205622859,,7262999281739,,Franzia Vintner Select Moscato,5L,franzia-vintner-select-moscato,ACTIVE,,083120003021,2024-11-25 03:57:04,,,,,,,1,variant_audit_2026-07-22,2026-07-22
41157205655627,,7262999314507,,Franzia White Zinfandel,5L,franzia-white-zinfandel,ACTIVE,,083120103196,2024-11-25 03:57:05,,,,,,,1,variant_audit_2026-07-22,2026-07-22
41157205688395,,7262999347275,,Gray Whale Gin,750ML,gray-whale-gin,ACTIVE,,861602000412,2024-11-25 03:57:06,,,,,,,1,variant_audit_2026-07-22,2026-07-22
41157205950539,,7262999478347,,Heaven Hill Grain To Glass Straight Rye,700ML,heaven-hill-distilleries-grain-to-glass-kentucky-straight-rye-whiskey-123-2-proof,ACTIVE,,096749004867,2024-11-25 03:57:09,,,,,,,1,variant_audit_2026-07-22,2026-07-22
41157205983307,,7262999511115,,Heaven Hill Grain to Glass Kentucky Straight Bourbon,700ML,heaven-hill-distilleries-grain-to-glass-kentucky-straight-wheated-bourbon-whiskey-121-proof,ACTIVE,,096749005031,2024-11-25 03:57:10,,,,,,,1,variant_audit_2026-07-22,2026-07-22
41157206016075,,7262999543883,,Hibiki Japanese Harmony Whiskey,750ML,hibiki-japanese-harmony-whiskey-with-100-box,ACTIVE,,080686934059,2024-11-25 03:57:11,,,,,,,1,variant_audit_2026-07-22,2026-07-22
41157206114379,,7262999609419,,High West Bourbon Whiskey,750ML,high-west-bourbon-whiskey,ACTIVE,,854396005220,2024-11-25 03:57:12,,,,,,,1,variant_audit_2026-07-22,2026-07-22
41157206179915,,7262999642187,,High West Campfire Whiskey,750ML,high-west-campfire-whiskey,ACTIVE,,854396005046,2024-11-25 03:57:13,,,,,,,1,variant_audit_2026-07-22,2026-07-22
41157206212683,,7262999674955,,High West Double Rye,750ML,high-west-double-rye,ACTIVE,,854396005008,2024-11-25 03:57:14,,,,,,,1,variant_audit_2026-07-22,2026-07-22
41157206507595,,7262999773259,,Jameson Black Barrel Irish Whiskey,1L,jameson-black-barrel-irish-whiskey,ACTIVE,,080432107294,2024-11-25 03:57:16,,,,,,,1,variant_audit_2026-07-22,2026-07-22
41157206540363,,7262999806027,,Jameson Irish Whiskey,375ML,jameson-irish-whiskey,ACTIVE,22991,080432500149,2024-11-25 03:57:17,,,,,,,1,variant_audit_2026-07-22,2026-07-22
41157206999115,,7262999838795,,Jameson Orange,750ML,jameson-orange,ACTIVE,,080432117330,2024-11-25 03:57:18,,,,,,,1,variant_audit_2026-07-22,2026-07-22
41157207064651,,7262999871563,,Jefferson's Ocean Aged Double Barrel Rye,750ML,jeffersons-ocean-aged-double-barrel-rye,ACTIVE,,814794011605,2024-11-25 03:57:21,,,,,,,1,variant_audit_2026-07-22,2026-07-22
41157207097419,,7262999904331,,Jefferson's Reserve Bourbon Whiskey,750ML,jeffersons-reserve-bourbon-whiskey,ACTIVE,,655709000013,2024-11-25 03:57:22,,,,,,,1,variant_audit_2026-07-22,2026-07-22
41157207130187,,7262999937099,,Jefferson's Bourbon Whiskey,1.75L,jeffersons-very-small-batch-bourbon-whiskey,ACTIVE,,814794011803,2024-11-25 03:57:23,,,,,,,1,variant_audit_2026-07-22,2026-07-22
41157207195723,,7263000002635,,Jim Beam 7Yrs Black Straight,50ML,jim-beam-7-years-old-black-kentucky-straight-bourbon-whiskey,ACTIVE,,080686007715,2024-11-25 03:57:24,,,,,,,1,variant_audit_2026-07-22,2026-07-22
41157207261259,,7263000035403,,Jim Beam Apple Bourbon Whiskey Proof 70,750ML,jim-beam-apple-bourbon-whiskey-proof-70,ACTIVE,,080686006558,2024-11-25 03:57:24,,,,,,,1,variant_audit_2026-07-22,2026-07-22
41157207490635,,7263000100939,,Jim Beam Devil's Cut Bourbon Whiskey,50ML,jim-beam-devils-cut-bourbon-whiskey,ACTIVE,,080686005049,2024-11-25 03:57:26,,,,,,,1,variant_audit_2026-07-22,2026-07-22
41157207523403,,7263000133707,,Jim Beam Devil's Cut Straight Bourbon,750ML,jim-beam-devils-cut-kentucky-straight-bourbon-whiskey,ACTIVE,,080686005018,2024-11-25 03:57:27,,,,,,,1,variant_audit_2026-07-22,2026-07-22
41157207556171,,7263000166475,,Jim Beam Double Oak Straight Bourbon Whiskey,750ML,jim-beam-double-oak-straight-bourbon-whiskey,ACTIVE,,080686018094,2024-11-25 03:57:28,,,,,,,1,variant_audit_2026-07-22,2026-07-22
41157207588939,,7263000199243,,Jim Beam Honey Bourbon Whiskey,750ML,jim-beam-honey-bourbon-whiskey,ACTIVE,,080686006060,2024-11-25 03:57:29,,,,,,,1,variant_audit_2026-07-22,2026-07-22
41157207654475,,7263000232011,,Jim Beam Fire Kentucky Straight Bourbon,750ML,jim-beam-kentucky-fire-cinnamon-infused-kentucky-straight-bourbon-whiskey-65-proof,ACTIVE,,080686006381,2024-11-25 03:57:30,,,,,,,1,variant_audit_2026-07-22,2026-07-22
41157207752779,,7263000297547,,Jim Beam Peach Bourbon Whiskey,750ML,jim-beam-peach-bourbon-whiskey,ACTIVE,,080686021148,2024-11-25 03:57:31,,,,,,,1,variant_audit_2026-07-22,2026-07-22
41157207883851,,7263000330315,,Jim Beam Red Stag Bourbon Whiskey,50ML,jim-beam-red-stag-black-cherry-bourbon-whiskey,ACTIVE,,080686001010,2024-11-25 03:57:32,,,,,,,1,variant_audit_2026-07-22,2026-07-22
41157207982155,,7263000395851,,Johnnie Walker Black Label,1.75L,johnnie-walker-black-label,ACTIVE,,088076163171,2024-11-25 03:57:34,,,,,,,1,variant_audit_2026-07-22,2026-07-22
41157208211531,,7263000461387,,Johnnie Walker Gold Label Reserve,750ML,johnnie-walker-gold-label-reserve,ACTIVE,,088076178243,2024-11-25 03:57:35,,,,,,,1,variant_audit_2026-07-22,2026-07-22
41157208244299,,7263000494155,,Johnnie Walker Red Label,1L,johnnie-walker-red-label,ACTIVE,,088110021405,2024-11-25 03:57:36,,,,,,,1,variant_audit_2026-07-22,2026-07-22
41157208408139,,7263000526923,,Josh Cellars Buttery Chardonnay Reserve,750ML,josh-cellars-buttery-chardonnay-reserve,ACTIVE,,031259004471,2024-11-25 03:57:37,,,,,,,1,variant_audit_2026-07-22,2026-07-22
41157208440907,gid://shopify/ProductVariant/41157208440907,7263000559691,,Josh Cellars Cabernet Sauvignon,750ML,josh-cellars-cabernet-sauvignon,ACTIVE,,857744001318,2024-11-25 03:57:38,14.99,11.33,,,Southern Glazers,Red Wine,1,variant_audit_2026-07-22,2026-08-07_top50_refresh
41157208473675,,7263000592459,,Josh Cellars Cabernet Sauvignon Hearth California,750ML,josh-cellars-cabernet-sauvignon-hearth-california,ACTIVE,,031259005317,2024-11-25 03:57:38,,,,,,,1,variant_audit_2026-07-22,2026-07-22
41157208506443,gid://shopify/ProductVariant/41157208506443,7263000625227,,Josh Cellars Chardonnay,750ML,josh-cellars-chardonnay,ACTIVE,,857744001325,2024-11-25 03:57:39,14.99,10.67,,,Southern Glazers,White Wine,1,variant_audit_2026-07-22,2026-08-07_top50_refresh
41157208539211,,7263000657995,,Josh Cellars Family Reserve Red Blend,750ML,josh-cellars-family-reserve-red-blend,ACTIVE,,031259001531,2024-11-25 03:57:40,,,,,,,1,variant_audit_2026-07-22,2026-07-22
41157208571979,,7263000690763,,Josh Cellars Legacy Red,750ML,josh-cellars-legacy-red,ACTIVE,,031259048024,2024-11-25 03:57:41,,,,,,,1,variant_audit_2026-07-22,2026-07-22
41157208604747,gid://shopify/ProductVariant/41157208604747,7263000723531,,Josh Cellars Pinot Noir,750ML,josh-cellars-pinot-noir,ACTIVE,,031259046952,2024-11-25 03:57:41,14.99,11.33,,,Southern Glazers,Red Wine,1,variant_audit_2026-07-22,2026-08-07_top50_refresh
41157208637515,gid://shopify/ProductVariant/41157208637515,7263000756299,,Josh Cellars Sauvignon Blanc,750ML,josh-cellars-sauvignon-blanc,ACTIVE,,031259046976,2024-11-25 03:57:42,14.99,10.67,,,Southern Glazers,White Wine,1,variant_audit_2026-07-22,2026-08-07_top50_refresh
41157208670283,,7263000789067,,Kamchatka Vodka,1L,kamchatka-vodka,ACTIVE,,080686160205,2024-11-25 03:57:43,,,,,,,1,variant_audit_2026-07-22,2026-07-22
41157208768587,gid://shopify/ProductVariant/41157208768587,7263000854603,,Kendall-Jackson Vintner's Reserve Chardonnay,750ML,kendall-jackson-vintners-reserve-chardonnay,ACTIVE,,081584013105,2024-11-25 03:57:44,13.99,12.67,,,Southern Glazers,White Wine,1,variant_audit_2026-07-22,2026-08-07_top50_refresh
41157208932427,,7263000920139,,Kim Crawford Prosecco,750ML,kim-crawford-prosecco,ACTIVE,,689352010259,2024-11-25 03:57:46,,,,,,,1,variant_audit_2026-07-22,2026-07-22
41157208965195,,7263000952907,,Kim Crawford Rose,750ML,kim-crawford-rose,ACTIVE,,689352009987,2024-11-25 03:57:47,,,,,,,1,variant_audit_2026-07-22,2026-07-22
41157208997963,gid://shopify/ProductVariant/41157208997963,7263000985675,,Kim Crawford Sauvignon Blanc,750ML,kim-crawford-sauvignon-blanc,ACTIVE,,689352009611,2024-11-25 03:57:47,17.99,13.33,,,Southern Glazers,White Wine,1,variant_audit_2026-07-22,2026-08-07_top50_refresh
41157209030731,,7263001018443,,Knob Creek 7 Year Old Rye,750ML,knob-creek-7-year-old-rye,ACTIVE,,080686004424,2024-11-25 03:57:48,,,,,,,1,variant_audit_2026-07-22,2026-07-22
41157209129035,,7263001051211,,Knob Creek Kentucky Straight Bourbon,375ML,knob-creek-kentucky-straight-bourbon-whiskey,ACTIVE,,080686016922,2024-11-25 03:57:49,,,,,,,1,variant_audit_2026-07-22,2026-07-22
41157209325643,,7263001215051,,Lunazul Anejo,750ML,lunazul-anejo,ACTIVE,,096749908585,2024-11-25 03:57:53,,,,,,,1,variant_audit_2026-07-22,2026-07-22
41157209423947,,7263001280587,,Lunazul Anejo Extra Aged,750ML,lunazul-anejo-extra-aged,ACTIVE,,096749002771,2024-11-25 03:57:54,,,,,,,1,variant_audit_2026-07-22,2026-07-22
41157209456715,,7263001313355,,Lunazul Blanco,750ML,lunazul-blanco,ACTIVE,,096749908035,2024-11-25 03:57:55,,,,,,,1,variant_audit_2026-07-22,2026-07-22
41157209489483,,7263001346123,,Lunazul Reposado,750ML,lunazul-reposado,ACTIVE,,096749908042,2024-11-25 03:57:56,,,,,,,1,variant_audit_2026-07-22,2026-07-22
41157209522251,,7263001378891,,Maker's Mark 46 Bourbon Whisky,375ML,makers-mark-46-bourbon-whisky,ACTIVE,,085246500323,2024-11-25 03:57:57,,,,,,,1,variant_audit_2026-07-22,2026-07-22
41157209587787,,7263001411659,,Maker's Mark Bourbon Whisky,1.75L,makers-mark-bourbon-whisky,ACTIVE,,085246139417,2024-11-25 03:57:58,,,,,,,1,variant_audit_2026-07-22,2026-07-22
41157209751627,,7263001444427,,Master of Mixes Margarita,1.75L,master-of-mixes-handcrafted-margarita-mixer,ACTIVE,,070491206038,2024-11-25 03:57:58,,,,,,,1,variant_audit_2026-07-22,2026-07-22
41157209817163,,7263001509963,,Master of Mixes Pina Colada,1.75L,master-of-mixes-pina-colada,ACTIVE,,070491207035,2024-11-25 03:58:00,,,,,,,1,variant_audit_2026-07-22,2026-07-22
41157209882699,,7263001542731,,Master of Mixes Strawberry Daiquiri Margarita,1.75L,master-of-mixes-strawberry-daiquiri-margarita,ACTIVE,,070491211032,2024-11-25 03:58:01,,,,,,,1,variant_audit_2026-07-22,2026-07-22
41157209948235,,7263001575499,,Nelson's Green Brier Tennessee Whiskey,750ML,nelsons-green-brier-tennessee-whiskey,ACTIVE,,852962007036,2024-11-25 03:58:02,,,,,,,1,variant_audit_2026-07-22,2026-07-22
41157209981003,,7263001608267,,Old Crow Bourbon Whiskey,750ML,old-crow-bourbon-whiskey,ACTIVE,,080686507406,2024-11-25 03:58:03,,,,,,,1,variant_audit_2026-07-22,2026-07-22
41157210013771,,7263001641035,,Old Grand-Dad 80 Proof,750ML,old-grand-dad-114-proof-bourbon-whiskey,ACTIVE,,080686418078,2024-11-25 03:58:03,,,,,,,1,variant_audit_2026-07-22,2026-07-22
41157210046539,,7263001673803,,Ole Smoky Banana Pudding Cream Moonshine,750ML,ole-smoky-banana-pudding-cream-moonshine,ACTIVE,,853915008995,2024-11-25 03:58:04,,,,,,,1,variant_audit_2026-07-22,2026-07-22
41157210079307,,7263001706571,,Ole Smoky Moonshine Cherries,750ML,ole-smoky-moonshine-cherries,ACTIVE,,856011004021,2024-11-25 03:58:05,,,,,,,1,variant_audit_2026-07-22,2026-07-22
41157210210379,,7263001772107,,Ole Smoky Moonshine Pickles,750ML,ole-smoky-moonshine-pickles,ACTIVE,,854628006988,2024-11-25 03:58:06,,,,,,,1,variant_audit_2026-07-22,2026-07-22
41157210243147,,7263001804875,,Ole Smoky Moonshine Pineapples with Pina Colada,750ML,ole-smoky-moonshine-pineapples-with-pina-colada,ACTIVE,,810088370267,2024-11-25 03:58:07,,,,,,,1,variant_audit_2026-07-22,2026-07-22
41157210275915,,7263001837643,,Ole Smoky Orange Shinesicle Cream Liqueur,750ML,ole-smoky-orange-shinesicle-cream-liqueur,ACTIVE,,854628006957,2024-11-25 03:58:08,,,,,,,1,variant_audit_2026-07-22,2026-07-22
41157210308683,,7263001870411,,Patron Anejo,750ML,patron-anejo,ACTIVE,,721733000012,2024-11-25 03:58:08,,,,,,,1,variant_audit_2026-07-22,2026-07-22
41157210341451,,7263001903179,,Patron El Cielo,750ML,patron-el-cielo,ACTIVE,,721733005949,2024-11-25 03:58:09,,,,,,,1,variant_audit_2026-07-22,2026-07-22
41157210374219,,7263001935947,,Patron Reposado,750ML,patron-reposado,ACTIVE,,721733506224,2024-11-25 03:58:10,,,,,,,1,variant_audit_2026-07-22,2026-07-22
41157210406987,,7263001968715,,Patron Reposado El Alto Tequila,750ML,patron-reposado-el-alto-tequila,ACTIVE,,721733005857,2024-11-25 03:58:11,,,,,,,1,variant_audit_2026-07-22,2026-07-22
41157210505291,,7263002034251,,Paul Masson Amber Peach Brandy,750ML,paul-masson-amber-peach-brandy,ACTIVE,,088004045623,2024-11-25 03:58:13,,,,,,,1,variant_audit_2026-07-22,2026-07-22
41157210538059,,7263002067019,,Paul Masson Grande Amber 80 Proof,375ML,paul-masson-grande-amber-80-proof,ACTIVE,,088004045791,2024-11-25 03:58:14,,,,,,,1,variant_audit_2026-07-22,2026-07-22
41157210636363,,7263002099787,,Remy Martin VSOP Cognac,750ML,remy-martin-vsop,ACTIVE,,087236001162,2024-11-25 03:58:14,,,,,,,1,variant_audit_2026-07-22,2026-07-22
41157210734667,,7263002165323,,Roku Japanese Gin,750ML,roku-japanese-gin,ACTIVE,,080686958031,2024-11-25 03:58:15,,,,,,,1,variant_audit_2026-07-22,2026-07-22
41157210800203,,7263002230859,,Ruffino Delle Venezie Pinot Grigio Lumina,750ML,ruffino-delle-venezie-pinot-grigio-lumina,ACTIVE,,083085903213,2024-11-25 03:58:17,,,,,,,1,variant_audit_2026-07-22,2026-07-22
41157210865739,,7263002296395,,Ruffino Prosecco,750ML,ruffino-prosecco,ACTIVE,,083085904081,2024-11-25 03:58:18,,,,,,,1,variant_audit_2026-07-22,2026-07-22
41157210898507,,7263002329163,,Ruffino Prosecco Rose,750ML,ruffino-prosecco-rose,ACTIVE,,083085420130,2024-11-25 03:58:19,,,,,,,1,variant_audit_2026-07-22,2026-07-22
41157210931275,,7263002361931,,Saldo Red Blend,750ML,saldo-red-blend,ACTIVE,,086003258037,2024-11-25 03:58:20,,,,,,,1,variant_audit_2026-07-22,2026-07-22
41157210964043,,7263002394699,,Saldo Zinfandel,750ML,saldo-zinfandel,ACTIVE,,086003258006,2024-11-25 03:58:21,,,,,,,1,variant_audit_2026-07-22,2026-07-22
41157211193419,,7263002493003,,Seagrams Extra Dry Gin,50ML,seagrams-extra-dry-gin,ACTIVE,,080432400012,2024-11-25 03:58:23,,,,,,,1,variant_audit_2026-07-22,2026-07-22
41157211684939,,7263002591307,,Smirnoff Blue Raspberry Lemonade,750ML,smirnoff-blue-raspberry-lemonade-vodka,ACTIVE,,082000802181,2024-11-25 03:58:26,,,,,,,1,variant_audit_2026-07-22,2026-07-22
41157211750475,,7263002624075,,Smirnoff Blueberry,50ML,smirnoff-blueberry-vodka-60-proof,ACTIVE,,08215008,2024-11-25 03:58:27,,,,,,,1,variant_audit_2026-07-22,2026-07-22
41157211783243,,7263002656843,,Smirnoff Citrus,50ML,smirnoff-citrus-vodka-60-proof,ACTIVE,,08239503,2024-11-25 03:58:28,,,,,,,1,variant_audit_2026-07-22,2026-07-22
41157211848779,,7263002689611,,Smirnoff Kissed Caramel,750ML,smirnoff-kissed-caramel,ACTIVE,,082000759614,2024-11-25 03:58:29,,,,,,,1,variant_audit_2026-07-22,2026-07-22
41157212078155,,7263002755147,,Smirnoff Orange,50ML,smirnoff-orange-vodka-60-proof,ACTIVE,,08239008,2024-11-25 03:58:30,,,,,,,1,variant_audit_2026-07-22,2026-07-22
41157212209227,,7263002820683,,Smirnoff Peppermint Twist,750ML,smirnoff-peppermint-twist,ACTIVE,,082000775836,2024-11-25 03:58:32,,,,,,,1,variant_audit_2026-07-22,2026-07-22
41157212274763,,7263002853451,,Smirnoff Red White & Berry Vodka,750ML,smirnoff-raspberry,ACTIVE,,082000778639,2024-11-25 03:58:33,,,,,,,1,variant_audit_2026-07-22,2026-07-22
41157212307531,,7263002886219,,Smirnoff Raspberry 60 Proof,50ML,smirnoff-raspberry-60-proof,ACTIVE,,08240004,2024-11-25 03:58:34,,,,,,,1,variant_audit_2026-07-22,2026-07-22
41157212438603,,7263002951755,,Smirnoff Strawberry,750ML,smirnoff-strawberry,ACTIVE,,082000729341,2024-11-25 03:58:35,,,,,,,1,variant_audit_2026-07-22,2026-07-22
41157212504139,,7263002984523,,Smirnoff Vanilla Vodka 60 Proof,750ML,smirnoff-vanilla-vodka-60-proof,ACTIVE,,082000004011,2024-11-25 03:58:36,,,,,,,1,variant_audit_2026-07-22,2026-07-22
41157212569675,,7263003017291,,Smirnoff Watermelon,750ML,smirnoff-watermelon,ACTIVE,,082000001171,2024-11-25 03:58:36,,,,,,,1,variant_audit_2026-07-22,2026-07-22
41157212635211,,7263003050059,,Sutter Home Cabernet Sauvignon,187ML,sutter-home-cabernet-sauvignon,ACTIVE,,085200518746,2024-11-25 03:58:37,,,,,,,1,variant_audit_2026-07-22,2026-07-22
41157212667979,,7263003082827,,Sutter Home Chardonnay,187ML,sutter-home-chardonnay,ACTIVE,,085200618743,2024-11-25 03:58:38,,,,,,,1,variant_audit_2026-07-22,2026-07-22
41157212700747,,7263003115595,,Sutter Home Moscato,187ML,sutter-home-moscato,ACTIVE,,085200918751,2024-11-25 03:58:39,,,,,,,1,variant_audit_2026-07-22,2026-07-22
41157212733515,,7263003148363,,Sutter Home Pinot Grigio 4pk,187ML,sutter-home-pinot-grigio,ACTIVE,,085200118755,2024-11-25 03:58:41,,,,,,,1,variant_audit_2026-07-22,2026-07-22
41157212766283,,7263003181131,,Sutter Home White Zinfandel,187ML,sutter-home-white-zinfandel,ACTIVE,,085200918744,2024-11-25 03:58:42,,,,,,,1,variant_audit_2026-07-22,2026-07-22
41157212799051,,7263003213899,,Svedka Blue Raspberry,1L,svedka-blue-raspberry,ACTIVE,,617768201107,2024-11-25 03:58:43,,,,,,,1,variant_audit_2026-07-22,2026-07-22
41157212864587,,7263003246667,,Svedka Cherry Limeade,1.75L,svedka-cherry-limeade,ACTIVE,,617768291177,2024-11-25 03:58:45,,,,,,,1,variant_audit_2026-07-22,2026-07-22
41157213028427,,7263003312203,,Svedka Mango Pineapple,1.75L,svedka-mango-pineapple,ACTIVE,,617768151174,2024-11-25 03:58:46,,,,,,,1,variant_audit_2026-07-22,2026-07-22
41157213093963,,7263003344971,,Svedka Strawberry Lemonade,1.75L,svedka-strawberry-lemonade,ACTIVE,,617768141175,2024-11-25 03:58:47,,,,,,,1,variant_audit_2026-07-22,2026-07-22
41157213290571,,7263003410507,,Ten High Bourbon,375ML,ten-high-bourbon,ACTIVE,,080660203072,2024-11-25 03:58:49,,,,,,,1,variant_audit_2026-07-22,2026-07-22
41157213421643,,7263003443275,,The Prisoner Chardonnay,750ML,the-prisoner-chardonnay,ACTIVE,,086003255135,2024-11-25 03:58:50,,,,,,,1,variant_audit_2026-07-22,2026-07-22
41157213454411,,7263003476043,,The Prisoner Red Blend,750ML,the-prisoner-red-blend,ACTIVE,,086003255067,2024-11-25 03:58:51,,,,,,,1,variant_audit_2026-07-22,2026-07-22
41157213487179,,7263003508811,,The Prisoner Cabernet Sauvignon,750ML,the-prisoner-wine-company-cabernet-sauvignon-napa-valley,ACTIVE,,086003255142,2024-11-25 03:58:52,,,,,,,1,variant_audit_2026-07-22,2026-07-22
41157213519947,,7263003541579,,The Prisoner No. 39007 Paso Robles Red,750ML,the-prisoner-wine-company-no-39007-red-wine-paso-robles,ACTIVE,,,2024-11-25 03:58:53,,,,,,,1,variant_audit_2026-07-22,2026-07-22
41157213749323,,7263003607115,,Toki Japanese Whiskey,750ML,toki-japanese-whisky,ACTIVE,,080686957010,2024-11-25 03:58:54,,,,,,,1,variant_audit_2026-07-22,2026-07-22
41157213782091,,7263003639883,,Truly Strawberry Lemonade Vodka,750ML,truly-strawberry-lemonade-vodka,ACTIVE,,080686896036,2024-11-25 03:58:55,,,,,,,1,variant_audit_2026-07-22,2026-07-22
41157213814859,,7263003672651,,Truly Wild Berry Vodka,750ML,truly-wild-berry-vodka,ACTIVE,,080686896067,2024-11-25 03:58:56,,,,,,,1,variant_audit_2026-07-22,2026-07-22
41157213847627,,7263003705419,,Unshackled Cabernet Sauvignon,750ML,unshackled-cabernet-sauvignon,ACTIVE,,086003278028,2024-11-25 03:58:57,,,,,,,1,variant_audit_2026-07-22,2026-07-22
41157213880395,,7263003738187,,Unshackled Red,750ML,unshackled-red,ACTIVE,,086003278011,2024-11-25 03:58:58,,,,,,,1,variant_audit_2026-07-22,2026-07-22
41157213913163,,7263003770955,,WhistlePig PiggyBack Bourbon,750ML,whistlepig-piggyback-bourbon,ACTIVE,,810080550032,2024-11-25 03:58:59,,,,,,,1,variant_audit_2026-07-22,2026-07-22
41157214077003,,7263003836491,,WhistlePig PiggyBack Rye,750ML,whistlepig-piggyback-rye,ACTIVE,,850001901116,2024-11-25 03:59:00,,,,,,,1,variant_audit_2026-07-22,2026-07-22
41157214109771,,7263003869259,,WhistlePig Rye 10 Year Old,750ML,whistlepig-rye-10-year-old,ACTIVE,,793573797940,2024-11-25 03:59:00,,,,,,,1,variant_audit_2026-07-22,2026-07-22
41157214142539,,7263003902027,,Wild Turkey American Honey Liqueur,750ML,wild-turkey-american-honey-liqueur,ACTIVE,,721059817509,2024-11-25 03:59:01,,,,,,,1,variant_audit_2026-07-22,2026-07-22
41157214208075,,7263003934795,,Wild Turkey Bourbon 81,1L,wild-turkey-bourbon-81,ACTIVE,,721059841009,2024-11-25 03:59:02,,,,,,,1,variant_audit_2026-07-22,2026-07-22
41157214437451,,7263004000331,,Wild Turkey Kentucky Straight Rye 101 Proof,750ML,wild-turkey-kentucky-straight-rye-101-proof,ACTIVE,,721059003162,2024-11-25 03:59:04,,,,,,,1,variant_audit_2026-07-22,2026-07-22
41157214470219,,7263004033099,,Wild Turkey Longbranch,750ML,wild-turkey-longbranch,ACTIVE,,721059002844,2024-11-25 03:59:05,,,,,,,1,variant_audit_2026-07-22,2026-07-22
41157214601291,,7263004098635,,Woodbridge Chardonnay,1.5L,woodbridge-chardonnay,ACTIVE,,086003873889,2024-11-25 03:59:07,,,,,,,1,variant_audit_2026-07-22,2026-07-22
41157214699595,,7263004131403,,Woodbridge Merlot,750ML,woodbridge-merlot,ACTIVE,,086003000490,2024-11-25 03:59:07,,,,,,,1,variant_audit_2026-07-22,2026-07-22
41157214732363,,7263004164171,,Woodbridge Pinot Grigio,1.5L,woodbridge-pinot-grigio,ACTIVE,,086003001657,2024-11-25 03:59:08,,,,,,,1,variant_audit_2026-07-22,2026-07-22
41157214863435,,7263004229707,,Woodbridge Pinot Noir,750ML,woodbridge-pinot-noir,ACTIVE,,086003003392,2024-11-25 03:59:09,,,,,,,1,variant_audit_2026-07-22,2026-07-22
41157214896203,,7263004262475,,Woodbridge Sauvignon Blanc,1.5L,woodbridge-sauvignon-blanc,ACTIVE,,086003863866,2024-11-25 03:59:10,,,,,,,1,variant_audit_2026-07-22,2026-07-22
41157214961739,,7263004295243,,Yellow Tail Big Bold Red,750ML,yellow-tail-big-bold-red,ACTIVE,,839743001483,2024-11-25 03:59:11,,,,,,,1,variant_audit_2026-07-22,2026-07-22
41157215027275,,7263004328011,,Yellow Tail Cabernet Sauvignon,750ML,yellow-tail-cabernet-sauvignon,ACTIVE,,031259009452,2024-11-25 03:59:12,,,,,,,1,variant_audit_2026-07-22,2026-07-22
41157215092811,,7263004360779,,Yellow Tail Merlot,750ML,yellow-tail-merlot,ACTIVE,,031259009223,2024-11-25 03:59:13,,,,,,,1,variant_audit_2026-07-22,2026-07-22
41157215223883,,7263004426315,,Yellow Tail Pinot Grigio,750ML,yellow-tail-pinot-grigio,ACTIVE,,031259009711,2024-11-25 03:59:15,,,,,,,1,variant_audit_2026-07-22,2026-07-22
41157215289419,,7263004459083,,Yellow Tail Pinot Noir,1.5L,yellow-tail-pinot-noir,ACTIVE,,031259032658,2024-11-25 03:59:16,,,,,,,1,variant_audit_2026-07-22,2026-07-22
41157215420491,,7263004524619,,Yellow Tail Sauvignon Blanc,1.5L,yellow-tail-sauvignon-blanc,ACTIVE,,031259032665,2024-11-25 03:59:20,,,,,,,1,variant_audit_2026-07-22,2026-07-22
41157215584331,,7263004590155,,Yellow Tail Shiraz,1.5L,yellow-tail-shiraz,ACTIVE,,031259008950,2024-11-25 03:59:21,,,,,,,1,variant_audit_2026-07-22,2026-07-22
41157215649867,gid://shopify/ProductVariant/41157215649867,7263004622923,,Yellow Tail Super Crisp Chardonnay,1.5L,yellow-tail-super-crisp-chardonnay,ACTIVE,,031259032641,2024-11-25 03:59:22,12.99,10.67,,,Southern Glazers,White Wine,1,variant_audit_2026-07-22,2026-08-07_top50_refresh
41157273223243,,7263011242059,,Alamos Malbec,750ML,alamos-malbec,ACTIVE,2364842,085000018194,2024-11-25 05:46:43,,,,,,,1,variant_audit_2026-07-22,2026-07-22
41157273256011,,7263011274827,,Alamos Malbec Seleccion,750ML,alamos-malbec-seleccion,ACTIVE,9007638,085000018200,2024-11-25 05:46:44,,,,,,,1,variant_audit_2026-07-22,2026-07-22
41157273288779,,7263011307595,,Allegrini Palazzo della Torre Veronese IGT,750ML,allegrini-palazzo-della-torre-veronese-igt,ACTIVE,9101815,812643020006,2024-11-25 05:46:45,,,,,,,1,variant_audit_2026-07-22,2026-07-22
41157273321547,,7263011340363,,Amaro Montenegro,750ML,amaro-montenegro,ACTIVE,9166583,898193001597,2024-11-25 05:46:46,,,,,,,1,variant_audit_2026-07-22,2026-07-22
41157273354315,,7263011373131,,Andre California Brut,750ML,andre-california-brut,ACTIVE,1235647,085000007433,2024-11-25 05:46:47,,,,,,,1,variant_audit_2026-07-22,2026-07-22
41157273387083,,7263011405899,,Andre California Extra Dry,750ML,andre-california-extra-dry,ACTIVE,1235043,085000007488,2024-11-25 05:46:48,,,,,,,1,variant_audit_2026-07-22,2026-07-22
41157273419851,,7263011438667,,Andre Spumante,750ML,andre-spumante,ACTIVE,1236140,085000008287,2024-11-25 05:46:49,,,,,,,1,variant_audit_2026-07-22,2026-07-22
41157273452619,,7263011471435,,Apothic Cabernet Sauvignon California,750ML,apothic-cabernet-sauvignon-california,ACTIVE,3004870,085000030967,2024-11-25 05:46:50,,,,,,,1,variant_audit_2026-07-22,2026-07-22
41157273485387,,7263011504203,,Apothic California Chardonnay,750ML,apothic-california-chardonnay,ACTIVE,3013297,085000035405,2024-11-25 05:46:51,,,,,,,1,variant_audit_2026-07-22,2026-07-22
41157273518155,,7263011536971,,Apothic Crush Smooth Red Blend California,750ML,apothic-crush-smooth-red-blend-california,ACTIVE,9185713,085000023488,2024-11-25 05:46:51,,,,,,,1,variant_audit_2026-07-22,2026-07-22
41157273550923,,7263011569739,,Apothic Dark,750ML,apothic-dark,ACTIVE,9167975,085000022863,2024-11-25 05:46:52,,,,,,,1,variant_audit_2026-07-22,2026-07-22
41157273583691,,7263011602507,,Apothic Merlot,750ML,apothic-merlot,ACTIVE,3006856,085000032145,2024-11-25 05:46:53,,,,,,,1,variant_audit_2026-07-22,2026-07-22
41157273616459,,7263011635275,,Apothic Red,750ML,apothic-red,ACTIVE,9093648,085000017746,2024-11-25 05:46:54,,,,,,,1,variant_audit_2026-07-22,2026-07-22
41157273649227,,7263011668043,,Apothic White,750ML,apothic-white,ACTIVE,9145264,085000019733,2024-11-25 05:46:55,,,,,,,1,variant_audit_2026-07-22,2026-07-22
41157273747531,,7263011733579,,Arbor Mist Exotic Fruit White Zinfandel,1.5L,arbor-mist-exotic-fruit-white-zinfandel,ACTIVE,9044350,082100179060,2024-11-25 05:46:57,,,,,,,1,variant_audit_2026-07-22,2026-07-22
41157273780299,,7263011766347,,Arbor Mist Mango Strawberry Moscato,750ML,arbor-mist-mango-strawberry-moscato,ACTIVE,3004076,082100738564,2024-11-25 05:46:58,,,,,,,1,variant_audit_2026-07-22,2026-07-22
41157273845835,,7263011799115,,Arbor Mist Peach Moscato,1.5L,arbor-mist-peach-moscato,ACTIVE,3004071,082100739103,2024-11-25 05:46:59,,,,,,,1,variant_audit_2026-07-22,2026-07-22
41157273911371,,7263011831883,,Arbor Mist Pineapple Strawberry Pink Moscato,1.5L,arbor-mist-pineapple-strawberry-pink-moscato,ACTIVE,3004073,082100739332,2024-11-25 05:46:59,,,,,,,1,variant_audit_2026-07-22,2026-07-22
41157273976907,,7263011897419,,Arbor Mist Strawberry White Zinfandel,1.5L,arbor-mist-strawberry-white-zinfandel,ACTIVE,9044372,082100179077,2024-11-25 05:47:01,,,,,,,1,variant_audit_2026-07-22,2026-07-22
41157274107979,,7263012028491,,Barefoot Bright & Breezy Rose,750ML,barefoot-bright-breezy-rose,ACTIVE,3009335,085000032862,2024-11-25 05:47:05,,,,,,,1,variant_audit_2026-07-22,2026-07-22
41157274140747,,7263012061259,,Barefoot Cabernet Sauvignon,1.5L,barefoot-cabernet-sauvignon,ACTIVE,2112225,018341151015,2024-11-25 05:47:06,,,,,,,1,variant_audit_2026-07-22,2026-07-22
41157274337355,gid://shopify/ProductVariant/41157274337355,7263012159563,,Barefoot Pinot Grigio,1.5L,barefoot-pinot-grigio,ACTIVE,9006138,085000014431,2024-11-25 05:47:11,12.99,10.0,,,Empire Merchants North,White Wine,1,variant_audit_2026-07-22,2026-08-07_top50_refresh
41157274533963,,7263012225099,,Barefoot Riesling,1.5L,barefoot-riesling,ACTIVE,9089666,085000018132,2024-11-25 05:47:13,,,,,,,1,variant_audit_2026-07-22,2026-07-22
41157274632267,,7263012257867,,Barefoot Rose,1.5L,barefoot-rose,ACTIVE,9263829,085000026472,2024-11-25 05:47:13,,,,,,,1,variant_audit_2026-07-22,2026-07-22
41157274730571,,7263012290635,,Barefoot Sauvignon Blanc,1.5L,barefoot-sauvignon-blanc,ACTIVE,2113124,018341151022,2024-11-25 05:47:14,,,,,,,1,variant_audit_2026-07-22,2026-07-22
41157274861643,,7263012356171,,Black Box Brilliant Collection Chardonnay,3L,black-box-brilliant-collection-chardonnay,ACTIVE,3010087,085000034521,2024-11-25 05:47:16,,,,,,,1,variant_audit_2026-07-22,2026-07-22
41157274927179,,7263012421707,,Black Box Chardonnay Australia,3L,black-box-chardonnay-australia,ACTIVE,3010659,081434000040,2024-11-25 05:47:18,,,,,,,1,variant_audit_2026-07-22,2026-07-22
41157274959947,,7263012454475,,Black Box Merlot,3L,black-box-merlot,ACTIVE,9015876,081434000026,2024-11-25 05:47:19,,,,,,,1,variant_audit_2026-07-22,2026-07-22
41157275025483,gid://shopify/ProductVariant/41157275025483,7263012520011,,Black Box Pinot Noir,3L,black-box-pinot-noir,ACTIVE,3004081,081434710017,2024-11-25 05:47:20,19.99,15.33,,,Empire Merchants North,Red Wine,1,variant_audit_2026-07-22,2026-08-07_top50_refresh
41157275058251,,7263012552779,,Black Box Red Blend,3L,black-box-red-blend,ACTIVE,3004082,081434700193,2024-11-25 05:47:21,,,,,,,1,variant_audit_2026-07-22,2026-07-22
41157275123787,,7263012618315,,Black Box Sauvignon Blanc,3L,black-box-sauvignon-blanc,ACTIVE,9086524,082100738397,2024-11-25 05:47:23,,,,,,,1,variant_audit_2026-07-22,2026-07-22
41157275156555,,7263012651083,,Camarena Reposado,375ML,camarena-reposado,ACTIVE,9125228,085000017333,2024-11-25 05:47:24,,,,,,,1,variant_audit_2026-07-22,2026-07-22
41157275222091,,7263012683851,,Camarena Silver,375ML,camarena-silver,ACTIVE,9125224,085000017272,2024-11-25 05:47:25,,,,,,,1,variant_audit_2026-07-22,2026-07-22
41157275287627,,7263012716619,,Carlo Rossi Burgundy,4L,carlo-rossi-burgundy,ACTIVE,9009998,085000006948,2024-11-25 05:47:25,,,,,,,1,variant_audit_2026-07-22,2026-07-22
41157275320395,,7263012749387,,Carlo Rossi Moscato Sangria,4L,carlo-rossi-moscato-sangria,ACTIVE,9157283,085000021040,2024-11-25 05:47:26,,,,,,,1,variant_audit_2026-07-22,2026-07-22
41157275353163,,7263012782155,,Carlo Rossi Paisano,4L,carlo-rossi-paisano,ACTIVE,9010001,085000007297,2024-11-25 05:47:27,,,,,,,1,variant_audit_2026-07-22,2026-07-22
41157275385931,,7263012814923,,Carlo Rossi Peach Sangria,750ML,carlo-rossi-peach-sangria,ACTIVE,3006865,085000032350,2024-11-25 05:47:28,,,,,,,1,variant_audit_2026-07-22,2026-07-22
41157275418699,,7263012847691,,Carlo Rossi Pink Moscato Sangria,750ML,carlo-rossi-pink-moscato-sangria,ACTIVE,9261709,085000025031,2024-11-25 05:47:29,,,,,,,1,variant_audit_2026-07-22,2026-07-22
41157275451467,,7263012880459,,Carlo Rossi Raspberry Sangria,750ML,carlo-rossi-raspberry-sangria,ACTIVE,3004718,085000029749,2024-11-25 05:47:30,,,,,,,1,variant_audit_2026-07-22,2026-07-22
41157275484235,,7263012913227,,Carlo Rossi Rhine,4L,carlo-rossi-rhine,ACTIVE,9010002,085000007181,2024-11-25 05:47:31,,,,,,,1,variant_audit_2026-07-22,2026-07-22
41157275910219,,7263012978763,,Carlo Rossi Sangria,4L,carlo-rossi-sangria,ACTIVE,9010003,085000007167,2024-11-25 05:47:32,,,,,,,1,variant_audit_2026-07-22,2026-07-22
41157275975755,,7263013011531,,Chum Churum Original Soju,375ML,chum-churum-original-soju,ACTIVE,301491,850052711245,2024-11-25 05:47:33,,,,,,,1,variant_audit_2026-07-22,2026-07-22
41157276008523,,7263013044299,,Clos du Bois Buttery Chardonnay,750ML,clos-du-bois-buttery-chardonnay-rich-creamy-california,ACTIVE,3010050,085000034149,2024-11-25 05:47:33,,,,,,,1,variant_audit_2026-07-22,2026-07-22
41157276041291,,7263013077067,,Clos du Bois California Cabernet Sauvignon,750ML,clos-du-bois-california-cabernet-sauvignon,ACTIVE,3007176,087356405123,2024-11-25 05:47:34,,,,,,,1,variant_audit_2026-07-22,2026-07-22
41157276074059,,7263013109835,,Clos du Bois California Chardonnay,750ML,clos-du-bois-california-chardonnay,ACTIVE,3007177,087356510124,2024-11-25 05:47:35,,,,,,,1,variant_audit_2026-07-22,2026-07-22
41157276106827,,7263013142603,,Condesa Gin Clasica Gin,750ML,condesa-gin-clasica-gin,ACTIVE,3016035,860004438656,2024-11-25 05:47:36,,,,,,,1,variant_audit_2026-07-22,2026-07-22
41157276172363,,7263013208139,,Dark Horse Cabernet Sauvignon,750ML,dark-horse-cabernet-sauvignon,ACTIVE,9150309,085000020302,2024-11-25 05:47:38,,,,,,,1,variant_audit_2026-07-22,2026-07-22
41157276205131,,7263013240907,,Dark Horse Chardonnay Buttery California,750ML,dark-horse-chardonnay-buttery-california,ACTIVE,3004872,085000031223,2024-11-25 05:47:39,,,,,,,1,variant_audit_2026-07-22,2026-07-22
41157276237899,,7263013273675,,Dark Horse Double Down Red Blend,750ML,dark-horse-double-down-red-blend,ACTIVE,3013773,085000020746,2024-11-25 05:47:39,,,,,,,1,variant_audit_2026-07-22,2026-07-22
41157276270667,,7263013306443,,Dark Horse Pinot Grigio,750ML,dark-horse-pinot-grigio,ACTIVE,9251936,085000025284,2024-11-25 05:47:40,,,,,,,1,variant_audit_2026-07-22,2026-07-22
41157276303435,,7263013339211,,Dark Horse Sauvignon Blanc,750ML,dark-horse-sauvignon-blanc,ACTIVE,9187214,085000022924,2024-11-25 05:47:41,,,,,,,1,variant_audit_2026-07-22,2026-07-22
41157276336203,,7263013371979,,Don Fulano Anejo,750ML,don-fulano-anejo,ACTIVE,,7416388330586,2024-11-25 05:47:42,,,,,,,1,variant_audit_2026-07-22,2026-07-22
41157276368971,,7263013404747,,Don Fulano Blanco,750ML,don-fulano-blanco,ACTIVE,,7416388130506,2024-11-25 05:47:43,,,,,,,1,variant_audit_2026-07-22,2026-07-22
41157276401739,,7263013437515,,Don Fulano Reposado,750ML,don-fulano-reposado,ACTIVE,3015296,7416388230596,2024-11-25 05:47:44,,,,,,,1,variant_audit_2026-07-22,2026-07-22
41157276434507,,7263013470283,,Don Miguel Gascon Malbec,750ML,don-miguel-gascon-malbec,ACTIVE,9019651,085000016145,2024-11-25 05:47:45,,,,,,,1,variant_audit_2026-07-22,2026-07-22
41157276500043,,7263013535819,,E&J Brandy VSOP,1.75L,e-j-brandy-vsop,ACTIVE,220525,085000003930,2024-11-25 05:47:46,,,,,,,1,variant_audit_2026-07-22,2026-07-22
41157276631115,,7263013568587,,E&J Brandy XO,1.75L,e-j-brandy-xo,ACTIVE,9120356,085000018828,2024-11-25 05:47:47,,,,,,,1,variant_audit_2026-07-22,2026-07-22
41157276729419,gid://shopify/ProductVariant/41157276729419,7263013601355,,Ecco Domani Pinot Grigio delle Venezie,750ML,ecco-domani-pinot-grigio-delle-venezie,ACTIVE,9244871,085000008430,2024-11-25 05:47:48,11.99,8.67,,,Empire Merchants North,White Wine,1,variant_audit_2026-07-22,2026-08-07_top50_refresh
41157276762187,,7263013634123,,Estancia Cabernet Sauvignon California,750ML,estancia-cabernet-sauvignon-california,ACTIVE,3016124,083085300265,2024-11-25 05:47:49,,,,,,,1,variant_audit_2026-07-22,2026-07-22
41157276827723,,7263013699659,,The Simple Grape Pinot Noir,750ML,estancia-pinot-noir-california,ACTIVE,,084692656530,2024-11-25 05:47:51,,,,,,,1,variant_audit_2026-07-22,2026-07-22
41157276926027,,7263013797963,,Fleur de Mer Rose,750ML,fleur-de-mer-cotes-de-provence-rose,ACTIVE,3012297,085000024706,2024-11-25 05:47:54,,,,,,,1,variant_audit_2026-07-22,2026-07-22
41157276958795,,7263013830731,,Gallo Family Vineyards Cabernet Sauvignon,1.5L,gallo-family-vineyards-cabernet-sauvignon,ACTIVE,1221928,085000005019,2024-11-25 05:47:54,,,,,,,1,variant_audit_2026-07-22,2026-07-22
41157277024331,,7263013863499,,Gallo Family Vineyards Chardonnay,1.5L,gallo-family-vineyards-chardonnay,ACTIVE,1221720,085000005064,2024-11-25 05:47:56,,,,,,,1,variant_audit_2026-07-22,2026-07-22
41157277089867,,7263013896267,,Gallo Family Vineyards Moscato,1.5L,gallo-family-vineyards-moscato,ACTIVE,9007514,085000015209,2024-11-25 05:47:56,,,,,,,1,variant_audit_2026-07-22,2026-07-22
41157277155403,,7263013929035,,Gallo Family Vineyards Pink Moscato California,1.5L,gallo-family-vineyards-pink-moscato-california,ACTIVE,9144846,085000019917,2024-11-25 05:47:57,,,,,,,1,variant_audit_2026-07-22,2026-07-22
41157277220939,,7263013961803,,Gallo Family Vineyards Pinot Grigio,1.5L,gallo-family-vineyards-pinot-grigio,ACTIVE,9018732,085000015865,2024-11-25 05:47:58,,,,,,,1,variant_audit_2026-07-22,2026-07-22
41157277286475,,7263013994571,,Gallo Family Vineyards Sweet Peach,1.5L,gallo-family-vineyards-sweet-peach,ACTIVE,9252255,085000025611,2024-11-25 05:47:59,,,,,,,1,variant_audit_2026-07-22,2026-07-22
41157277352011,,7263014027339,,Gallo Family Vineyards Sweet Pineapple,1.5L,gallo-family-vineyards-sweet-pineapple,ACTIVE,9252257,085000025604,2024-11-25 05:48:00,,,,,,,1,variant_audit_2026-07-22,2026-07-22
41157277417547,,7263014060107,,Gallo Family Vineyards Sweet Berry,1.5L,gallo-family-vineyards-sweet-strawberry,ACTIVE,9252254,085000025598,2024-11-25 05:48:01,,,,,,,1,variant_audit_2026-07-22,2026-07-22
41157278171211,,7263014584395,,Horse Soldier Reserve Barrel Strength,750ML,horse-soldier-reserve-barrel-strength-bourbon-whiskey-117-7-proof,ARCHIVED,,040232690587,2024-11-25 05:48:14,,,,,,,0,variant_audit_2026-07-22,2026-07-22
41157278203979,,7263014617163,,Horse Soldier Small Batch Bourbon,750ML,horse-soldier-small-batch-bourbon,ACTIVE,,040232690570,2024-11-25 05:48:15,,,,,,,1,variant_audit_2026-07-22,2026-07-22
41157278236747,,7263014649931,,Horse Soldier Straight Bourbon,750ML,horse-soldier-straight-bourbon,ACTIVE,,040232189111,2024-11-25 05:48:16,,,,,,,1,variant_audit_2026-07-22,2026-07-22
41157278335051,,7263014748235,,J Vineyards Multi AVA Pinot Noir,750ML,j-vineyards-multi-ava-pinot-noir,ACTIVE,,724624001006,2024-11-25 05:48:19,,,,,,,1,variant_audit_2026-07-22,2026-07-22
41157278400587,,7263014813771,,John Barr Reserve Blend Blended Scotch Whisky,750ML,john-barr-reserve-blend-blended-scotch-whisky,ACTIVE,9240890,087647111962,2024-11-25 05:48:21,,,,,,,1,variant_audit_2026-07-22,2026-07-22
41157278629963,,7263014879307,,La Marca Prosecco Rose,750ML,la-marca-prosecco-rose,ACTIVE,3015712,085000032442,2024-11-25 05:48:23,,,,,,,1,variant_audit_2026-07-22,2026-07-22
41157278695499,,7263014912075,,Liberty Creek Cabernet Sauvignon American,1.5L,liberty-creek-cabernet-sauvignon-american,ACTIVE,3015894,085000011294,2024-11-25 05:48:24,,,,,,,1,variant_audit_2026-07-22,2026-07-22
41157278728267,,7263014944843,,Liberty Creek Chardonnay,1.5L,liberty-creek-chardonnay,ACTIVE,3015958,085000011300,2024-11-25 05:48:24,,,,,,,1,variant_audit_2026-07-22,2026-07-22
41157278761035,,7263014977611,,Liberty Creek Merlot,1.5L,liberty-creek-merlot,ACTIVE,9012098,085000011287,2024-11-25 05:48:25,,,,,,,1,variant_audit_2026-07-22,2026-07-22
41157278793803,,7263015010379,,Liberty Creek Moscato,1.5L,liberty-creek-moscato,ACTIVE,3015959,085000018033,2024-11-25 05:48:26,,,,,,,1,variant_audit_2026-07-22,2026-07-22
41157278826571,,7263015043147,,Liberty Creek Pinot Grigio,1.5L,liberty-creek-pinot-grigio,ACTIVE,3015961,085000018392,2024-11-25 05:48:27,,,,,,,1,variant_audit_2026-07-22,2026-07-22
41157278859339,,7263015075915,,Liberty Creek Pinot Noir American,1.5L,liberty-creek-pinot-noir-american,ACTIVE,3015947,085000018385,2024-11-25 05:48:28,,,,,,,1,variant_audit_2026-07-22,2026-07-22
41157278892107,,7263015108683,,Louis M. Martini Prati Cabernet,750ML,louis-m-martini-cabernet-sauvignon-prati-sonoma-county,ACTIVE,3015919,085000011638,2024-11-25 05:48:29,,,,,,,1,variant_audit_2026-07-22,2026-07-22
41157278924875,,7263015141451,,Louis M. Martini Napa Valley Cabernet,750ML,louis-m-martini-napa-valley-cabernet-sauvignon,ACTIVE,3014645,085000011645,2024-11-25 05:48:30,,,,,,,1,variant_audit_2026-07-22,2026-07-22
41157278957643,,7263015174219,,Manischewitz Blackberry Kosher,1.5L,manischewitz-blackberry-kosher,ACTIVE,9044807,085976034228,2024-11-25 05:48:31,,,,,,,1,variant_audit_2026-07-22,2026-07-22
41157279023179,,7263015206987,,Manischewitz Concord Grape Kosher,1.5L,manischewitz-concord-grape-kosher,ACTIVE,9044827,085976034150,2024-11-25 05:48:32,,,,,,,1,variant_audit_2026-07-22,2026-07-22
41157279088715,,7263015239755,,Mark West Cabernet Sauvignon California,750ML,mark-west-cabernet-sauvignon-california,ACTIVE,3014495,085000037126,2024-11-25 05:48:32,,,,,,,1,variant_audit_2026-07-22,2026-07-22
41157279121483,,7263015272523,,Mark West Pinot Noir California,750ML,mark-west-pinot-noir-california,ACTIVE,9041055,851718000048,2024-11-25 05:48:33,,,,,,,1,variant_audit_2026-07-22,2026-07-22
41157279154251,,7263015305291,,Mirassou Vineyards Pinot Noir,750ML,mirassou-vineyards-pinot-noir,ACTIVE,9021226,085000012277,2024-11-25 05:48:34,,,,,,,1,variant_audit_2026-07-22,2026-07-22
41157279187019,,7263015338059,,New Amsterdam Coconut,1.75L,new-amsterdam-coconut,ACTIVE,9166539,085000021699,2024-11-25 05:48:35,,,,,,,1,variant_audit_2026-07-22,2026-07-22
41157279285323,,7263015370827,,New Amsterdam Flavored Apple,50ML,new-amsterdam-flavored-apple,ACTIVE,3014389,08565606,2024-11-25 05:48:36,,,,,,,1,variant_audit_2026-07-22,2026-07-22
41157279318091,,7263015403595,,New Amsterdam Grapefruit,1.75L,new-amsterdam-grapefruit,ACTIVE,3002357,085000023761,2024-11-25 05:48:37,,,,,,,1,variant_audit_2026-07-22,2026-07-22
41157279383627,,7263015436363,,New Amsterdam Lemon,1.75L,new-amsterdam-lemon,ACTIVE,9263934,085000026540,2024-11-25 05:48:38,,,,,,,1,variant_audit_2026-07-22,2026-07-22
41157279449163,,7263015469131,,New Amsterdam Mango,50ML,new-amsterdam-mango,ACTIVE,3014390,08563404,2024-11-25 05:48:39,,,,,,,1,variant_audit_2026-07-22,2026-07-22
41157279744075,,7263015534667,,New Amsterdam Original Vodka 100 Proof,1.75L,new-amsterdam-original-vodka-100-proof,ACTIVE,9227375,085000024560,2024-11-25 05:48:41,,,,,,,1,variant_audit_2026-07-22,2026-07-22
41157279842379,,7263015567435,,New Amsterdam Passionfruit,1.75L,new-amsterdam-passionfruit,ACTIVE,3010044,085000034200,2024-11-25 05:48:42,,,,,,,1,variant_audit_2026-07-22,2026-07-22
41157279907915,,7263015600203,,New Amsterdam Peach,1.75L,new-amsterdam-peach,ACTIVE,9169166,085000021651,2024-11-25 05:48:43,,,,,,,1,variant_audit_2026-07-22,2026-07-22
41157279973451,,7263015632971,,New Amsterdam Pineapple,50ML,new-amsterdam-pineapple,ACTIVE,3014410,08562104,2024-11-25 05:48:44,,,,,,,1,variant_audit_2026-07-22,2026-07-22
41157280170059,,7263015698507,,New Amsterdam Raspberry,1.75L,new-amsterdam-raspberry,ACTIVE,9259911,085000026175,2024-11-25 05:48:46,,,,,,,1,variant_audit_2026-07-22,2026-07-22
41157280235595,,7263015731275,,New Amsterdam Red Berry,750ML,new-amsterdam-red-berry,ACTIVE,9152357,085000020326,2024-11-25 05:48:47,,,,,,,1,variant_audit_2026-07-22,2026-07-22
41157280301131,,7263015764043,,New Amsterdam Tangerine Flavored Vodka,1.75L,new-amsterdam-tangerine-flavored-vodka,ACTIVE,3014816,085000034835,2024-11-25 05:48:48,,,,,,,1,variant_audit_2026-07-22,2026-07-22
41157280366667,,7263015796811,,New Amsterdam The Original Gin,1.75L,new-amsterdam-the-original-stratusphere-gin,ACTIVE,9020827,085000014301,2024-11-25 05:48:49,,,,,,,1,variant_audit_2026-07-22,2026-07-22
41157280563275,,7263015829579,,New Amsterdam Watermelon,50ML,new-amsterdam-watermelon,ACTIVE,3014681,08567400,2024-11-25 05:48:50,,,,,,,1,variant_audit_2026-07-22,2026-07-22
41157280596043,,7263015862347,,Orin Swift 8 Years In The Desert,750ML,orin-swift-8-years-in-the-desert,ACTIVE,3014124,085000026700,2024-11-25 05:48:51,,,,,,,1,variant_audit_2026-07-22,2026-07-22
41157280661579,,7263015927883,,Orin Swift Machete,750ML,orin-swift-machete,ACTIVE,3012285,,2024-11-25 05:48:52,,,,,,,1,variant_audit_2026-07-22,2026-07-22
41157280694347,,7263015960651,,Orin Swift Palermo Cabernet Sauvignon,750ML,orin-swift-palermo-cabernet-sauvignon,ACTIVE,3015284,,2024-11-25 05:48:53,,,,,,,1,variant_audit_2026-07-22,2026-07-22
41157280727115,,7263015993419,,Peter Vella Chardonnay,5L,peter-vella-chardonnay,ACTIVE,3007698,085000006795,2024-11-25 05:48:54,,,,,,,1,variant_audit_2026-07-22,2026-07-22
41157280759883,,7263016026187,,Peter Vella Delicious Red,5L,peter-vella-delicious-red,ACTIVE,3008564,085000007686,2024-11-25 05:48:55,,,,,,,1,variant_audit_2026-07-22,2026-07-22
41157280825419,,7263016058955,,Peter Vella Merlot,5L,peter-vella-merlot,ACTIVE,3006897,085000003015,2024-11-25 05:48:56,,,,,,,1,variant_audit_2026-07-22,2026-07-22
41157280858187,,7263016091723,,Peter Vella Moscato Sangria,5L,peter-vella-moscato-sangria,ACTIVE,3007703,085000024225,2024-11-25 05:48:57,,,,,,,1,variant_audit_2026-07-22,2026-07-22
41157280890955,,7263016124491,,Peter Vella Sangria,5L,peter-vella-sangria,ACTIVE,3007700,085000017203,2024-11-25 05:48:58,,,,,,,1,variant_audit_2026-07-22,2026-07-22
41157280923723,,7263016157259,,Peter Vella Vineyards Crisp White,5L,peter-vella-vineyards-crisp-white,ACTIVE,3007702,085000001240,2024-11-25 05:48:59,,,,,,,1,variant_audit_2026-07-22,2026-07-22
41157280956491,,7263016190027,,Rombauer California Zinfandel,750ML,rombauer-california-zinfandel,ACTIVE,3016449,097921978105,2024-11-25 05:49:00,,,,,,,1,variant_audit_2026-07-22,2026-07-22
41157280989259,,7263016222795,,Rombauer Carneros Chardonnay,750ML,rombauer-carneros-chardonnay,ACTIVE,3016253,097921970109,2024-11-25 05:49:01,,,,,,,1,variant_audit_2026-07-22,2026-07-22
41157281022027,,7263016255563,,Rombauer Sauvignon Blanc,750ML,rombauer-sauvignon-blanc,ACTIVE,3015770,097921877101,2024-11-25 05:49:02,,,,,,,1,variant_audit_2026-07-22,2026-07-22
41157281054795,,7263016288331,,Ron del Barrilito 2 Star Rum,750ML,ron-del-barrilito-2-star-rum,ACTIVE,3015798,082869000124,2024-11-25 05:49:03,,,,,,,1,variant_audit_2026-07-22,2026-07-22
41157281087563,,7263016321099,,Ron del Barrilito 3 Star Rum,750ML,ron-del-barrilito-3-star-rum,ACTIVE,532436,082869000223,2024-11-25 05:49:04,,,,,,,1,variant_audit_2026-07-22,2026-07-22
41157281284171,,7263016386635,,RumChata Coconut Cream Liqueur,750ML,rumchata-coconut-cream-liqueur,ACTIVE,3012304,085000035764,2024-11-25 05:49:07,,,,,,,1,variant_audit_2026-07-22,2026-07-22
41157281316939,,7263016419403,,RumChata Gift Pack,750ML,rumchata-gift-pack,ACTIVE,3009310,890355001056,2024-11-25 05:49:08,,,,,,,1,variant_audit_2026-07-22,2026-07-22
41157281382475,,7263016484939,,RumChata Peppermint Bark,750ML,rumchata-peppermint-bark,ACTIVE,3008328,890355001551,2024-11-25 05:49:09,,,,,,,1,variant_audit_2026-07-22,2026-07-22
41157281480779,,7263016517707,,Saint Clair Sauvignon Blanc,750ML,saint-clair-family-estate-sauvignon-blanc-marlborough,ACTIVE,3014510,085000027127,2024-11-25 05:49:11,,,,,,,1,variant_audit_2026-07-22,2026-07-22
41157281513547,,7263016550475,,Smith & Hook Reserve Cabernet Sauvignon,750ML,smith-hook-cabernet-sauvignon-reserve-paso-robles,ACTIVE,3013959,086788016075,2024-11-25 05:49:12,,,,,,,1,variant_audit_2026-07-22,2026-07-22
41157281546315,,7263016583243,,Soon Hari Peach Soju,375ML,soon-hari-peach,ACTIVE,3014917,850052711276,2024-11-25 05:49:12,,,,,,,1,variant_audit_2026-07-22,2026-07-22
41157281579083,,7263016616011,,Soon Hari Strawberry Soju,375ML,soon-hari-strawberry,ACTIVE,3014918,850052711290,2024-11-25 05:49:13,,,,,,,1,variant_audit_2026-07-22,2026-07-22
41157281644619,,7263016681547,,Starborough Sauvignon Blanc,750ML,starborough-sauvignon-blanc,ACTIVE,9042292,085000016602,2024-11-25 05:49:15,,,,,,,1,variant_audit_2026-07-22,2026-07-22
41157281677387,,7263016714315,,Taylor Marsala,1.5L,taylor-marsala,ACTIVE,3007157,088940110027,2024-11-25 05:49:16,,,,,,,1,variant_audit_2026-07-22,2026-07-22
41157281775691,,7263016779851,,Taylor Port,1.5L,taylor-port,ACTIVE,9004912,088940000021,2024-11-25 05:49:18,,,,,,,1,variant_audit_2026-07-22,2026-07-22
41157281873995,,7263016812619,,Tequila Komos Anejo Cristalino,750ML,tequila-komos-anejo-cristalino,ACTIVE,3011513,860001753417,2024-11-25 05:49:19,,,,,,,1,variant_audit_2026-07-22,2026-07-22
41157281939531,,7263016878155,,The Dalmore 12 Year Old,750ML,the-dalmore-12-year-old,ACTIVE,9241066,087647111672,2024-11-25 05:49:21,,,,,,,1,variant_audit_2026-07-22,2026-07-22
41157281972299,,7263016910923,,The Dalmore 15 Year Old,750ML,the-dalmore-15-year-old,ACTIVE,,087647111689,2024-11-25 05:49:22,,,,,,,1,variant_audit_2026-07-22,2026-07-22
41157282005067,,7263016943691,,The Dalmore 18Yrs 2023 Edition Highland Single Malt,750ML,the-dalmore-18-years-old-2023-edition-highland-single-malt-scotch-whisky,ACTIVE,,087647114406,2024-11-25 05:49:22,,,,,,,1,variant_audit_2026-07-22,2026-07-22
41157282037835,,7263016976459,,Tippy Cow Chocolate Shake,750ML,tippy-cow-chocolate-shake,ACTIVE,3008327,857359008016,2024-11-25 05:49:23,,,,,,,1,variant_audit_2026-07-22,2026-07-22
41157282070603,,7263017009227,,Tippy Cow Orange Cream,750ML,tippy-cow-orange-cream,ACTIVE,3008326,857359008054,2024-11-25 05:49:24,,,,,,,1,variant_audit_2026-07-22,2026-07-22
41157282103371,,7263017041995,,Tippy Cow Shamrock Mint,750ML,tippy-cow-shamrock-mint,ACTIVE,3008325,857359008078,2024-11-25 05:49:25,,,,,,,1,variant_audit_2026-07-22,2026-07-22
41157282136139,,7263017074763,,Tippy Cow Vanilla Soft Serve,750ML,tippy-cow-vanilla-soft-serve,ACTIVE,3008324,857359008030,2024-11-25 05:49:26,,,,,,,1,variant_audit_2026-07-22,2026-07-22
41157282168907,,7263017107531,,Toasted Head Chardonnay,750ML,toasted-head-chardonnay,ACTIVE,2436947,087110400579,2024-11-25 05:49:27,,,,,,,1,variant_audit_2026-07-22,2026-07-22
41157282201675,,7263017140299,,Vibe by Vendange Blue Raspberry Lemonade,500ML,vibe-by-vendange-blue-raspberry-lemonade,ACTIVE,3011839,085000035795,2024-11-25 05:49:28,,,,,,,1,variant_audit_2026-07-22,2026-07-22
41157282234443,,7263017173067,,Vibe by Vendange Fruit Punch,500ML,vibe-by-vendange-fruit-punch,ACTIVE,3011870,085000035801,2024-11-25 05:49:28,,,,,,,1,variant_audit_2026-07-22,2026-07-22
41157282267211,,7263017205835,,Vibe by Vendange Peach,500ML,vibe-by-vendange-peach,ACTIVE,3014685,085000037591,2024-11-25 05:49:29,,,,,,,1,variant_audit_2026-07-22,2026-07-22
41157282332747,,7263017271371,,Whitehaven Marlborough Sauvignon Blanc,750ML,whitehaven-marlborough-sauvignon-blanc,ACTIVE,9265118,085000012017,2024-11-25 05:49:31,,,,,,,1,variant_audit_2026-07-22,2026-07-22
41157282365515,,7263017304139,,Wild Horse Paso Robles Cabernet Sauvignon,750ML,wild-horse-paso-robles-cabernet-sauvignon,ACTIVE,,085000034279,2024-11-25 05:49:32,,,,,,,1,variant_audit_2026-07-22,2026-07-22
41157282398283,,7263017336907,,William Hill Estate North Coast Chardonnay,750ML,william-hill-estate-north-coast-chardonnay,ACTIVE,9168425,085000018125,2024-11-25 05:49:33,,,,,,,1,variant_audit_2026-07-22,2026-07-22
41157548048459,,7263127175243,,1800 Tequila Coconut,375ML,1800-tequila-coconut,ACTIVE,9144565,811538010368,2024-11-25 14:34:28,,,,,,,1,variant_audit_2026-07-22,2026-07-22
41157548113995,,7263127208011,,1800 Tequila Cristalino,750ML,1800-tequila-cristalino,ACTIVE,3004794,811538016469,2024-11-25 14:34:29,,,,,,,1,variant_audit_2026-07-22,2026-07-22
41157548179531,,7263127273547,,1800 Tequila Reposado,1.75L,1800-tequila-reposado,ACTIVE,9039327,811538010252,2024-11-25 14:34:30,,,,,,,1,variant_audit_2026-07-22,2026-07-22
41157548343371,,7263127306315,,99 Pineapple,50ML,99-brand-10-flavors-schnapps-rainbow-pack,ACTIVE,3007256,080660010700,2024-11-25 14:34:31,,,,,,,1,variant_audit_2026-07-22,2026-07-22
41157548441675,,7263127404619,,Banfi chianti superiore,750ML,banfi-chianti-superiore,ACTIVE,911002,080516406947,2024-11-25 14:34:32,,,,,,,1,variant_audit_2026-07-22,2026-07-22
41157548474443,,7263127437387,,Banfi Principessa Gavia Gavi DOCG,750ML,banfi-principessa-gavia-gavi-docg,ACTIVE,3015298,080516165349,2024-11-25 14:34:33,,,,,,,1,variant_audit_2026-07-22,2026-07-22
41157548539979,,7263127502923,,Bardstown Bourbon Amrut Straight Rye,750ML,bardstown-bourbon-company-collaborative-series-amrut-straight-rye-whiskey,ACTIVE,3015270,857552008707,2024-11-25 14:34:34,,,,,,,1,variant_audit_2026-07-22,2026-07-22
41157548572747,,7263127535691,,Bardstown Finished In Silver Oak Cabernet Barrels Straight,750ML,bardstown-bourbon-company-collaborative-series-finished-in-silver-oak-cabernet-barrels-straight-bourbon-whiskey,ACTIVE,3015957,857552008936,2024-11-25 14:34:35,,,,,,,1,variant_audit_2026-07-22,2026-07-22
41157548605515,,7263127601227,,Bardstown Goose Island Kentucky Straight,750ML,bardstown-bourbon-company-collaborative-series-goose-island-kentucky-straight-bourbon-whiskey,ACTIVE,3014129,857552008516,2024-11-25 14:34:36,,,,,,,1,variant_audit_2026-07-22,2026-07-22
41157549228107,,7263127666763,,Bardstown Bourbon Origins Series Rye,750ML,bardstown-bourbon-company-collaborative-series-wvgbc-blended-rye-whiskey-finished-in-infrared-toasted-cherry-oak-barrels,ACTIVE,3012179,857552008400,2024-11-25 14:34:37,,,,,,,1,variant_audit_2026-07-22,2026-07-22
41157549260875,,7263127699531,,Bardstown 6Yrs Bottled-In-Bond,750ML,bardstown-bourbon-company-origin-series-6-years-old-bottled-in-bond-kentucky-straight-bourbon-wheated-whiskey,ACTIVE,3012181,857552008417,2024-11-25 14:34:38,,,,,,,1,variant_audit_2026-07-22,2026-07-22
41157549326411,,7263127765067,,Bardstown Straight Wheated,750ML,bardstown-bourbon-company-origin-series-kentucky-straight-wheated-bourbon-whiskey-106-proof,ACTIVE,3015700,857552008806,2024-11-25 14:34:38,,,,,,,1,variant_audit_2026-07-22,2026-07-22
41157549391947,,7263127830603,,Bartenura Moscato Provincia di Pavia IGT,750ML,bartenura-moscato-provincia-di-pavia-igt,ACTIVE,9002186,087752005644,2024-11-25 14:34:40,,,,,,,1,variant_audit_2026-07-22,2026-07-22
41157549457483,,7263127896139,,Barton Light Rum,1.75L,barton-light-rum,ACTIVE,9044124,080660559513,2024-11-25 14:34:41,,,,,,,1,variant_audit_2026-07-22,2026-07-22
41157549523019,,7263127928907,,Barton London Extra Dry Gin,1.75L,barton-london-extra-dry-gin,ACTIVE,9024376,080660411316,2024-11-25 14:34:42,,,,,,,1,variant_audit_2026-07-22,2026-07-22
41157549654091,,7263127994443,,Barton Rum Dark Gold,1.75L,barton-rum-dark-gold,ACTIVE,9044123,080660548111,2024-11-25 14:34:43,,,,,,,1,variant_audit_2026-07-22,2026-07-22
41157549719627,,7263128027211,,Barton Vodka,1L,barton-vodka,ACTIVE,9004607,080660472638,2024-11-25 14:34:44,,,,,,,1,variant_audit_2026-07-22,2026-07-22
41157549850699,,7263128059979,,Ben Holladay 6Yrs Bottled-in-Bond,750ML,ben-holladay-6-year-old-bottled-in-bond-missouri-straight-bourbon-whiskey-100-proof,ACTIVE,3013749,085592162459,2024-11-25 14:34:45,,,,,,,1,variant_audit_2026-07-22,2026-07-22
41157549916235,,7263128125515,,Ben Holladay 6Yrs Soft Red Wheat BinB,750ML,ben-holladay-6-year-old-soft-red-wheat-bottled-in-bond-missouri-straight-bourbon-whiskey,ACTIVE,3013748,085592165450,2024-11-25 14:34:46,,,,,,,1,variant_audit_2026-07-22,2026-07-22
41157549949003,,7263128158283,,Bodega Norton 1895 Coleccion Malbec,750ML,bodega-norton-1895-coleccion-malbec,ACTIVE,9250625,717888790120,2024-11-25 14:34:46,,,,,,,1,variant_audit_2026-07-22,2026-07-22
41157550014539,,7263128223819,,Bodega Norton 1895 Sauvignon Blanc,750ML,bodega-norton-1895-coleccion-sauvignon-blanc,ACTIVE,9250626,717888770122,2024-11-25 14:34:47,,,,,,,1,variant_audit_2026-07-22,2026-07-22
41157550047307,gid://shopify/ProductVariant/41157550047307,7263128256587,,Bogle Vineyards Cabernet Sauvignon,750ML,bogle-vineyards-cabernet-sauvignon,ACTIVE,3014835,080887493966,2024-11-25 14:34:48,11.99,8.66,,,Empire Merchants North,Red Wine,1,variant_audit_2026-07-22,2026-08-07_top50_refresh
41157550080075,gid://shopify/ProductVariant/41157550080075,7263128289355,,Bogle Vineyards Chardonnay,750ML,bogle-vineyards-chardonnay,ACTIVE,3014836,080887493928,2024-11-25 14:34:49,11.99,8.67,,,Empire Merchants North,White Wine,1,variant_audit_2026-07-22,2026-08-07_top50_refresh
41157550178379,,7263128387659,,Bogle Vineyards Merlot,750ML,bogle-vineyards-merlot,ACTIVE,3014838,080887493782,2024-11-25 14:34:50,,,,,,,1,variant_audit_2026-07-22,2026-07-22
41157550243915,,7263128420427,,Bogle Vineyards Old Vine Essential Red,750ML,bogle-vineyards-old-vine-essential-red,ACTIVE,3014837,080887496431,2024-11-25 14:34:51,,,,,,,1,variant_audit_2026-07-22,2026-07-22
41157550276683,,7263128453195,,Bogle Vineyards Petite Sirah,750ML,bogle-vineyards-petite-sirah,ACTIVE,3014900,080887493744,2024-11-25 14:34:52,,,,,,,1,variant_audit_2026-07-22,2026-07-22
41157550342219,,7263128518731,,Bogle Vineyards Phantom Chardonnay,750ML,bogle-vineyards-phantom-chardonnay,ACTIVE,3015991,080887496493,2024-11-25 14:34:52,,,,,,,1,variant_audit_2026-07-22,2026-07-22
41157550374987,,7263128551499,,Bogle Vineyards Pinot Noir,750ML,bogle-vineyards-pinot-noir,ACTIVE,3015874,080887496318,2024-11-25 14:34:53,,,,,,,1,variant_audit_2026-07-22,2026-07-22
41157550440523,,7263128617035,,Bogle Vineyards Sauvignon Blanc,750ML,bogle-vineyards-sauvignon-blanc,ACTIVE,3015875,080887493942,2024-11-25 14:34:54,,,,,,,1,variant_audit_2026-07-22,2026-07-22
41157550473291,,7263128649803,,Bogle Vineyards Zinfandel Old Vine California,750ML,bogle-vineyards-zinfandel-old-vine-california,ACTIVE,3014839,080887493850,2024-11-25 14:34:55,,,,,,,1,variant_audit_2026-07-22,2026-07-22
41157550506059,,7263128682571,,Bonterra Chardonnay,750ML,bonterra-chardonnay,ACTIVE,1034842,082896780419,2024-11-25 14:34:56,,,,,,,1,variant_audit_2026-07-22,2026-07-22
41157550571595,,7263128748107,,Bonterra Sauvignon Blanc,750ML,bonterra-sauvignon-blanc,ACTIVE,9018342,082896062621,2024-11-25 14:34:57,,,,,,,1,variant_audit_2026-07-22,2026-07-22
41157550604363,,7263128780875,,Borghetti liq caffee espresso,750ML,borghetti-liq-caffee-espresso,ACTIVE,3002651,084105981013,2024-11-25 14:34:58,,,,,,,1,variant_audit_2026-07-22,2026-07-22
41157550669899,,7263128846411,,Brother's Bond 6Yrs Bottled-In-Bond,750ML,brothers-bond-6-years-old-bottled-in-bond-straight-bourbon-whiskey,ACTIVE,3016340,860008679376,2024-11-25 14:34:59,,,,,,,1,variant_audit_2026-07-22,2026-07-22
41157550702667,,7263128879179,,Brother's Bond Cask Strength Bourbon,750ML,brothers-bond-cask-strength-bourbon,ACTIVE,3013100,816136029880,2024-11-25 14:35:00,,,,,,,1,variant_audit_2026-07-22,2026-07-22
41157550800971,,7263128977483,,Brother's Bond Regenerative Grain,750ML,brothers-bond-regenerative-grain-straight-bourbon-whiskey-95-proof,ACTIVE,3016045,860008679383,2024-11-25 14:35:01,,,,,,,1,variant_audit_2026-07-22,2026-07-22
41157550833739,,7263129010251,,Brothers bond rye four grain,750ML,brothers-bond-rye-four-grain,ACTIVE,312747,860008679321,2024-11-25 14:35:02,,,,,,,1,variant_audit_2026-07-22,2026-07-22
41157550899275,,7263129075787,,Buffalo Trace Bourbon Cream,750ML,buffalo-trace-bourbon-cream,ACTIVE,9202450,080244003715,2024-11-25 14:35:03,,,,,,,1,variant_audit_2026-07-22,2026-07-22
41157550964811,,7263129108555,,Bushmills 12 Year Old Single Malt,750ML,bushmills-12-year-old-single-malt,ACTIVE,3010176,818844023013,2024-11-25 14:35:04,,,,,,,1,variant_audit_2026-07-22,2026-07-22
41157551030347,,7263129174091,,Bushmills 16 Years Old Rare Triple Distilled Single Malt,750ML,bushmills-16-years-old-rare-triple-distilled-single-malt-irish-whiskey,ACTIVE,9000731,811538014670,2024-11-25 14:35:06,,,,,,,1,variant_audit_2026-07-22,2026-07-22
41157551161419,,7263129272395,,Cakebread Cellars Napa Valley Cabernet Sauvignon,750ML,cakebread-cellars-napa-valley-cabernet-sauvignon,ACTIVE,3014305,084692479146,2024-11-25 14:35:08,,,,,,,1,variant_audit_2026-07-22,2026-07-22
41157551226955,,7263129337931,,Cakebread Cellars Napa Valley Chardonnay,750ML,cakebread-cellars-napa-valley-chardonnay,ACTIVE,3013948,084692478941,2024-11-25 14:35:09,,,,,,,1,variant_audit_2026-07-22,2026-07-22
41157551259723,,7263129370699,,Caposaldo Moscato Provincia di Pavia IGT,750ML,caposaldo-moscato-provincia-di-pavia-igt,ACTIVE,9114825,084692471744,2024-11-25 14:35:11,,,,,,,1,variant_audit_2026-07-22,2026-07-22
41157551292491,,7263129436235,,Caravella Limoncello,375ML,caravella-limoncello,ACTIVE,9024534,080660776378,2024-11-25 14:35:12,,,,,,,1,variant_audit_2026-07-22,2026-07-22
41157551423563,,7263129469003,,Carpano Antica Formula Vermouth,375ML,carpano-antica-formula-vermouth,ACTIVE,3002656,898563002506,2024-11-25 14:35:12,,,,,,,1,variant_audit_2026-07-22,2026-07-22
41157551489099,,7263129501771,,Carpano Classico Vermouth,750ML,carpano-classico-vermouth,ACTIVE,3013019,898563002681,2024-11-25 14:35:13,,,,,,,1,variant_audit_2026-07-22,2026-07-22
41157551521867,,7263129534539,,Castello Banfi Brunello di Montalcino DOCG,750ML,castello-banfi-brunello-di-montalcino-docg,ACTIVE,3015148,080516044248,2024-11-25 14:35:14,,,,,,,1,variant_audit_2026-07-22,2026-07-22
41157551620171,,7263129632843,,Chi-Chi's Long Island Iced Tea,187ML,chi-chis-long-island-iced-tea,ACTIVE,3007722,080660011370,2024-11-25 14:35:16,,,,,,,1,variant_audit_2026-07-22,2026-07-22
41157551685707,,7263129665611,,Chi-Chi's Margarita,1.75L,chi-chis-margarita,ACTIVE,9004674,089000018758,2024-11-25 14:35:17,,,,,,,1,variant_audit_2026-07-22,2026-07-22
41157551784011,,7263129731147,,Chi-Chi's Mexican Mudslide,1.75L,chi-chis-mexican-mudslide,ACTIVE,9004672,089000547814,2024-11-25 14:35:18,,,,,,,1,variant_audit_2026-07-22,2026-07-22
41157551849547,,7263129763915,,Chi-Chi's Orange Cream,1.75L,chi-chis-orange-cream,ACTIVE,9162961,02250175,2024-11-25 14:35:19,,,,,,,1,variant_audit_2026-07-22,2026-07-22
41157551915083,,7263129829451,,Chi-Chi's Pina Colada,1.75L,chi-chis-pina-colada,ACTIVE,9004671,089000500307,2024-11-25 14:35:20,,,,,,,1,variant_audit_2026-07-22,2026-07-22
41157552275531,,7263130124363,,Clarendelle Medoc Red,750ML,clarendelle-medoc-red,ACTIVE,9001740,859929008662,2024-11-25 14:35:25,,,,,,,1,variant_audit_2026-07-22,2026-07-22
41157552341067,,7263130157131,,Clase Azul Gold,750ML,clase-azul-gold,ACTIVE,3005589,850014275068,2024-11-25 14:35:26,,,,,,,1,variant_audit_2026-07-22,2026-07-22
41157552406603,,7263130222667,,Clase Azul Guerrero,750ML,clase-azul-guerrero,ACTIVE,3007687,091000000008,2024-11-25 14:35:27,,,,,,,1,variant_audit_2026-07-22,2026-07-22
41157552439371,,7263130255435,,Clase Azul Reposado,750ML,clase-azul-reposado,ACTIVE,9174854,850014275099,2024-11-25 14:35:28,,,,,,,1,variant_audit_2026-07-22,2026-07-22
41157552504907,,7263130320971,,"Cooperstown Distillery, Canton Distillery Bourbon",750ML,cooperstown-distillery-canton-distillery-brand-bourbon,ACTIVE,3009365,632726369514,2024-11-25 14:35:28,,,,,,,1,variant_audit_2026-07-22,2026-07-22
41157552537675,,7263130353739,,"Cooperstown Distillery, Doubleday Bourbon",50ML,cooperstown-distillery-doubleday-bourbon,ACTIVE,9196110,,2024-11-25 14:35:29,,,,,,,1,variant_audit_2026-07-22,2026-07-22
41157552635979,,7263130452043,,"Cooperstown Distillery, The Triple Play",50ML,cooperstown-distillery-the-triple-play-vodka-whiskey-bourbon,ARCHIVED,9196125,784672951739,2024-11-25 14:35:31,,,,,,,0,variant_audit_2026-07-22,2026-07-22
41157552668747,,7263130484811,,CVNE Cune Cava Brut,750ML,cvne-cune-cava-brut,ACTIVE,3013140,051497037093,2024-11-25 14:35:32,,,,,,,1,variant_audit_2026-07-22,2026-07-22
41157552734283,,7263130550347,,Cune Rioja Cune Crianza,750ML,cvne-rioja-cune-crianza,ACTIVE,3014285,051497037444,2024-11-25 14:35:33,,,,,,,1,variant_audit_2026-07-22,2026-07-22
41157552767051,,7263130583115,,Deep Eddy Cranberry Vodka,1L,deep-eddy-cranberry-vodka,ACTIVE,9178395,856065002172,2024-11-25 14:35:34,,,,,,,1,variant_audit_2026-07-22,2026-07-22
41157552963659,,7263130681419,,Deep Eddy Lime Vodka,1.75L,deep-eddy-lime-vodka,ACTIVE,3007017,856065002257,2024-11-25 14:35:36,,,,,,,1,variant_audit_2026-07-22,2026-07-22
41157553094731,,7263130714187,,Deep Eddy Orange Vodka,1L,deep-eddy-orange-vodka,ACTIVE,9251403,856065002806,2024-11-25 14:35:37,,,,,,,1,variant_audit_2026-07-22,2026-07-22
41157553160267,,7263130779723,,Deep Eddy Original Vodka,1.75L,deep-eddy-original-vodka,ACTIVE,9178384,856065002059,2024-11-25 14:35:38,,,,,,,1,variant_audit_2026-07-22,2026-07-22
41157553258571,,7263130812491,,Deep Eddy Peach Vodka,1L,deep-eddy-peach-vodka,ACTIVE,9204293,856065002592,2024-11-25 14:35:38,,,,,,,1,variant_audit_2026-07-22,2026-07-22
41157553324107,,7263130878027,,Deep Eddy Ruby Red Vodka,1.75L,deep-eddy-ruby-red-vodka,ACTIVE,9178388,856065002103,2024-11-25 14:35:39,,,,,,,1,variant_audit_2026-07-22,2026-07-22
41157553717323,,7263131041867,,Doc Holliday 10Yrs Straight Bourbon,750ML,doc-holliday-10-years-old-straight-bourbon-whiskey-single-barrel-edition,ACTIVE,3016101,670087620745,2024-11-25 14:35:43,,,,,,,1,variant_audit_2026-07-22,2026-07-22
41157553848395,,7263131172939,,Empress 1908 Elderflower Rose Gin,750ML,empress-1908-elderflower-rose-gin,ACTIVE,3013848,628451773801,2024-11-25 14:35:45,,,,,,,1,variant_audit_2026-07-22,2026-07-22
41157553913931,,7263131238475,,Empress 1908 Gin,375ML,empress-1908-gin,ACTIVE,3002221,628451773177,2024-11-25 14:35:46,,,,,,,1,variant_audit_2026-07-22,2026-07-22
41157554012235,,7263131271243,,Empress 1908 gin cucumber lemon,750ML,empress-1908-gin-cucumber-lemon,ACTIVE,3015672,628451773894,2024-11-25 14:35:47,,,,,,,1,variant_audit_2026-07-22,2026-07-22
41157554110539,,7263131369547,,Five Farms Irish Cream,375ML,five-farms-irish-cream,ACTIVE,3004860,085592161568,2024-11-25 14:35:49,,,,,,,1,variant_audit_2026-07-22,2026-07-22
41157554208843,gid://shopify/ProductVariant/41157554208843,7263131402315,,Frontera Cabernet Sauvignon,1.5L,frontera-cabernet-sauvignon,ACTIVE,9005625,082734213673,2024-11-25 14:35:50,9.99,6.86,,,Empire Merchants North,Red Wine,1,variant_audit_2026-07-22,2026-08-07_top50_refresh
41157554307147,,7263131500619,,Frontera Chardonnay Buttery Valle Central,1.5L,frontera-chardonnay-buttery-valle-central,ACTIVE,3012411,082734314127,2024-11-25 14:35:51,,,,,,,1,variant_audit_2026-07-22,2026-07-22
41157554372683,,7263131566155,,Frontera Sauvignon Blanc,1.5L,frontera-sauvignon-blanc,ACTIVE,1809821,082734001034,2024-11-25 14:35:52,,,,,,,1,variant_audit_2026-07-22,2026-07-22
41157554438219,,7263131631691,,Garrison Brothers Honey Dew Straight,750ML,garrison-brothers-honey-dew-straight-bourbon-whiskey,ACTIVE,3015562,851756002455,2024-11-25 14:35:54,,,,,,,1,variant_audit_2026-07-22,2026-07-22
41157554503755,,7263131697227,,Garrison Brothers Single Barrel Bourbon,750ML,garrison-brothers-single-barrel-bourbon,ACTIVE,3015612,851756002196,2024-11-25 14:35:55,,,,,,,1,variant_audit_2026-07-22,2026-07-22
41157554536523,,7263131729995,,Garrison Brothers Small Batch Texas Bourbon,750ML,garrison-brothers-small-batch-texas-bourbon,ACTIVE,3015557,851756002141,2024-11-25 14:35:56,,,,,,,1,variant_audit_2026-07-22,2026-07-22
41157554602059,,7263131795531,,Glenfiddich 12 Year Single Malt Scotch,1L,glenfiddich-12-year-old-single-malt-scotch-whisky,ACTIVE,9011439,083664107339,2024-11-25 14:35:57,,,,,,,1,variant_audit_2026-07-22,2026-07-22
41157554765899,,7263131893835,,Glenfiddich 15Yrs Solera Single Malt,750ML,glenfiddich-15-year-old-solera-reserve-single-malt-scotch-whisky-w-gift-tin,ACTIVE,9008603,083664990405,2024-11-25 14:36:00,,,,,,,1,variant_audit_2026-07-22,2026-07-22
41157554831435,,7263131959371,,Glenfiddich 18Yrs Single Malt Scotch,750ML,glenfiddich-18-year-old-single-malt-scotch-whisky,ACTIVE,9186065,083664990412,2024-11-25 14:36:01,,,,,,,1,variant_audit_2026-07-22,2026-07-22
41157554864203,,7263131992139,,Glenfiddich 21Yrs Gran Reserva,750ML,glenfiddich-21-year-old-gran-reserva-single-malt-scotch-whisky,ACTIVE,9006649,083664872565,2024-11-25 14:36:02,,,,,,,1,variant_audit_2026-07-22,2026-07-22
41157554929739,,7263132057675,,Grant's Triple Wood Blended Scotch Whisky,1.75L,grants-triple-wood-blended-scotch-whisky,ACTIVE,9001734,083664100507,2024-11-25 14:36:03,,,,,,,1,variant_audit_2026-07-22,2026-07-22
41157555060811,,7263132090443,,Great Jones Rye Bourbon,750ML,great-jones-rye-bourbon,ACTIVE,3008571,818844022528,2024-11-25 14:36:06,,,,,,,1,variant_audit_2026-07-22,2026-07-22
41157555093579,,7263132155979,,Great Jones Straight Bourbon,750ML,great-jones-straight-bourbon,ACTIVE,3006071,818844020999,2024-11-25 14:36:07,,,,,,,1,variant_audit_2026-07-22,2026-07-22
41157555159115,,7263132221515,,Green River Straight Wheated,750ML,green-river-distilling-kentucky-straight-wheated-bourbon-whiskey,ACTIVE,3012849,810735017873,2024-11-25 14:36:08,,,,,,,1,variant_audit_2026-07-22,2026-07-22
41157555191883,,7263132254283,,Green River Full Proof Kentucky Straight,750ML,green-river-distilling-sour-mash-full-proof-kentucky-straight-bourbon-whiskey-118-1-proof,ACTIVE,3016352,857552008783,2024-11-25 14:36:09,,,,,,,1,variant_audit_2026-07-22,2026-07-22
41157555257419,,7263132319819,,Green River Kentucky Straight Bourbon,750ML,green-river-kentucky-straight-bourbon-whiskey,ACTIVE,3012848,810735017460,2024-11-25 14:36:09,,,,,,,1,variant_audit_2026-07-22,2026-07-22
41157555290187,,7263132352587,,Green River Kentucky Straight Rye Whiskey,750ML,green-river-kentucky-straight-rye-whiskey,ACTIVE,3014709,857552008615,2024-11-25 14:36:10,,,,,,,1,variant_audit_2026-07-22,2026-07-22
41157555322955,,7263132385355,,Hazlitt Red Cat,1.5L,hazlitt-red-cat,ACTIVE,3012476,605330000258,2024-11-25 14:36:11,,,,,,,1,variant_audit_2026-07-22,2026-07-22
41157555421259,,7263132450891,,Hazlitt White Cat,1.5L,hazlitt-white-cat,ACTIVE,3012478,605330050420,2024-11-25 14:36:12,,,,,,,1,variant_audit_2026-07-22,2026-07-22
41157555650635,,7263132549195,,Hendrick's Grand Cabaret Gin,750ML,hendricks-grand-cabaret-gin,ACTIVE,3014483,083664107315,2024-11-25 14:36:14,,,,,,,1,variant_audit_2026-07-22,2026-07-22
41157555683403,gid://shopify/ProductVariant/41157555683403,7263132581963,,Hess Select Chardonnay,750ML,hess-wines-chardonnay-california,ACTIVE,3015819,717888520024,2024-11-25 14:36:15,12.99,10.67,,,Empire Merchants North,White Wine,1,variant_audit_2026-07-22,2026-08-07_top50_refresh
41157555814475,,7263132713035,,Isaac Bowman Port Finish Straight Bourbon,750ML,isaac-bowman-port-finish-straight-bourbon-whiskey,ACTIVE,3000757,080996002912,2024-11-25 14:36:18,,,,,,,1,variant_audit_2026-07-22,2026-07-22
41157555880011,,7263132778571,,Jose Cuervo Classic Margarita,200ML,jose-cuervo-authentic-classic-lime-margarita,ACTIVE,9000402,811538011556,2024-11-25 14:36:19,,,,,,,1,variant_audit_2026-07-22,2026-07-22
41157555945547,,7263132811339,,Jose Cuervo Coconut Pineapple Margarita,1.75L,jose-cuervo-authentic-coconut-pineapple-margarita,ACTIVE,9182047,811538012836,2024-11-25 14:36:19,,,,,,,1,variant_audit_2026-07-22,2026-07-22
41157556011083,,7263132876875,,Jose Cuervo Mango Margarita,1.75L,jose-cuervo-authentic-mango-margarita,ACTIVE,9083494,811538011013,2024-11-25 14:36:20,,,,,,,1,variant_audit_2026-07-22,2026-07-22
41157556076619,,7263132909643,,Jose Cuervo Pink Lemonade Margarita,200ML,jose-cuervo-authentic-pink-lemonade-margarita,ACTIVE,3003161,811538019644,2024-11-25 14:36:21,,,,,,,1,variant_audit_2026-07-22,2026-07-22
41157556142155,,7263132975179,,Jose Cuervo Strawberry Lime Margarita,1.75L,jose-cuervo-authentic-strawberry-lime-margarita,ACTIVE,9000396,811538011037,2024-11-25 14:36:22,,,,,,,1,variant_audit_2026-07-22,2026-07-22
41157556240459,,7263133007947,,Jose Cuervo Devil's Reserve Tequila,375ML,jose-cuervo-devils-reserve-reserva-del-diablo-tequila,ACTIVE,3016236,818844028049,2024-11-25 14:36:23,,,,,,,1,variant_audit_2026-07-22,2026-07-22
41157556338763,,7263133040715,,Jose Cuervo Especial Gold Tequila,1.75L,jose-cuervo-especial-gold,ACTIVE,9000400,811538010764,2024-11-25 14:36:24,,,,,,,1,variant_audit_2026-07-22,2026-07-22
41157556568139,,7263133073483,,Jose Cuervo Especial Silver,1.75L,jose-cuervo-especial-silver,ACTIVE,9073852,811538010771,2024-11-25 14:36:25,,,,,,,1,variant_audit_2026-07-22,2026-07-22
41157556830283,,7263133139019,,Jose Cuervo Margarita Mix,1.75L,jose-cuervo-light-margaritas-lime,ACTIVE,9021972,811538011174,2024-11-25 14:36:26,,,,,,,1,variant_audit_2026-07-22,2026-07-22
41157556895819,,7263133171787,,Juggernaut Hillside Cabernet Sauvignon,750ML,juggernaut-hillside-cabernet-sauvignon,ACTIVE,3016337,080887551017,2024-11-25 14:36:27,,,,,,,1,variant_audit_2026-07-22,2026-07-22
41157556928587,,7263133204555,,Juggernaut Pinot Noir Russian River,750ML,juggernaut-pinot-noir-russian-river,ACTIVE,3014886,080887551048,2024-11-25 14:36:27,,,,,,,1,variant_audit_2026-07-22,2026-07-22
41157556994123,gid://shopify/ProductVariant/41157556994123,7263133270091,,Kono Marlborough Sauvignon Blanc,750ML,kono-sauvignon-blanc-marlborough,ACTIVE,3014764,871752001016,2024-11-25 14:36:28,15.99,11.67,,,Empire Merchants North,White Wine,1,variant_audit_2026-07-22,2026-08-07_top50_refresh
41157557026891,,7263133302859,,Kraken Black Spiced Rum 94 Proof,1.75L,kraken-black-spiced-rum-94-proof,ACTIVE,9096578,811538013017,2024-11-25 14:36:30,,,,,,,1,variant_audit_2026-07-22,2026-07-22
41157557256267,,7263133401163,,Louis Jadot Beaujolais-Villages,750ML,louis-jadot-beaujolais-villages,ACTIVE,9027275,084692400546,2024-11-25 14:36:32,,,,,,,1,variant_audit_2026-07-22,2026-07-22
41157557289035,,7263133433931,,Louis Jadot Macon-Villages,750ML,louis-jadot-macon-villages,ACTIVE,9027304,084692418541,2024-11-25 14:36:33,,,,,,,1,variant_audit_2026-07-22,2026-07-22
41157557354571,,7263133499467,,Masi Agricola Veronese Campofiorin Rosso,750ML,masi-agricola-veronese-campofiorin-rosso,ACTIVE,9125060,815132010045,2024-11-25 14:36:34,,,,,,,1,variant_audit_2026-07-22,2026-07-22
41157557452875,,7263133597771,,Michter's Single Barrel Straight Rye,750ML,michters-us-1-single-barrel-kentucky-straight-rye,ACTIVE,9033295,039383006507,2024-11-25 14:36:37,,,,,,,1,variant_audit_2026-07-22,2026-07-22
41157557485643,,7263133630539,,Michter's Small Batch Straight Bourbon,750ML,michters-us-1-small-batch-kentucky-straight-bourbon-whiskey,ACTIVE,9013044,039383007184,2024-11-25 14:36:38,,,,,,,1,variant_audit_2026-07-22,2026-07-22
41157557551179,,7263133696075,,Michter's Sour Mash Whiskey,750ML,michters-us-1-sour-mash-whiskey,ACTIVE,9159792,039383009072,2024-11-25 14:36:39,,,,,,,1,variant_audit_2026-07-22,2026-07-22
41157557583947,,7263133728843,,Michter's US*1 Unblended American Whiskey,750ML,michters-us-1-unblended-american-whiskey,ACTIVE,9013045,039383005944,2024-11-25 14:36:40,,,,,,,1,variant_audit_2026-07-22,2026-07-22
41157557649483,,7263133794379,,Milagro Anejo Tequila,750ML,milagro-a-ejo-tequila,ACTIVE,9001699,083664868971,2024-11-25 14:36:40,,,,,,,1,variant_audit_2026-07-22,2026-07-22
41157557682251,,7263133827147,,Milagro Reposado Tequila,375ML,milagro-reposado-tequila,ACTIVE,3003735,083664874071,2024-11-25 14:36:41,,,,,,,1,variant_audit_2026-07-22,2026-07-22
41157557878859,,7263133925451,,Milam & Greene BInB Small Batch Straight,750ML,milam-greene-bottled-in-bond-small-batch-straight-bourbon-whiskey,ACTIVE,3015419,817758020439,2024-11-25 14:36:43,,,,,,,1,variant_audit_2026-07-22,2026-07-22
41157557977163,,7263134023755,,Milam & Greene Triple Cask Bourbon,750ML,milam-greene-triple-cask-bourbon,ACTIVE,3006148,817758020101,2024-11-25 14:36:45,,,,,,,1,variant_audit_2026-07-22,2026-07-22
41157558042699,,7263134089291,,Milam & Greene Very Small Batch,750ML,milam-greene-very-small-batch-1-straight-bourbon-whiskey-finished-with-charred-french-oak-staves,ACTIVE,3013221,817758020422,2024-11-25 14:36:46,,,,,,,1,variant_audit_2026-07-22,2026-07-22
41157558075467,,7263134122059,,Mohawk Blackberry Brandy,1.75L,mohawk-blackberry-brandy,ACTIVE,9045282,085916010992,2024-11-25 14:36:47,,,,,,,1,variant_audit_2026-07-22,2026-07-22
41157558272075,,7263134187595,,Monkey Shoulder Blended Malt Scotch,750ML,monkey-shoulder-blended-malt-scotch-whisky,ACTIVE,9157494,083664872541,2024-11-25 14:36:48,,,,,,,1,variant_audit_2026-07-22,2026-07-22
41157558304843,,7263134220363,,Mr. Boston Blue Curacao,1L,mr-boston-blue-curacao,ACTIVE,9004670,089000019588,2024-11-25 14:36:48,,,,,,,1,variant_audit_2026-07-22,2026-07-22
41157558337611,,7263134253131,,Mr. Boston Peach Schnapps,1L,mr-boston-peach-schnapps,ACTIVE,9004651,089000512430,2024-11-25 14:36:49,,,,,,,1,variant_audit_2026-07-22,2026-07-22
41157558403147,,7263134318667,,Mr. Boston Triple Sec,1L,mr-boston-triple-sec,ACTIVE,9004669,089000018710,2024-11-25 14:36:50,,,,,,,1,variant_audit_2026-07-22,2026-07-22
41157558435915,,7263134351435,,Mr. Boston Vodka,1.75L,mr-boston-vodka,ACTIVE,9044733,089000001767,2024-11-25 14:36:51,,,,,,,1,variant_audit_2026-07-22,2026-07-22
41157558763595,,7263134449739,,Natura Pinot Noir,750ML,natura-pinot-noir,ACTIVE,9168068,082734620945,2024-11-25 14:36:53,,,,,,,1,variant_audit_2026-07-22,2026-07-22
41157558829131,,7263134515275,,Natura Rose,750ML,natura-rose,ACTIVE,3013562,082734642244,2024-11-25 14:36:54,,,,,,,1,variant_audit_2026-07-22,2026-07-22
41157559058507,,7263134744651,,Parrot Bay Strawberry,50ML,parrot-bay-rum-bucket-90pf-20pk,ACTIVE,3006791,088004039639,2024-11-25 14:36:59,,,,,,,1,variant_audit_2026-07-22,2026-07-22
41157559156811,,7263134842955,,Pighin Friuli Pinot Grigio Estate Bottled,750ML,pighin-friuli-pinot-grigio-estate-bottled,ACTIVE,9027520,084692460847,2024-11-25 14:37:01,,,,,,,1,variant_audit_2026-07-22,2026-07-22
41157559189579,,7263134875723,,Poema Brut Cava,750ML,poema-brut-cava,ACTIVE,3002304,084692511204,2024-11-25 14:37:01,,,,,,,1,variant_audit_2026-07-22,2026-07-22
41157559255115,,7263134941259,,Poema Brut Rose Cava,750ML,poema-brut-rose-cava,ACTIVE,3002307,084692512300,2024-11-25 14:37:02,,,,,,,1,variant_audit_2026-07-22,2026-07-22
41157559287883,,7263134974027,,Proper No. Twelve Irish Apple Whisky,750ML,proper-no-twelve-irish-apple-whiskey,ACTIVE,3012141,818844024355,2024-11-25 14:37:03,,,,,,,1,variant_audit_2026-07-22,2026-07-22
41157559320651,,7263135006795,,Proper No. Twelve Irish Whiskey,1L,proper-no-twelve-irish-whiskey,ACTIVE,3002863,811538019668,2024-11-25 14:37:04,,,,,,,1,variant_audit_2026-07-22,2026-07-22
41157559451723,,7263135072331,,Raynal VSOP Rare Old French Brandy,1.75L,raynal-vsop-rare-old-french-brandy,ACTIVE,9019465,083664869787,2024-11-25 14:37:05,,,,,,,1,variant_audit_2026-07-22,2026-07-22
41157559550027,,7263135105099,,Rebellious Red Blend California,750ML,rebellious-red-blend-california,ACTIVE,3013289,084692644391,2024-11-25 14:37:05,,,,,,,1,variant_audit_2026-07-22,2026-07-22
41157559582795,,7263135137867,,REI Bushido Series Japanese Whiskey,750ML,rei-whisky-bushido-series-pure-malt-japanese-whiskey,ACTIVE,3005329,037203990944,2024-11-25 14:37:06,,,,,,,1,variant_audit_2026-07-22,2026-07-22
41157559746635,,7263135268939,,Riunite Lambrusco,1.5L,riunite-lambrusco,ACTIVE,1827328,089744765505,2024-11-25 14:37:08,,,,,,,1,variant_audit_2026-07-22,2026-07-22
41157559877707,,7263135301707,,Sagamore Spirit Cask Strength Straight Rye,750ML,sagamore-spirit-cask-strength-straight-rye-whiskey-113-6-proof,ACTIVE,9252680,864784000164,2024-11-25 14:37:09,,,,,,,1,variant_audit_2026-07-22,2026-07-22
41157559943243,,7263135367243,,Sagamore Spirit Double Oak Rye Whiskey,750ML,sagamore-spirit-double-oak-rye-whiskey,ACTIVE,3014907,858232007041,2024-11-25 14:37:10,,,,,,,1,variant_audit_2026-07-22,2026-07-22
41157559976011,,7263135400011,,Sagamore Spirit Signature Rye Whiskey,750ML,sagamore-spirit-signature-rye-whiskey,ACTIVE,3015407,858232007935,2024-11-25 14:37:10,,,,,,,1,variant_audit_2026-07-22,2026-07-22
41157560008779,,7263135432779,,Sailor Jerry Spiced Rum,1.75L,sailor-jerry-spiced-rum,ACTIVE,9001703,083664868735,2024-11-25 14:37:11,,,,,,,1,variant_audit_2026-07-22,2026-07-22
41157560139851,,7263135498315,,Santa Margherita Pinot Grigio,750ML,santa-margherita-pinot-grigio-alto-adige,ACTIVE,9017207,632987200205,2024-11-25 14:37:12,,,,,,,1,variant_audit_2026-07-22,2026-07-22
41157560172619,,7263135531083,,Santa Margherita Prosecco,750ML,santa-margherita-prosecco-di-valdobbiadene-superiore-brut,ACTIVE,3263873,632987201103,2024-11-25 14:37:13,,,,,,,1,variant_audit_2026-07-22,2026-07-22
41157560238155,,7263135563851,,Santa Marina Provincia di Pavia Pinot Grigio,1.5L,santa-marina-provincia-di-pavia-pinot-grigio,ACTIVE,9158274,039383006323,2024-11-25 14:37:14,,,,,,,1,variant_audit_2026-07-22,2026-07-22
41157560336459,,7263135629387,,Sazerac 6 Year Rye Whiskey,1.75L,sazerac-6-year-rye-whiskey,ACTIVE,3007327,088004021894,2024-11-25 14:37:15,,,,,,,1,variant_audit_2026-07-22,2026-07-22
41157560401995,,7263135662155,,Seagram's Extra Smooth Vodka,375ML,seagrams-extra-smooth-vodka,ACTIVE,3003216,720815985629,2024-11-25 14:37:15,,,,,,,1,variant_audit_2026-07-22,2026-07-22
41157560533067,,7263135727691,,Seagram's VO Gold Canadian Blended Whisky,1.75L,seagrams-vo-gold-canadian-blended-whisky,ACTIVE,9000335,088004037352,2024-11-25 14:37:16,,,,,,,1,variant_audit_2026-07-22,2026-07-22
41157560631371,,7263135760459,,Shades of Blue Riesling,1.5L,shades-of-blue-riesling,ACTIVE,3003618,084692639205,2024-11-25 14:37:17,,,,,,,1,variant_audit_2026-07-22,2026-07-22
41157560696907,,7263135793227,,Smoke Lab Classic Vodka,750ML,smoke-lab-classic-vodka,ACTIVE,3012192,8902108004282,2024-11-25 14:37:18,,,,,,,1,variant_audit_2026-07-22,2026-07-22
41157560762443,,7263135858763,,Smoke Lab Vodka Saffron Flavored Vodka,750ML,smoke-lab-vodka-saffron-flavored-vodka,ACTIVE,3013450,8902108005531,2024-11-25 14:37:19,,,,,,,1,variant_audit_2026-07-22,2026-07-22
41157561188427,,7263135989835,,St. Francis Chardonnay Sonoma County,750ML,st-francis-chardonnay-buttery-sonoma-county,ACTIVE,3015175,088534001441,2024-11-25 14:37:21,,,,,,,1,variant_audit_2026-07-22,2026-07-22
41157561221195,,7263136022603,,St. Francis Sonoma County Cabernet Sauvignon,750ML,st-francis-sonoma-county-cabernet-sauvignon,ACTIVE,3014870,088534001380,2024-11-25 14:37:22,,,,,,,1,variant_audit_2026-07-22,2026-07-22
41157561286731,,7263136088139,,St. Francis Sonoma County Zinfandel,750ML,st-francis-sonoma-county-old-vines-zinfandel,ACTIVE,3015441,088534001434,2024-11-25 14:37:23,,,,,,,1,variant_audit_2026-07-22,2026-07-22
41157561352267,,7263136120907,,Templeton Straight Rye,750ML,templeton-the-good-stuff-4-year-old-rye-whiskey,ACTIVE,3003251,720815920101,2024-11-25 14:37:24,,,,,,,1,variant_audit_2026-07-22,2026-07-22
41157561385035,,7263136153675,,Templeton 6 Year Old Rye Whiskey,750ML,templeton-the-good-stuff-6-year-old-rye-whiskey,ACTIVE,3003255,720815920231,2024-11-25 14:37:25,,,,,,,1,variant_audit_2026-07-22,2026-07-22
41157561450571,,7263136219211,,Tequila Rose Strawberry Cream Liqueur,1L,tequila-rose-strawberry-cream-liqueur,ACTIVE,494930,085592121036,2024-11-25 14:37:25,,,,,,,1,variant_audit_2026-07-22,2026-07-22
41157561614411,,7263136284747,,The Balvenie Caribbean Cask 14Yrs Single Malt,750ML,the-balvenie-caribbean-cask-14-year-single-malt-scotch-whisky,ACTIVE,9115429,083664871681,2024-11-25 14:37:26,,,,,,,1,variant_audit_2026-07-22,2026-07-22
41157561647179,,7263136317515,,The Balvenie DoubleWood 12Yrs Single Malt,750ML,the-balvenie-doublewood-12-year-old-single-malt-scotch-whisky,ACTIVE,9008692,083664112210,2024-11-25 14:37:27,,,,,,,1,variant_audit_2026-07-22,2026-07-22
41157561745483,,7263136383051,,The Balvenie PortWood 21 Year Old Single Malt Scotch Whisky,750ML,the-balvenie-portwood-21-year-old-single-malt-scotch-whisky,ACTIVE,9083417,083664858415,2024-11-25 14:37:28,,,,,,,1,variant_audit_2026-07-22,2026-07-22
41157561778251,,7263136415819,,The Simple Grape Pinot Grigio,750ML,the-simple-grape-pinot-grigio,ACTIVE,3016157,084692656547,2024-11-25 14:37:29,,,,,,,1,variant_audit_2026-07-22,2026-07-22
41157561811019,,7263136448587,,Three Chord Bourbon Strange Collaboration,750ML,three-chord-bourbon-strange-collaboration,ACTIVE,3006410,680140534773,2024-11-25 14:37:29,,,,,,,1,variant_audit_2026-07-22,2026-07-22
41157561909323,,7263136546891,,Three Olives Cherry Vodka,1.75L,three-olives-cherry-vodka,ACTIVE,3012885,811538015493,2024-11-25 14:37:30,,,,,,,1,variant_audit_2026-07-22,2026-07-22
41157562007627,,7263136579659,,Three Olives Vanilla Vodka,1L,three-olives-combo-pack-6-bottles-x-1l-vanilla-vodka-60-proof,ACTIVE,3012880,811538015097,2024-11-25 14:37:31,,,,,,,1,variant_audit_2026-07-22,2026-07-22
41157562105931,,7263136677963,,Three Olives Grape Vodka,1.75L,three-olives-grape-vodka,ACTIVE,3012890,811538015431,2024-11-25 14:37:33,,,,,,,1,variant_audit_2026-07-22,2026-07-22
41157562204235,,7263136710731,,Three Olives Naked Vodka,1.75L,three-olives-naked-vodka,ACTIVE,194027,811538015219,2024-11-25 14:37:33,,,,,,,1,variant_audit_2026-07-22,2026-07-22
41157562335307,,7263136776267,,Traveller Whiskey Blend No. 40,1.75L,traveller-whiskey-blend-no-40,ACTIVE,3016558,088004069889,2024-11-25 14:37:34,,,,,,,1,variant_audit_2026-07-22,2026-07-22
41157562499147,,7263136841803,,Tullamore D.E.W. Irish Whisky,50ML,tullamore-d-e-w-irish-whiskey,ACTIVE,9027861,083664872459,2024-11-25 14:37:35,,,,,,,1,variant_audit_2026-07-22,2026-07-22
41157562695755,,7263136907339,,Yamato Small Batch Japanese Whisky,750ML,yamato-japanese-whisky,ACTIVE,3001344,650270411992,2024-11-25 14:37:37,,,,,,,1,variant_audit_2026-07-22,2026-07-22
41157726928971,,7263255461963,,19 Crimes Cabernet Sauvignon,750ML,19-crimes-cabernet-sauvignon,ACTIVE,9185754,012354001350,2024-11-25 16:59:55,,,,,,,1,variant_audit_2026-07-22,2026-07-22
41157726961739,,7263255494731,,19 Crimes Hard Chardonnay,750ML,19-crimes-hard-chardonnay,ACTIVE,9271311,012354001947,2024-11-25 16:59:56,,,,,,,1,variant_audit_2026-07-22,2026-07-22
41157726994507,,7263255527499,,19 Crimes Red Blend,750ML,19-crimes-red-blend,ACTIVE,9158771,012354000995,2024-11-25 16:59:57,,,,,,,1,variant_audit_2026-07-22,2026-07-22
41157727027275,,7263255560267,,19 Crimes Shiraz,750ML,19-crimes-shiraz,ACTIVE,3000267,012354001848,2024-11-25 16:59:58,,,,,,,1,variant_audit_2026-07-22,2026-07-22
41157727060043,,7263255593035,,19 Crimes Snoop Dogg Cali Red,750ML,19-crimes-snoop-dogg-cali-red,ACTIVE,3005791,012354004290,2024-11-25 16:59:59,,,,,,,1,variant_audit_2026-07-22,2026-07-22
41157727125579,,7263255658571,,19 Crimes The Punishment Pinot Noir,750ML,19-crimes-the-punishment-pinot-noir,ACTIVE,3001093,089819721443,2024-11-25 17:00:00,,,,,,,1,variant_audit_2026-07-22,2026-07-22
41157727158347,,7263255691339,,19 Crimes The Uprising Red Blend,750ML,19-crimes-the-uprising-red-blend,ACTIVE,9258871,012354001930,2024-11-25 17:00:01,,,,,,,1,variant_audit_2026-07-22,2026-07-22
41157727191115,,7263255724107,,Beringer Bros. Bourbon Barrel Cabernet,750ML,beringer-bros-bourbon-barrel-aged-california-cabernet-sauvignon,ACTIVE,3015512,089819720248,2024-11-25 17:00:02,,,,,,,1,variant_audit_2026-07-22,2026-07-22
41157727223883,,7263255756875,,Castello del Poggio Moscato,750ML,castello-del-poggio-moscato-provincia-di-pavia-igt,ACTIVE,3003105,876153002266,2024-11-25 17:00:03,,,,,,,1,variant_audit_2026-07-22,2026-07-22
41157727256651,,7263255789643,,Gabbiano Pinot Grigio,1.5L,cavaliere-doro-pinot-grigio-delle-venezie,ACTIVE,3002262,089819116645,2024-11-25 17:00:04,,,,,,,1,variant_audit_2026-07-22,2026-07-22
41157727322187,,7263255822411,,Chambord,700ML,chambord,ACTIVE,3012867,083300001403,2024-11-25 17:00:05,,,,,,,1,variant_audit_2026-07-22,2026-07-22
41157727354955,,7263255855179,,DAOU Cabernet Sauvignon,750ML,daou-cabernet-sauvignon,ACTIVE,3015479,890409002398,2024-11-25 17:00:06,,,,,,,1,variant_audit_2026-07-22,2026-07-22
41157727387723,,7263255887947,,Dough Ball Birthday Cake Whiskey,750ML,dough-ball-birthday-cake-whiskey,ACTIVE,,850046590092,2024-11-25 17:00:07,,,,,,,1,variant_audit_2026-07-22,2026-07-22
41157727420491,,7263255920715,,Dough Ball Cookie Dough Whiskey,750ml,dough-ball-cookie-dough-whiskey,ACTIVE,,850012571964,2024-11-25 17:00:08,,,,,,,1,variant_audit_2026-07-22,2026-07-22
41157727453259,,7263255953483,,Dr. Konstantin Frank Dry Riesling,750ML,dr-konstantin-frank-dry-riesling,ACTIVE,3015830,723388000010,2024-11-25 17:00:09,,,,,,,1,variant_audit_2026-07-22,2026-07-22
41157727486027,,7263255986251,,Dr. Konstantin Frank Gewurztraminer,750ML,dr-konstantin-frank-gewurztraminer,ACTIVE,3015634,723388000027,2024-11-25 17:00:10,,,,,,,1,variant_audit_2026-07-22,2026-07-22
41157727518795,,7263256019019,,Dr. Konstantin Frank Riesling Semi Dry,750ML,dr-konstantin-frank-riesling-semi-dry-finger-lakes,ACTIVE,3015737,723388000034,2024-11-25 17:00:11,,,,,,,1,variant_audit_2026-07-22,2026-07-22
41157727551563,,7263256051787,,el Jimador Reposado Tequila,1L,el-jimador-reposado-tequila,ACTIVE,9011727,744607069304,2024-11-25 17:00:12,,,,,,,1,variant_audit_2026-07-22,2026-07-22
41157727584331,,7263256117323,,el Jimador Silver Tequila,1L,el-jimador-silver-tequila,ACTIVE,9182575,744607068307,2024-11-25 17:00:13,,,,,,,1,variant_audit_2026-07-22,2026-07-22
41157727780939,,7263256150091,,Fairbanks Sherry,1.5L,fairbanks-sherry,ACTIVE,1230325,085000005392,2024-11-25 17:00:14,,,,,,,1,variant_audit_2026-07-22,2026-07-22
41157727846475,,7263256182859,,Fairbanks White Port,1.5L,fairbanks-white-port,ACTIVE,1230127,085000005347,2024-11-25 17:00:15,,,,,,,1,variant_audit_2026-07-22,2026-07-22
41157727944779,,7263256215627,,Harken Barrel Fermented Chardonnay,750ML,harken-barrel-fermented-chardonnay,ACTIVE,9194024,847159001812,2024-11-25 17:00:16,,,,,,,1,variant_audit_2026-07-22,2026-07-22
41157727977547,,7263256248395,,Herradura Reposado,750ML,herradura-reposado,ACTIVE,9111613,744607111324,2024-11-25 17:00:17,,,,,,,1,variant_audit_2026-07-22,2026-07-22
41157728010315,,7263256281163,,Herradura Silver Tequila,750ML,herradura-silver,ACTIVE,9123771,744607111317,2024-11-25 17:00:18,,,,,,,1,variant_audit_2026-07-22,2026-07-22
41157728305227,,7263256412235,,Jack Daniel's Gentleman Jack,1.75L,jack-daniels-gentleman-jack-tennessee-whiskey,ACTIVE,23424,082184038741,2024-11-25 17:00:21,,,,,,,1,variant_audit_2026-07-22,2026-07-22
41157728600139,,7263256445003,,Jack Daniel's Old No. 7,50ML,jack-daniels-old-no-7-tennessee-whiskey,ACTIVE,22194,082184000052,2024-11-25 17:00:22,,,,,,,1,variant_audit_2026-07-22,2026-07-22
41157728731211,,7263256543307,,Jack Daniel's Single Barrel Select,750ML,jack-daniels-single-barrel-select-tennessee-whiskey-94-proof,ACTIVE,9267711,082184203354,2024-11-25 17:00:25,,,,,,,1,variant_audit_2026-07-22,2026-07-22
41157728763979,,7263256576075,,Jack Daniel's Tennessee Apple Whiskey,375ML,jack-daniels-tennessee-apple-whiskey,ACTIVE,3003594,082184004388,2024-11-25 17:00:26,,,,,,,1,variant_audit_2026-07-22,2026-07-22
41157729222731,,7263256674379,,Jack Daniel's Triple Mash Blended,700ML,jack-daniels-triple-mash-blended-tennessee-whiskey,ACTIVE,3010820,082184005941,2024-11-25 17:00:29,,,,,,,1,variant_audit_2026-07-22,2026-07-22
41157729255499,,7263256707147,,Korbel California Champagne Brut,1.5L,korbel-california-champagne-brut,ACTIVE,1011022,084704091236,2024-11-25 17:00:30,,,,,,,1,variant_audit_2026-07-22,2026-07-22
41157729386571,,7263256772683,,Korbel California Champagne Extra Dry,750ML,korbel-california-champagne-extra-dry,ACTIVE,9002217,084704091472,2024-11-25 17:00:31,,,,,,,1,variant_audit_2026-07-22,2026-07-22
41157729714251,,7263256805451,,Lindeman's Bin 45 Cabernet Sauvignon,1.5L,lindemans-bin-45-cabernet-sauvignon,ACTIVE,9013688,012354087774,2024-11-25 17:00:32,,,,,,,1,variant_audit_2026-07-22,2026-07-22
41157729747019,,7263256838219,,Lindeman's Bin 50 Shiraz,1.5L,lindemans-bin-50-shiraz,ACTIVE,9013680,012354087699,2024-11-25 17:00:33,,,,,,,1,variant_audit_2026-07-22,2026-07-22
41157729779787,,7263256870987,,Lindeman's Bin 65 Chardonnay,1.5L,lindemans-bin-65-chardonnay,ACTIVE,9021137,012354081857,2024-11-25 17:00:34,,,,,,,1,variant_audit_2026-07-22,2026-07-22
41157729812555,,7263256903755,,Line 39 Cabernet Sauvignon,750ML,line-39-cabernet-sauvignon,ACTIVE,9179061,898756001057,2024-11-25 17:00:35,,,,,,,1,variant_audit_2026-07-22,2026-07-22
41157729845323,,7263256936523,,Line 39 Chardonnay,750ML,line-39-chardonnay,ACTIVE,9179019,898756001156,2024-11-25 17:00:36,,,,,,,1,variant_audit_2026-07-22,2026-07-22
41157729878091,,7263256969291,,Line 39 Merlot,750ML,line-39-merlot,ACTIVE,9186491,898756001231,2024-11-25 17:00:37,,,,,,,1,variant_audit_2026-07-22,2026-07-22
41157729910859,,7263257002059,,Line 39 Pinot Grigio,750ML,line-39-pinot-grigio,ACTIVE,9192631,898756001569,2024-11-25 17:00:38,,,,,,,1,variant_audit_2026-07-22,2026-07-22
41157729943627,,7263257034827,,Line 39 Pinot Noir,750ML,line-39-pinot-noir,ACTIVE,9179063,898756001477,2024-11-25 17:00:38,,,,,,,1,variant_audit_2026-07-22,2026-07-22
41157729976395,,7263257067595,,Line 39 Sauvignon Blanc,750ML,line-39-sauvignon-blanc,ACTIVE,9179020,898756001040,2024-11-25 17:00:39,,,,,,,1,variant_audit_2026-07-22,2026-07-22
41157730009163,,7263257100363,,Marie Brizard Blackberry,750ML,marie-brizard-blackberry,ACTIVE,9129170,685701000063,2024-11-25 17:00:40,,,,,,,1,variant_audit_2026-07-22,2026-07-22
41157730041931,,7263257133131,,Marie Brizard Chocolat Royal,750ML,marie-brizard-chocolat-royal,ACTIVE,9107680,685701000698,2024-11-25 17:00:41,,,,,,,1,variant_audit_2026-07-22,2026-07-22
41157730074699,,7263257165899,,Marie Brizard Curacao Orange,750ML,marie-brizard-curacao-orange,ACTIVE,3000836,685701000681,2024-11-25 17:00:42,,,,,,,1,variant_audit_2026-07-22,2026-07-22
41157730107467,,7263257198667,,Marie Brizard Parfait Amour Liqueur,750ML,marie-brizard-parfait-amour-liqueur,ACTIVE,9151862,685701000216,2024-11-25 17:00:43,,,,,,,1,variant_audit_2026-07-22,2026-07-22
41157730140235,,7263257231435,,Marie Brizard Triple Sec,750ML,marie-brizard-triple-sec,ACTIVE,9129338,685701000278,2024-11-25 17:00:44,,,,,,,1,variant_audit_2026-07-22,2026-07-22
41157730173003,,7263257264203,,Matua New Zealand Rose,750ML,matua-new-zealand-rose,ACTIVE,3013868,089819002016,2024-11-25 17:00:45,,,,,,,1,variant_audit_2026-07-22,2026-07-22
41157730205771,gid://shopify/ProductVariant/41157730205771,7263257296971,,Matua Marlborough Sauvignon Blanc,750ML,matua-sauvignon-blanc,ACTIVE,9004108,089819158027,2024-11-25 17:00:46,13.99,10.67,,,Empire Merchants North,White Wine,1,variant_audit_2026-07-22,2026-08-07_top50_refresh
41157730238539,,7263257329739,,Old Forester 100 Proof Bourbon,1L,old-forester-100-proof-bourbon,ACTIVE,9147530,081128000721,2024-11-25 17:00:46,,,,,,,1,variant_audit_2026-07-22,2026-07-22
41157730271307,,7263257362507,,Old Forester 1870 Original Batch,750ML,old-forester-1870-original-batch,ACTIVE,9185505,081128000707,2024-11-25 17:00:47,,,,,,,1,variant_audit_2026-07-22,2026-07-22
41157730304075,,7263257395275,,Old Forester 1897 Bottled In Bond,750ML,old-forester-1897-bottled-in-bond,ACTIVE,9191331,081128000981,2024-11-25 17:00:49,,,,,,,1,variant_audit_2026-07-22,2026-07-22
41157730336843,,7263257428043,,Old Forester 1910 Kentucky Straight Bourbon,750ML,old-forester-1910-kentucky-straight-bourbon-whisky,ACTIVE,3002011,081128001094,2024-11-25 17:00:50,,,,,,,1,variant_audit_2026-07-22,2026-07-22
41157730369611,,7263257460811,,Old Forester 1920 Prohibition Style,750ML,old-forester-1920-prohibition-style,ACTIVE,9241371,081128001155,2024-11-25 17:00:52,,,,,,,1,variant_audit_2026-07-22,2026-07-22
41157730402379,,7263257493579,,Old Forester Classic 86 Proof,1L,old-forester-classic-86-proof,ACTIVE,21238,081128005047,2024-11-25 17:00:53,,,,,,,1,variant_audit_2026-07-22,2026-07-22
41157730435147,,7263257526347,,Old Forester Rye,1L,old-forester-rye,ACTIVE,3002404,081128002268,2024-11-25 17:00:54,,,,,,,1,variant_audit_2026-07-22,2026-07-22
41157730467915,,7263257559115,,Krupnik Honey Liqueur,750ML,old-krupnik-honey-liqueur,ACTIVE,9250457,850029007012,2024-11-25 17:00:55,,,,,,,1,variant_audit_2026-07-22,2026-07-22
41157730533451,,7263257624651,,Powers Gold Label Irish Whisky,1L,powers-gold-label-irish-whiskey,ACTIVE,3008866,080432530115,2024-11-25 17:00:58,,,,,,,1,variant_audit_2026-07-22,2026-07-22
41157730566219,,7263257657419,,Salmon Run Chardonnay,750ML,salmon-run-chardonnay,ACTIVE,3004133,723388000195,2024-11-25 17:01:00,,,,,,,1,variant_audit_2026-07-22,2026-07-22
41157730598987,,7263257690187,,Salmon Run Riesling,750ML,salmon-run-riesling,ACTIVE,3004741,723388000188,2024-11-25 17:01:01,,,,,,,1,variant_audit_2026-07-22,2026-07-22
41157730631755,,7263257722955,,Shanky's Whip Black Smooth Irish Liqueur,375ML,shankys-whip-black-smooth-irish-liqueur,ACTIVE,3014137,810035511644,2024-11-25 17:01:02,,,,,,,1,variant_audit_2026-07-22,2026-07-22
41157730730059,,7263257755723,,Sobieski Grapefruit,1L,sobieski-grapefruit,ACTIVE,3013564,685701001152,2024-11-25 17:01:03,,,,,,,1,variant_audit_2026-07-22,2026-07-22
41157730795595,,7263257821259,,Sobieski Orange,1L,sobieski-orange,ACTIVE,9111196,089016011095,2024-11-25 17:01:04,,,,,,,1,variant_audit_2026-07-22,2026-07-22
41157730828363,,7263257854027,,Sobieski Raspberry,1L,sobieski-raspberry,ACTIVE,9111197,089016011125,2024-11-25 17:01:04,,,,,,,1,variant_audit_2026-07-22,2026-07-22
41157731090507,,7263257952331,,Southern Tier Cinnamon Candy Apple Whiskey,750ML,southern-tier-cinnamon-candy-apple-whiskey,ACTIVE,,816014020428,2024-11-25 17:01:07,,,,,,,1,variant_audit_2026-07-22,2026-07-22
41157731156043,,7263258017867,,Southern Tier Distilling Peanut Butter Cup Whiskey,750ML,southern-tier-distilling-peanut-butter-cup-whiskey,ACTIVE,,816014022187,2024-11-25 17:01:09,,,,,,,1,variant_audit_2026-07-22,2026-07-22
41157731188811,,7263258050635,,Southern Tier S'mores Whiskey,750ML,southern-tier-smores-whiskey,ACTIVE,,816014020602,2024-11-25 17:01:10,,,,,,,1,variant_audit_2026-07-22,2026-07-22
41157731254347,,7263258116171,,Sterling Cabernet Sauvignon Central Coast,750ML,sterling-vineyards-cabernet-sauvignon-central-coast,ACTIVE,9000974,088692860232,2024-11-25 17:01:12,,,,,,,1,variant_audit_2026-07-22,2026-07-22
41157731287115,,7263258148939,,Sterling Vintner's California Chardonnay,750ML,sterling-vineyards-vintners-collection-california-chardonnay,ACTIVE,9000954,088692860256,2024-11-25 17:01:13,,,,,,,1,variant_audit_2026-07-22,2026-07-22
41157731319883,,7263258181707,,Sterling Vintner's California Meritage,750ML,sterling-vineyards-vintners-collection-california-meritage,ACTIVE,9081259,088692864056,2024-11-25 17:01:14,,,,,,,1,variant_audit_2026-07-22,2026-07-22
41157731352651,,7263258214475,,Sterling Vintner's Pinot Grigio,750ML,sterling-vineyards-vintners-collection-pinot-grigio,ACTIVE,9005042,088692862823,2024-11-25 17:01:15,,,,,,,1,variant_audit_2026-07-22,2026-07-22
41157731385419,,7263258247243,,Stolichnaya Blueberi,1L,stolichnaya-blueberi,ACTIVE,9121616,811751020083,2024-11-25 17:01:16,,,,,,,1,variant_audit_2026-07-22,2026-07-22
41157731418187,,7263258280011,,Stolichnaya Ohranj,1.75L,stolichnaya-ohranj,ACTIVE,9121605,811751020410,2024-11-25 17:01:17,,,,,,,1,variant_audit_2026-07-22,2026-07-22
41157731483723,,7263258312779,,Stolichnaya Razberi,1.75L,stolichnaya-razberi,ACTIVE,9121555,811751020458,2024-11-25 17:01:18,,,,,,,1,variant_audit_2026-07-22,2026-07-22
41157731582027,,7263258378315,,Stolichnaya Salted Karamel,750ML,stolichnaya-salted-karamel,ACTIVE,9143668,811751020274,2024-11-25 17:01:19,,,,,,,1,variant_audit_2026-07-22,2026-07-22
41157731844171,,7263258509387,,Van Gogh Acai Blueberry Vodka,50ML,van-gogh-acai-blueberry-vodka,ACTIVE,3010193,633824151414,2024-11-25 17:01:22,,,,,,,1,variant_audit_2026-07-22,2026-07-22
41157731909707,,7263258542155,,Van Gogh Double Espresso Vodka,50ML,van-gogh-double-espresso-vodka,ACTIVE,3010196,633824151391,2024-11-25 17:01:23,,,,,,,1,variant_audit_2026-07-22,2026-07-22
41157731975243,,7263258574923,,Woodford Reserve Double Oaked,750ML,woodford-reserve-double-oaked-kentucky-straight-bourbon-whiskey,ACTIVE,9146140,081128001209,2024-11-25 17:01:24,,,,,,,1,variant_audit_2026-07-22,2026-07-22
41157732008011,,7263258607691,,Woodford Reserve Straight Bourbon,1.75L,woodford-reserve-kentucky-straight-bourbon-whiskey,ACTIVE,9264437,081128013165,2024-11-25 17:01:25,,,,,,,1,variant_audit_2026-07-22,2026-07-22
41164054495307,,7265262207051,,Stella Rosa Blueberry,750ML,stella-rosa-blueberry,ACTIVE,,087872630931,2024-11-29 22:49:34,,,,,,,1,variant_audit_2026-07-22,2026-07-22
41164058951755,,7265264271435,,Roscato Peach,750ML,roscato-moscato-peach,ACTIVE,,086785110745,2024-11-29 22:54:20,,,,,,,1,variant_audit_2026-07-22,2026-07-22
41164064194635,,7265269710923,,Roscato Blueberry,750ML,roscato-blueberry,ACTIVE,,086785110820,2024-11-29 22:57:09,,,,,,,1,variant_audit_2026-07-22,2026-07-22
41164068225099,,7265273249867,,Bully Hill Red Sweet Walters,750ML,bully-hill-red-sweet-walters,ACTIVE,,084850300497,2024-11-29 22:59:04,,,,,,,1,variant_audit_2026-07-22,2026-07-22
41164095160395,,7265278459979,,Bully Hill Love Goat Rose,750ML,bully-hill-love-goat-rose,ACTIVE,,084850200315,2024-11-29 23:33:54,,,,,,,1,variant_audit_2026-07-22,2026-07-22
41164100894795,,7265280426059,,Warre's Heritage Ruby Port,750ML,warres-heritage-ruby-port,ACTIVE,,089419003000,2024-11-29 23:48:03,,,,,,,1,variant_audit_2026-07-22,2026-07-22
41165357580363,,7265601749067,,Bacardi Tropical,1.75L,bacardi-tropical,ACTIVE,,080480986438,2024-11-30 19:22:06,,,,,,,1,variant_audit_2026-07-22,2026-07-22
41165368131659,,7265604108363,,Bar Water Vodka Orange,1L,bar-water-vodka-orange,ACTIVE,,854572005853,2024-11-30 19:32:36,,,,,,,1,variant_audit_2026-07-22,2026-07-22
41166651392075,,7266139799627,,Barefoot Bubbly Moscato Spumante,750ML,barefoot-bubbly-moscato-spumante,ACTIVE,,085000017593,2024-12-01 18:13:40,,,,,,,1,variant_audit_2026-07-22,2026-07-22
41166652801099,,7266140454987,,Banfi Rosa Regale Italian Sparkling,750ML,banfi-rosa-regale-italian-sparkling,ACTIVE,,080516166445,2024-12-01 18:16:01,,,,,,,1,variant_audit_2026-07-22,2026-07-22
41170995052619,,7267330162763,,Black Stallion Transcendent Cab Sauv,750ML,black-stallion-transcendent-cab-sauv,ACTIVE,,082242015707,2024-12-04 23:56:45,,,,,,,1,variant_audit_2026-07-22,2026-07-22
41170995314763,,7267330392139,,Bulleit Rye,1.75L,bulleit-rye,ACTIVE,,082000766070,2024-12-04 23:57:43,,,,,,,1,variant_audit_2026-07-22,2026-07-22
41170999312459,,7267331801163,,Dom Benedictine,1L,dom-benedictine,ACTIVE,,080480555306,2024-12-05 00:01:45,,,,,,,1,variant_audit_2026-07-22,2026-07-22
41171024412747,,7267343859787,,Franzia Pinot Grigio,5L,franzia-pinot-grigio,ACTIVE,412081,083120100393,2024-12-05 00:49:34,,,,,,,1,variant_audit_2026-07-22,2026-07-22
41171024478283,,7267343925323,,Meiomi Cabernet Sauvignon,750ML,meiomi-cabernet-sauvignon,ACTIVE,994937,086003251274,2024-12-05 00:49:36,,,,,,,1,variant_audit_2026-07-22,2026-07-22
41171024511051,,7267343958091,,Meiomi Pinot Noir,750ML,meiomi-pinot-noir,ACTIVE,993969,855165005076,2024-12-05 00:49:36,,,,,,,1,variant_audit_2026-07-22,2026-07-22
41171024543819,,7267343990859,,Rumple Minze Peppermint,750ML,rumple-minze-peppermint,ACTIVE,364493,086767520067,2024-12-05 00:49:37,,,,,,,1,variant_audit_2026-07-22,2026-07-22
41171024576587,,7267344023627,,Sebastiani Cabernet Sauvignon,750ML,sebastiani-cabernet-sauvignon,ACTIVE,626839,088232002610,2024-12-05 00:49:38,,,,,,,1,variant_audit_2026-07-22,2026-07-22
41171024609355,,7267344056395,,Zing Zang Bloody Mary 9%,1.75L,zing-zang-bloody-mary-9,ACTIVE,578830,616003175012,2024-12-05 00:49:39,,,,,,,1,variant_audit_2026-07-22,2026-07-22
41171024642123,,7267344089163,,Zing Zang Spicy Bloody Mary 9%,1.75L,zing-zang-spicy-bloody-mary-9,ACTIVE,578090,616003175029,2024-12-05 00:49:40,,,,,,,1,variant_audit_2026-07-22,2026-07-22
41171024674891,,7267344121931,,Zing Zang Bloody Mary Mix,32oz,zing-zang-bloody-mary-mix,ACTIVE,993105,616003928144,2024-12-05 00:49:41,,,,,,,1,variant_audit_2026-07-22,2026-07-22
41171024707659,,7267344154699,,Hennessy VSOP,1.75L,hennessy-vsop,ACTIVE,9002483,088076161283,2024-12-05 00:49:42,,,,,,,1,variant_audit_2026-07-22,2026-07-22
41171024871499,,7267344187467,,Hennessy VS Cognac,1.75L,hennessy-vs,ACTIVE,9002485,088110150587,2024-12-05 00:49:43,,,,,,,1,variant_audit_2026-07-22,2026-07-22
41171025100875,,7267344220235,,Veuve Clicquot Brut Yellow,750ML,veuve-clicquot-brut-yellow,ACTIVE,9011214,081753814755,2024-12-05 00:49:44,,,,,,,1,variant_audit_2026-07-22,2026-07-22
41171025133643,,7267344253003,,Belvedere 10 Organic,750ML,belvedere-10-organic,ACTIVE,3016656,081753839611,2024-12-05 00:49:45,,,,,,,1,variant_audit_2026-07-22,2026-07-22
41171025166411,,7267344285771,,Volcan Tequila Blanco Tahona,750ML,volcan-tequila-blanco-tahona,ACTIVE,3015602,081753840358,2024-12-05 00:49:46,,,,,,,1,variant_audit_2026-07-22,2026-07-22
41171025199179,,7267344318539,,Daou Chardonnay,750ML,daou-chardonnay,ACTIVE,3016049,890409002619,2024-12-05 00:49:47,,,,,,,1,variant_audit_2026-07-22,2026-07-22
41171025231947,,7267344351307,,Daou Sauvignon Blanc,750ML,daou-sauvignon-blanc,ACTIVE,3015482,890409002015,2024-12-05 00:49:48,,,,,,,1,variant_audit_2026-07-22,2026-07-22
41171035848779,,7267349102667,,Veuve Clicquot Rose,750ML,veuve-clicquot-rose-1,ACTIVE,,081753802479,2024-12-05 01:01:33,,,,,,,1,variant_audit_2026-07-22,2026-07-22
41171037847627,,7267349233739,,Smirnoff Peach Lemonade,1.75L,smirnoff-peach-lemonade-1,ACTIVE,,082000799436,2024-12-05 01:02:28,,,,,,,1,variant_audit_2026-07-22,2026-07-22
41172329365579,,7267514286155,,Beringer Knights Valley Cab Sauv,750ML,beringer-knights-valley-cab-sauv,ACTIVE,,089819003471,2024-12-05 15:51:04,,,,,,,1,variant_audit_2026-07-22,2026-07-22
41172569292875,,7267577561163,,DIO Grapefruit Basil Paloma Single Can,200ML,dio-grapefruit-basil-paloma-single-can,ACTIVE,,850025655248,2024-12-05 20:47:44,,,,,,,1,variant_audit_2026-07-22,2026-07-22
41172627193931,,7267592699979,,Angeline Pinot Noir,750ML,angeline-pinot-noir,ACTIVE,,729722700127,2024-12-05 22:28:39,,,,,,,1,variant_audit_2026-07-22,2026-07-22
41172627259467,,7267592798283,,Angeline Chardonnay,750ML,angeline-chardonnay,ACTIVE,,729722700271,2024-12-05 22:29:00,,,,,,,1,variant_audit_2026-07-22,2026-07-22
41172627292235,,7267592863819,,Lalo Blanco Tequila 100 Proof,750ML,lalo-blanco-tequila-100-proof,ACTIVE,,811041030082,2024-12-05 22:29:37,,,,,,,1,variant_audit_2026-07-22,2026-07-22
41172627914827,,7267593486411,,Mafia Vodka,1L,mafia-vodka,ACTIVE,,860002380391,2024-12-05 22:34:13,,,,,,,1,variant_audit_2026-07-22,2026-07-22
41172629782603,,7267593912395,,One Foot Cock Straight Wheated,750ML,one-foot-cock-straight-wheated,ACTIVE,,860009328655,2024-12-05 22:36:17,,,,,,,1,variant_audit_2026-07-22,2026-07-22
41172630110283,,7267595354187,,One Foot Cock Maple Cask,750ML,one-foot-cock-maple-cask,ACTIVE,,860009328624,2024-12-05 22:37:21,,,,,,,1,variant_audit_2026-07-22,2026-07-22
41172630143051,,7267595419723,,Mafia Straight Bourbon Blend,750ML,mafia-straight-bourbon-blend,ACTIVE,,860009328648,2024-12-05 22:37:43,,,,,,,1,variant_audit_2026-07-22,2026-07-22
41173409955915,,7267826794571,,Buffalo House Gift Card,10,buffalo-house-gift-card,ACTIVE,,,2024-12-06 13:50:12,,,,,,,1,variant_audit_2026-07-22,2026-07-22
41174290071627,,7268191731787,,Wine Stopper,Default Title,wine-stopper,ACTIVE,,,2024-12-07 21:45:17,,,,,,,1,variant_audit_2026-07-22,2026-07-22
41174294397003,,7268192256075,,Corkscrew/Wine key,Default Title,corkscrew-wine-key,ACTIVE,,,2024-12-07 21:50:13,,,,,,,1,variant_audit_2026-07-22,2026-07-22
41174294691915,,7268192387147,,Champagne Stopper,Default Title,bottle-resealer,ACTIVE,,,2024-12-07 21:51:38,,,,,,,1,variant_audit_2026-07-22,2026-07-22
41177005162571,,7268722966603,,Lobetia Tempranillo,750ML,lobetia-tempranillo,ACTIVE,,8437010828171,2024-12-09 18:06:43,,,,,,,1,variant_audit_2026-07-22,2026-07-22
41177526206539,,7268835983435,,Angel's Envy Private Selection,750ML,angels-envy-private-selection,ACTIVE,623746 ?,080480986353,2024-12-09 23:38:49,,,,,,,1,variant_audit_2026-07-22,2026-07-22
41177526239307,,7268836016203,,Aviation American Gin,750ML,aviation-american-gin,ACTIVE,314106,853507000024,2024-12-09 23:38:50,,,,,,,1,variant_audit_2026-07-22,2026-07-22
41177526304843,,7268836048971,,Bumba Rum,750ML,bumbu-rum,ACTIVE,405590,813497006109,2024-12-09 23:38:51,,,,,,,1,variant_audit_2026-07-22,2026-07-22
41177526861899,,7268836180043,,Gilbey's London Dry Gin,1.75L,gilbeys-london-dry-gin,ACTIVE,600360,080686122074,2024-12-09 23:38:54,,,,,,,1,variant_audit_2026-07-22,2026-07-22
41177527124043,,7268836245579,,Gordon's London Dry Gin,1.75L,gordons-london-dry-gin,ACTIVE,376691,08860032,2024-12-09 23:38:55,,,,,,,1,variant_audit_2026-07-22,2026-07-22
41177527189579,,7268836278347,,Hiram Walker Creme De Menthe White,1L,hiram-walker-creme-de-menthe-white,ACTIVE,7148,089540125862,2024-12-09 23:38:56,,,,,,,1,variant_audit_2026-07-22,2026-07-22
41177527222347,,7268836311115,,J&B Blended Scotch,1.75L,j-b-blended-scotch,ACTIVE,26120,088110985004,2024-12-09 23:38:56,,,,,,,1,variant_audit_2026-07-22,2026-07-22
41177527320651,,7268836343883,,Kahlua Coffee Liqueur,1L,kahlua-coffee-liqueur,ACTIVE,93165,089540122700,2024-12-09 23:38:57,,,,,,,1,variant_audit_2026-07-22,2026-07-22
41177527451723,,7268836376651,,Kahlua Coffee Liqueur Gift Pack,750ML,kahlua-coffee-liqueur-gift-pack,ACTIVE,575416,080432111949,2024-12-09 23:38:58,,,,,,,1,variant_audit_2026-07-22,2026-07-22
41177527484491,,7268836409419,,Larceny Barrel Proof 125.1 (c924),750ML,larceny-barrel-proof-6-yr-125-1,ACTIVE,644474,,2024-12-09 23:38:59,,,,,,,1,variant_audit_2026-07-22,2026-07-22
41177527517259,,7268836442187,,Larceny Barrel Proof 125.4 (b524),750ML,larceny-barrel-proof-6-yr-125-4,ACTIVE,628625,096749002658,2024-12-09 23:39:00,,,,,,,1,variant_audit_2026-07-22,2026-07-22
41177527550027,,7268836474955,,Little Book The Infinite Edition 1 2024,750ML,little-book-the-infinite-edition-1-2024,ACTIVE,640751,080686008675,2024-12-09 23:39:01,,,,,,,1,variant_audit_2026-07-22,2026-07-22
41177528795211,,7268836573259,,Malibu Coconut Flavored Rum,1.75L,malibu-coconut-flavored-rum,ACTIVE,136168,089540449326,2024-12-09 23:39:03,,,,,,,1,variant_audit_2026-07-22,2026-07-22
41177528959051,,7268836606027,,Martini & Rossi Vermouth Extra Dry,1L,martini-rossi-vermouth-extra-dry,ACTIVE,615818,011034420047,2024-12-09 23:39:04,,,,,,,1,variant_audit_2026-07-22,2026-07-22
41177528991819,,7268836638795,,Martini & Rossi Vermouth Rosso,1L,martini-rossi-vermouth-rosso,ACTIVE,442533,011034410048,2024-12-09 23:39:05,,,,,,,1,variant_audit_2026-07-22,2026-07-22
41177529024587,,7268836671563,,Old Grand-Dad High Rye Mash Bill 16 YR,750ML,old-grand-dad-high-rye-mash-bill-16-yr,ACTIVE,641965,080686009313,2024-12-09 23:39:06,,,,,,,1,variant_audit_2026-07-22,2026-07-22
41177529057355,,7268836704331,,Pinnacle Vodka,1L,pinnacle-vodka,ACTIVE,606131,080686002550,2024-12-09 23:39:07,,,,,,,1,variant_audit_2026-07-22,2026-07-22
41177529286731,,7268836802635,,Tequila Ocho Plata,750ML,tequila-ocho-plata-single-estate-puntas,ACTIVE,641812,898627001308,2024-12-09 23:39:10,,,,,,,1,variant_audit_2026-07-22,2026-07-22
41177529319499,,7268836835403,,Wild Turkey Jimmy Russell 70th Release 8 YR,750ML,wild-turkey-jimmy-russell-70th-release-8-yr,ACTIVE,639558,721059003766,2024-12-09 23:39:11,,,,,,,1,variant_audit_2026-07-22,2026-07-22
41177556058187,,7268841357387,,Cupcake Prosecco,750ML,cupcake-prosecco,ACTIVE,,081308001326,2024-12-10 00:14:23,,,,,,,1,variant_audit_2026-07-22,2026-07-22
41177556123723,,7268841259083,,Cupcake Moscato,750ML,cupcake-moscato,ACTIVE,,081308003009,2024-12-10 00:14:45,,,,,,,1,variant_audit_2026-07-22,2026-07-22
41178237763659,,7268825301067,,Bauchant Orange Liqueur,1L,bauchant-orange-liqueur,ACTIVE,,086785500232,2024-12-10 20:32:03,,,,,,,1,variant_audit_2026-07-22,2026-07-22
41178335117387,,7269095538763,,Ardbeg Spectacular,750ML,ardbeg-spectacular,ACTIVE,3015340,081753839796,2024-12-10 23:12:19,,,,,,,1,variant_audit_2026-07-22,2026-07-22
41178335182923,,7269095604299,,Bardstown Origin Series Kentucky Straight,750ML,bardstown-origin-btld-bnd,ACTIVE,3012181,857552008394,2024-12-10 23:12:22,,,,,,,1,variant_audit_2026-07-22,2026-07-22
41178335215691,,7269095637067,,Ben Holladay Rickhouse,750ML,ben-holladay-rickhouse,ACTIVE,3015169,085592165252,2024-12-10 23:12:23,,,,,,,1,variant_audit_2026-07-22,2026-07-22
41178335248459,,7269095669835,,Belasco Llama Malbec,750ML,belasco-llama-malbec,ACTIVE,9094730,091771062083,2024-12-10 23:12:24,,,,,,,1,variant_audit_2026-07-22,2026-07-22
41178335346763,,7269095735371,,Drambuie Liqueur Gift Pack,750ML,drambuie-liqueur-gift-pack,ACTIVE,9192462,083664873623,2024-12-10 23:12:26,,,,,,,1,variant_audit_2026-07-22,2026-07-22
41178335477835,,7269095833675,,Woodford Reserve Master,700ML,woodford-reseve-masters,ACTIVE,3016596,081128003777,2024-12-10 23:12:29,,,,,,,1,variant_audit_2026-07-22,2026-07-22
41179202617419,,7269304598603,,Blantons Bourbon Single Barrel,750ML,blantons-bourbon-single-barrel,ACTIVE,,080244002039,2024-12-11 17:27:48,,,,,,,1,variant_audit_2026-07-22,2026-07-22
41179205730379,,7269305417803,,Buffalo Trace Bourbon,1.5L,buffalo-trace-bourbon,ACTIVE,,080244009212,2024-12-11 17:33:34,,,,,,,1,variant_audit_2026-07-22,2026-07-22
41179206615115,,7269306040395,,Eagle Rare 10 Year Bourbon,750ML,eagle-rare-10yr,ACTIVE,,088004021344,2024-12-11 17:41:17,,,,,,,1,variant_audit_2026-07-22,2026-07-22
41179207794763,,7269306335307,,Thomas H Handy Sazerac Rye,750ML,thomas-h-handy-sazerac-rye,ACTIVE,,088004000035,2024-12-11 17:43:35,,,,,,,1,variant_audit_2026-07-22,2026-07-22
41181006037067,,7269306630219,,Weller Special Reserve,750ML,weller-special-reserve,ACTIVE,,088004025731,2024-12-13 01:23:01,,,,,,,1,variant_audit_2026-07-22,2026-07-22
41181006102603,,7268004036683,,Bags/Accessories,Single,gift-bag,ACTIVE,,,2024-12-13 01:24:12,,,,,,,1,variant_audit_2026-07-22,2026-07-22
41181706420299,,7270093848651,,Four Roses Single Barrel OESK,750ML,four-roses-single-barrel-oesk,ACTIVE,,860007585340,2024-12-13 18:29:50,,,,,,,1,variant_audit_2026-07-22,2026-07-22
41181711728715,,7270093226059,,Four Roses OBSF Single Barrel,750ML,four-roses-single-barrel-obsf,ACTIVE,,860007585364,2024-12-13 18:38:13,,,,,,,1,variant_audit_2026-07-22,2026-07-22
41181950640203,,7270198280267,,Baker's High-Rye 7Yr Bourbon,750ML,bakers-high-rye-bourbon,ACTIVE,,080686009405,2024-12-13 22:09:32,,,,,,,1,variant_audit_2026-07-22,2026-07-22
41181951787083,,7270198968395,,Old Overholt Rye Cask Strength,750ML,old-overholt-rye-cask-strength,ACTIVE,,080686009689,2024-12-13 22:11:29,,,,,,,1,variant_audit_2026-07-22,2026-07-22
41184281296971,,7271026425931,,Bookers The Reserve Batch,750ML,bookers-straight-bourbon,ACTIVE,,,2024-12-15 21:10:36,,,,,,,1,variant_audit_2026-07-22,2026-07-22
41184282837067,,7271027179595,,7 Moons Red Blend Red Wine,750ML,7-moons-red-blend,ACTIVE,,083120014997,2024-12-15 21:13:05,,,,,,,1,variant_audit_2026-07-22,2026-07-22
41184284377163,,7271028129867,,Appleton Estate Reserve Rum 8 Yr,1L,appleton-aged-reserve-8yr,ACTIVE,,636191207203,2024-12-15 21:16:02,,,,,,,1,variant_audit_2026-07-22,2026-07-22
41184285229131,,7271028424779,,Appleton Estate Signature Blend Rum,1L,appleton-gold-rum,ACTIVE,,721059001496,2024-12-15 21:18:29,,,,,,,1,variant_audit_2026-07-22,2026-07-22
41184288374859,,7271030030411,,Beringer White Merlot,1.5L,beringer-white-merlot,ACTIVE,,089819090303,2024-12-15 21:25:25,,,,,,,1,variant_audit_2026-07-22,2026-07-22
41184289849419,gid://shopify/ProductVariant/41184289849419,7271030554699,,J. Lohr Cabernet Sauvignon,750ML,j-lohr-cabernet-sauvignon,ACTIVE,,089121288122,2024-12-15 21:27:59,18.99,14.0,,,Southern Glazers,Red Wine,1,variant_audit_2026-07-22,2026-08-07_top50_refresh
41184290799691,,7271031242827,,J. Lohr Chardonnay,750ML,j-lohr-chardonnay,ACTIVE,,089121068823,2024-12-15 21:29:50,,,,,,,1,variant_audit_2026-07-22,2026-07-22
41184291913803,,7271031603275,,J. Lohr Pinot Noir,750ML,j-lohr-pinot-noir,ACTIVE,,089121078525,2024-12-15 21:31:21,,,,,,,1,variant_audit_2026-07-22,2026-07-22
41184292536395,,7271031996491,,On The Rocks Cosmopolitan,750ML,on-the-rocks-the-cosmopolitan,ACTIVE,,080686008101,2024-12-15 21:33:12,,,,,,,1,variant_audit_2026-07-22,2026-07-22
41184293126219,,7271032586315,,On The Rocks Espresso Martini,750ML,on-the-rocks-the-cosmopolitan-copy,ACTIVE,,080686004967,2024-12-15 21:35:42,,,,,,,1,variant_audit_2026-07-22,2026-07-22
41184294109259,,7271033307211,,On The Rocks Margarita,750ML,on-the-rocks-espresso-martini-copy,ACTIVE,,080686897170,2024-12-15 21:38:19,,,,,,,1,variant_audit_2026-07-22,2026-07-22
41186459713611,,7271677001803,,Clarendelle Red Bordeaux,750ML,clarendelle-red-bordeaux,ACTIVE,,859929009447,2024-12-17 17:15:32,,,,,,,1,variant_audit_2026-07-22,2026-07-22
41186460434507,,7271677689931,,Corralejo Reposado Tequila,750ML,corralejo-tequila-reposado,ACTIVE,,720815930131,2024-12-17 17:17:57,,,,,,,1,variant_audit_2026-07-22,2026-07-22
41186460729419,,7271677886539,,Corralejo Blanco Tequila,750ML,corralejo-tequila-silver,ACTIVE,,720815930636,2024-12-17 17:19:27,,,,,,,1,variant_audit_2026-07-22,2026-07-22
41186460958795,,7271678083147,,Mr Boston Creme de Cacao White,1L,mr-boston-cream-de-cacao,ACTIVE,,089000018963,2024-12-17 17:20:49,,,,,,,1,variant_audit_2026-07-22,2026-07-22
41186461155403,,7271678214219,,Mr Boston Creme de Cacao Brown,1L,mr-boston-cream-de-cacao-brown,ACTIVE,,089000018949,2024-12-17 17:23:23,,,,,,,1,variant_audit_2026-07-22,2026-07-22
41186461220939,,7271678246987,,Mr Boston Sour Apple Schnapps,1L,mr-boston-schnapps-sour-apple,ACTIVE,,089000524334,2024-12-17 17:25:33,,,,,,,1,variant_audit_2026-07-22,2026-07-22
41186461286475,,7271678279755,,Mr Boston Ameretto,1L,mr-boston-amaretto,ACTIVE,,089000019076,2024-12-17 17:26:17,,,,,,,1,variant_audit_2026-07-22,2026-07-22
41186461352011,,7271678312523,,Mr. Boston Green Creme de Menthe,1L,mr-boston-creme-de-menthe-green,ACTIVE,,089000018987,2024-12-17 17:27:11,,,,,,,1,variant_audit_2026-07-22,2026-07-22
41186461450315,,7271678378059,,Mr Boston Butterscotch Schnapps,1L,mr-boston-butterscotch-schnapps,ACTIVE,,089000512232,2024-12-17 17:28:02,,,,,,,1,variant_audit_2026-07-22,2026-07-22
41186473541707,,7271686242379,,Booker's Barry's Batch Bourbon,750ML,bookers-jimmys-7-yrs,ACTIVE,,080686011408,2024-12-17 18:05:44,,,,,,,1,variant_audit_2026-07-22,2026-07-22
41186475147339,,7271686537291,,Old Grand Dad 114 Kentucky Straight Bourbon,750ML,old-grand-dad-114,ACTIVE,,080686409403,2024-12-17 18:07:19,,,,,,,1,variant_audit_2026-07-22,2026-07-22
41186890907723,,7271790313547,,Chateau La Tuilerie Bordeaux,750ML,chatua-la-tuilerie-bordeaux,ACTIVE,,088603011753,2024-12-17 22:06:03,,,,,,,1,variant_audit_2026-07-22,2026-07-22
41186896052299,,7271790706763,,Troublemaker Red Blend,750ML,troublemaker-red-blend,ACTIVE,,657891702423,2024-12-17 22:06:47,,,,,,,1,variant_audit_2026-07-22,2026-07-22
41186899951691,,7271791591499,,Comtesse De Malet Roquefort Bordeaux,750ML,malet-roquefort-bordeaux,ACTIVE,,089419509861,2024-12-17 22:08:00,,,,,,,1,variant_audit_2026-07-22,2026-07-22
41188751343691,,7272252538955,,Duckhorn Vineyards Cabernet Sauvignon,750ML,duckhorn-vineyards-merlot-napa-valley-copy,ACTIVE,,669576020432,2024-12-18 21:23:57,,,,,,,1,variant_audit_2026-07-22,2026-07-22
41188752621643,,7272253784139,,Breckenridge Bourbon Whiskey,750ML,breckenridge-rum-cask-finish-bourbon-copy,ACTIVE,,853826005007,2024-12-18 21:25:12,,,,,,,1,variant_audit_2026-07-22,2026-07-22
41188754948171,,7272254898251,,Uncle Nearest Straight Rye 100 Proof Whiskey,750ML,uncle-nearest-1856-copy,ACTIVE,,051497363840,2024-12-18 21:32:11,,,,,,,1,variant_audit_2026-07-22,2026-07-22
41191194067019,,7273031270475,,Grey Goose L'Orange Vodka,1.75L,grey-goose-vodka-copy,ACTIVE,,080480281014,2024-12-21 15:40:44,,,,,,,1,variant_audit_2026-07-22,2026-07-22
41191195967563,,7273032089675,,Jameson Triple Triple Irish Whiskey,750ML,jameson-irish-whiskey-copy,ACTIVE,,080432002117,2024-12-21 15:43:14,,,,,,,1,variant_audit_2026-07-22,2026-07-22
41191196491851,,7273032646731,,Mi Campo Blanco Tequila,1.75L,mi-campo-tequila-blanco,ACTIVE,,086003272118,2024-12-21 15:44:59,,,,,,,1,variant_audit_2026-07-22,2026-07-22
41191202259019,,7273034088523,,Mi Campo Reposado Tequila,1.75L,mi-campo-tequila-reposado,ACTIVE,,086003272125,2024-12-21 15:47:38,,,,,,,1,variant_audit_2026-07-22,2026-07-22
41191208910923,,7273035432011,,Ole Smoky Tenn Peanut Butter Whiskey,750ML,ole-smoky-peanut-butter-whiskey,ACTIVE,,853915008568,2024-12-21 15:51:21,,,,,,,1,variant_audit_2026-07-22,2026-07-22
41191209533515,,7273035857995,,Ole Smoky Tennessee Salty Caramel Whiskey,750ML,ole-smoky-salty-caramel-whiskey,ACTIVE,,854628006131,2024-12-21 15:51:51,,,,,,,1,variant_audit_2026-07-22,2026-07-22
41191219822667,,7273042804811,,Marques de Caceres Rioja Crianza,750ML,marques-de-caceres-rioja-crianza,ACTIVE,,089419000603,2024-12-21 16:13:51,,,,,,,1,variant_audit_2026-07-22,2026-07-22
41191220674635,,7273043132491,,Marques de Caceres Verdejo,750ML,marques-de-caceres-verdejo,ACTIVE,,089419000559,2024-12-21 16:14:17,,,,,,,1,variant_audit_2026-07-22,2026-07-22
41191230734411,,7273045753931,,Sean Minor Sauvignon Blanc,750ML,sean-minor-sauvignon-blanc,ACTIVE,,859139001613,2024-12-21 16:21:46,,,,,,,1,variant_audit_2026-07-22,2026-07-22
41191231848523,,7273047392331,,Michel Tete Beaujolais-Nuveau,750ML,michel-tete-beaujolais-nuveau,ACTIVE,,3760068120078,2024-12-21 16:25:28,,,,,,,1,variant_audit_2026-07-22,2026-07-22
41191482425419,,7273141960779,,Di Amore Sambuca,750ML,di-amore-sambuca,ACTIVE,,082928399855,2024-12-22 01:33:37,,,,,,,1,variant_audit_2026-07-22,2026-07-22
41191484915787,,7273142059083,,Gio Barba Fontanelle Montepulciano,750ML,gio-barba-fontanelle-montepulciano,ACTIVE,,898132001183,2024-12-22 01:34:45,,,,,,,1,variant_audit_2026-07-22,2026-07-22
41191488389195,,7273142222923,,Joseph Phelps Freestone Pinot Noir,750ML,joseph-phelps-pinot-noir-freestone,ACTIVE,,010465520500,2024-12-22 01:36:47,,,,,,,1,variant_audit_2026-07-22,2026-07-22
41191903625291,,7273408036939,,Hob Nob Pinot Noir,750ML,hob-nob-pinot-noir,ACTIVE,,031259027173,2024-12-22 21:38:23,,,,,,,1,variant_audit_2026-07-22,2026-07-22
41192907210827,,7273819832395,,Chateau La Graviere White Bordeaux,750ML,chateau-la-graviere-white-bordeaux,ACTIVE,,088603008906,2024-12-23 21:11:20,,,,,,,1,variant_audit_2026-07-22,2026-07-22
41192909078603,,7273820979275,,Carpineto Vino Nobile di Montepulciano,750ML,carpineto-vino-nobile-di-montepulciano,ACTIVE,,080175200498,2024-12-23 21:23:55,,,,,,,1,variant_audit_2026-07-22,2026-07-22
41192910192715,,7273821634635,,Nevio Montepulciano d'abruzzo,750ML,nevio-montepulciano-dabruzzo,ACTIVE,,086785522159,2024-12-23 21:25:43,,,,,,,1,variant_audit_2026-07-22,2026-07-22
41192910454859,,7273821864011,,Ruca Melan Malbec,750ML,ruca-melan-malbec,ACTIVE,,856283004125,2024-12-23 21:26:37,,,,,,,1,variant_audit_2026-07-22,2026-07-22
41192910946379,,7273822289995,,Tinto Negro Malbec,750ML,tinto-negro-malbec,ACTIVE,,089419005509,2024-12-23 21:27:36,,,,,,,1,variant_audit_2026-07-22,2026-07-22
41193000796235,gid://shopify/ProductVariant/41193000796235,7273832972363,,High Noon Tequila fiesta Variety 8 Pack,8pk-12oz cans,high-noon-tequila-fiesta-variety-8-pack,ACTIVE,,085000037393,2024-12-23 22:03:34,21.99,16.64,,,Empire Merchants North,Ready to Drink,1,variant_audit_2026-07-22,2026-08-07_top50_refresh
41196510249035,,7274824040523,,Freixenet Prosecco,750ML,freixenet-prosecco,ACTIVE,,033293005735,2024-12-26 17:16:54,,,,,,,1,variant_audit_2026-07-22,2026-07-22
41196511461451,,7274824269899,,Josh Cellars Merlot,750ML,josh-cellars-merlot,ACTIVE,,857744011157,2024-12-26 17:19:43,,,,,,,1,variant_audit_2026-07-22,2026-07-22
41196526403659,,7274825089099,,Woodford Reserve Rye,750ML,woodford-reserve-rye,ACTIVE,,081128000646,2024-12-26 17:32:27,,,,,,,1,variant_audit_2026-07-22,2026-07-22
41196598788171,,7274872995915,,Teremana Blanco,1L,teremana-blanco,ACTIVE,,850015640049,2024-12-26 18:58:28,,,,,,,1,variant_audit_2026-07-22,2026-07-22
41196599050315,,7274873258059,,Teremana Reposado,1L,teremana-reposado,ACTIVE,,850015640056,2024-12-26 18:58:47,,,,,,,1,variant_audit_2026-07-22,2026-07-22
41218601713739,,7278392049739,,Knob Creek Smoked Maple Bourbon,750ML,knob-creek-smoked-maple-bourbon,ACTIVE,,080686016793,2025-01-05 17:25:07,,,,,,,1,variant_audit_2026-07-22,2026-07-22
41224413053003,,7280208314443,,Starlight Bottled in Bond Bourbon,750ML,starlight-bottled-in-bond,ACTIVE,,643390734218,2025-01-08 15:21:45,,,,,,,1,variant_audit_2026-07-22,2026-07-22
41224417673291,,7280209625163,,Starlight Carl T Bourbon,750ML,starlight-carl-t-bottled-in-bond-bourbon-copy,ACTIVE,,643390288155,2025-01-08 15:25:20,,,,,,,1,variant_audit_2026-07-22,2026-07-22
41224442019915,,7280213852235,,Starlight Old Rickhouse Rye,750ML,starlight-carl-t-rickhouse-rye,ACTIVE,,643390396188,2025-01-08 15:33:45,,,,,,,1,variant_audit_2026-07-22,2026-07-22
41224455684171,,7280217194571,,Willett Pot Still Reserve Straight Bourbon,750ML,willett-pot-still-reserve-straight-bourbon,ACTIVE,,680203019353,2025-01-08 15:39:32,,,,,,,1,variant_audit_2026-07-22,2026-07-22
41224463646795,,7280218898507,,Willett Estate Small Batch Rye,750ML,willett-estate-small-batch-rye,ACTIVE,,680203040180,2025-01-08 15:43:11,,,,,,,1,variant_audit_2026-07-22,2026-07-22
41225370665035,,7280394174539,,Chicken Cock Chanticleer Bourbon,750ML,chicken-cock-chanticleer-bourbon,ACTIVE,,810020890334,2025-01-08 22:05:51,,,,,,,1,variant_audit_2026-07-22,2026-07-22
41225371123787,,7280394207307,,Chicken Cock Cotton Club 20 Year Rye,750ML,chicken-cock-chanticleer-bourbon-copy,ACTIVE,,810020890280,2025-01-08 22:05:57,,,,,,,1,variant_audit_2026-07-22,2026-07-22
41225372729419,,7280394534987,,Ben Holladay Soft Red Wheat Rickhouse Proof,750ML,ben-holladay-6yrs-soft-red-wheat-binb-copy,ACTIVE,,085592165559,2025-01-08 22:09:18,,,,,,,1,variant_audit_2026-07-22,2026-07-22
41233265229899,,7282505121867,,1792 Straight Bourbon Small Batch,750ML,1792-straight-bourbon-small-batch,ACTIVE,87106,080660001203,2025-01-11 21:35:51,,,,,,,1,variant_audit_2026-07-22,2026-07-22
41237974417483,,7283534856267,,A. Smith Bowman Cask Strength,750ML,a-smith-bowman-cask-strength,ACTIVE,,,2025-01-14 15:16:23,,,,,,,1,variant_audit_2026-07-22,2026-07-22
41237975302219,,7283535183947,,Woodford Reserve Bourbon Batch Proof,750ML,woodford-reserve-bourbon-batch-proof,ACTIVE,,081128003784,2025-01-14 15:26:06,,,,,,,1,variant_audit_2026-07-22,2026-07-22
41237977268299,,7283535544395,,Penolope Bourbon Private Select 9Yrs,750ML,penelope-bourbon-private-select-9yrs,ACTIVE,,088352142326,2025-01-14 15:30:02,,,,,,,1,variant_audit_2026-07-22,2026-07-22
41238089891915,,7283554353227,,Stagg Bourbon,750ML,stagg-bourbon,ACTIVE,,,2025-01-14 17:41:13,,,,,,,1,variant_audit_2026-07-22,2026-07-22
41239557406795,,7284076052555,,Milam & Greene Unabridged Blended Bourbon,750ML,milam-greene-unabridged,ACTIVE,,,2025-01-15 22:45:18,,,,,,,1,variant_audit_2026-07-22,2026-07-22
41247971999819,,7286175662155,,Roscato Tropical,750ML,roscato-tropical,ACTIVE,,086785110837,2025-01-20 18:19:34,,,,,,,1,variant_audit_2026-07-22,2026-07-22
41248003260491,,7286182805579,,Beatbox Hard Tea,500ML,beatbox-hard-tea,ACTIVE,,851133006755,2025-01-20 18:42:38,,,,,,,1,variant_audit_2026-07-22,2026-07-22
41250375729227,,7286706274379,,XXL Moscato Apple,750ML,xxl-moscato-apple,ACTIVE,,763955017003,2025-01-21 23:20:33,,,,,,,1,variant_audit_2026-07-22,2026-07-22
41250392408139,,7286707781707,,XXL Moscato Blueberry,750ML,xxl-moscato-blueberry,ACTIVE,,763955020003,2025-01-21 23:28:50,,,,,,,1,variant_audit_2026-07-22,2026-07-22
41250392899659,,7286707912779,,XXL Moscato Guava,750ML,xxl-moscato-guava,ACTIVE,,763955018000,2025-01-21 23:30:11,,,,,,,1,variant_audit_2026-07-22,2026-07-22
41250393030731,,7286708011083,,XXL Moscato Mango,750ML,xxl-moscato-cherry,ACTIVE,,763955013005,2025-01-21 23:31:03,,,,,,,1,variant_audit_2026-07-22,2026-07-22
41250395258955,,7286708469835,,Mendoza Vineyards Malbec,750ML,mendoza-vineyards-malbec,ACTIVE,,896632002013,2025-01-21 23:33:38,,,,,,,1,variant_audit_2026-07-22,2026-07-22
41267128500299,,7289737085003,,La Vieille Ferme Rose,750ML,la-vieille-ferme-rose,ACTIVE,,089419000177,2025-01-28 20:43:06,,,,,,,1,variant_audit_2026-07-22,2026-07-22
41267132989515,,7289740263499,,Bread & Butter Prosecco,750ML,bread-butter-prosecco,ACTIVE,,818051022298,2025-01-28 20:45:20,,,,,,,1,variant_audit_2026-07-22,2026-07-22
41268005339211,,7289916457035,,Altos del Plata Chardonnay,750ML,altos-del-plata-chardonnay,ACTIVE,,088110158972,2025-01-29 16:36:36,,,,,,,1,variant_audit_2026-07-22,2026-07-22
41275365523531,,7292198715467,,Bulleit Bottled in Bond Bourbon,750ML,bulleit-bottled-in-bond,ACTIVE,,082000808633,2025-02-04 16:31:01,,,,,,,1,variant_audit_2026-07-22,2026-07-22
41277133062219,,7292824322123,,Bogle Heritage Red,750ML,bogle-heritage-red,ACTIVE,,080887496660,2025-02-05 17:23:55,,,,,,,1,variant_audit_2026-07-22,2026-07-22
41315828138059,gid://shopify/ProductVariant/41315828138059,7262996136011,,Bacardi Superior Rum,1.75L,bacardi-superior-rum,ACTIVE,,080480015329,2025-03-03 20:13:43,23.99,20.65,,,Southern Glazers,Rum,1,variant_audit_2026-07-22,2026-08-07_top50_refresh
41318363594827,gid://shopify/ProductVariant/41318363594827,7273029992523,,Black Velvet,375ML,black-velvet,ACTIVE,,096749003075,2025-03-05 18:02:42,7.99,5.38,,,Southern Glazers,Canadian Whisky,1,variant_audit_2026-07-22,2026-08-07_top50_refresh
41318364020811,,7271028949067,,Beefeater London Dry Gin,1L,beefeater-london-dry-gin,ACTIVE,,089540333489,2025-03-05 18:03:05,,,,,,,1,variant_audit_2026-07-22,2026-07-22
41318364217419,,7269095702603,,Popov Vodka,750ML,popov-vodka,ACTIVE,9000478,088004036195,2025-03-05 18:03:22,,,,,,,1,variant_audit_2026-07-22,2026-07-22
41318364315723,,7268836769867,,Tanqueray London Dry Gin,375ML,tanqueray-london-dry-gin,ACTIVE,293779,088110110604,2025-03-05 18:03:30,,,,,,,1,variant_audit_2026-07-22,2026-07-22
41318365593675,,7265301594187,,Barefoot Moscato,187ML,barefoot-moscato,ACTIVE,,085000045596,2025-03-05 18:04:32,,,,,,,1,variant_audit_2026-07-22,2026-07-22
41318365626443,,7263258673227,,Zonin Winemaker's Collection Chianti DOCG,750ML,zonin-winemakers-collection-chianti-docg,ACTIVE,3003093,876153001924,2025-03-05 18:04:39,,,,,,,1,variant_audit_2026-07-22,2026-07-22
41318365724747,,7263258411083,,Stolichnaya Vodka,375ML,stolichnaya-vodka,ACTIVE,9198936,811751020038,2025-03-05 18:04:46,,,,,,,1,variant_audit_2026-07-22,2026-07-22
41318366019659,,7263257886795,,Sobieski Vodka,50ML,sobieski-vodka,ACTIVE,9148281,089016008255,2025-03-05 18:04:59,,,,,,,1,variant_audit_2026-07-22,2026-07-22
41318366642251,,7263256641611,,Jack Daniel's Tennessee Honey Whiskey,50ML,jack-daniels-tennessee-honey-whiskey,ACTIVE,9127733,082184000359,2025-03-05 18:05:27,,,,,,,1,variant_audit_2026-07-22,2026-07-22
41318366871627,,7263256608843,,Jack Daniel's Tennessee Fire Whiskey,50ML,jack-daniels-tennessee-fire-whiskey,ACTIVE,9175791,082184001189,2025-03-05 18:05:28,,,,,,,1,variant_audit_2026-07-22,2026-07-22
41318367232075,,7263136874571,,Wheatley Handcrafted Vodka,1L,wheatley-handcrafted-vodka,ACTIVE,3001066,088004022686,2025-03-05 18:05:59,,,,,,,1,variant_audit_2026-07-22,2026-07-22
41318367723595,,7263135924299,,Southern Comfort 100 Proof,50ML,southern-comfort-100-proof,ACTIVE,9013624,088544000014,2025-03-05 18:06:21,,,,,,,1,variant_audit_2026-07-22,2026-07-22
41318367920203,,7263135891531,,Southern Comfort Whiskey,50ML,southern-comfort,ACTIVE,9013615,088544000021,2025-03-05 18:06:23,,,,,,,1,variant_audit_2026-07-22,2026-07-22
41318368575563,,7263135236171,,Reyka Vodka,750ML,reyka-vodka,ACTIVE,9005266,083664869213,2025-03-05 18:06:38,,,,,,,1,variant_audit_2026-07-22,2026-07-22
41318368804939,,7263134416971,,Mr. Boston Vodka 100 Proof,375ML,mr-boston-vodka-100-proof,ACTIVE,9044730,089000016884,2025-03-05 18:06:52,,,,,,,1,variant_audit_2026-07-22,2026-07-22
41318369099851,,7263133859915,,Milagro Silver Tequila,375ML,milagro-silver-tequila,ACTIVE,9005264,083664874064,2025-03-05 18:07:03,,,,,,,1,variant_audit_2026-07-22,2026-07-22
41318369820747,,7263132483659,,Hendrick's Gin,375ML,hendricks-gin,ACTIVE,9258038,083664873449,2025-03-05 18:07:37,,,,,,,1,variant_audit_2026-07-22,2026-07-22
41318370410571,,7263131009099,,Disaronno Originale,200ML,disaronno-originale,ACTIVE,3005609,050037015546,2025-03-05 18:08:03,,,,,,,1,variant_audit_2026-07-22,2026-07-22
41318371131467,gid://shopify/ProductVariant/41318371131467,7263130648651,,Deep Eddy Lemon Vodka,50ML,deep-eddy-lemon-vodka,ACTIVE,3005446,856065002400,2025-03-05 18:08:12,1.49,0.99,,,Empire Merchants North,Vodka,1,variant_audit_2026-07-22,2026-08-07_top50_refresh
41318372147275,,7263127109707,,1800 Tequila Blanco,50ML,1800-tequila-blanco,ACTIVE,9039325,811538010115,2025-03-05 18:09:13,,,,,,,1,variant_audit_2026-07-22,2026-07-22
41318372409419,,7263016353867,,RumChata,50ML,rumchata,ACTIVE,3008353,890355001049,2025-03-05 18:09:38,,,,,,,1,variant_audit_2026-07-22,2026-07-22
41318372900939,,7263015665739,,New Amsterdam Pink Whitney,50ML,new-amsterdam-pink-whitney,ACTIVE,,08567507,2025-03-05 18:09:55,,,,,,,1,variant_audit_2026-07-22,2026-07-22
41318373425227,,7263015501899,,New Amsterdam Original Vodka,50ML,new-amsterdam-original-vodka,ACTIVE,3005489,08588005,2025-03-05 18:10:01,,,,,,,1,variant_audit_2026-07-22,2026-07-22
41318373851211,gid://shopify/ProductVariant/41318373851211,7263014846539,,La Marca Prosecco,187ML,la-marca-prosecco,ACTIVE,9174974,085000022436,2025-03-05 18:10:21,6.99,4.33,,,Empire Merchants North,Sparkling Wine,1,variant_audit_2026-07-22,2026-08-07_top50_refresh
41318375161931,,7263012487243,,Black Box Pinot Grigio,500ML,black-box-pinot-grigio,ACTIVE,,081434700209,2025-03-05 18:11:21,,,,,,,1,variant_audit_2026-07-22,2026-07-22
41318375260235,,7263012388939,,Black Box Cabernet Sauvignon Chile,500ML,black-box-cabernet-sauvignon-chile,ACTIVE,,081434000293,2025-03-05 18:11:24,,,,,,,1,variant_audit_2026-07-22,2026-07-22
41318375522379,,7263012192331,,Barefoot Pinot Noir,187ML,barefoot-pinot-noir,ACTIVE,9257464,085000045602,2025-03-05 18:11:29,,,,,,,1,variant_audit_2026-07-22,2026-07-22
41318375653451,,7263012094027,,Barefoot Chardonnay,187ML,barefoot-chardonnay,ACTIVE,9253409,085000045367,2025-03-05 18:11:31,,,,,,,1,variant_audit_2026-07-22,2026-07-22
41318375817291,,7263011700811,,Arbor Mist Blackberry Merlot,750ML,arbor-mist-blackberry-merlot,ACTIVE,9044470,082100179237,2025-03-05 18:11:41,,,,,,,1,variant_audit_2026-07-22,2026-07-22
41318376603723,,7263004393547,,Yellow Tail Moscato,750ML,yellow-tail-moscato,ACTIVE,,031259032856,2025-03-05 18:12:07,,,,,,,1,variant_audit_2026-07-22,2026-07-22
41318377062475,,7263004065867,,Woodbridge Cabernet Sauvignon,500ML,woodbridge-cabernet-sauvignon,ACTIVE,,086003820739,2025-03-05 18:12:18,,,,,,,1,variant_audit_2026-07-22,2026-07-22
41318377193547,,7263003967563,,Wild Turkey Straight Bourbon 101,50ML,wild-turkey-kentucky-straight-bourbon-101,ACTIVE,,721059895002,2025-03-05 18:12:21,,,,,,,1,variant_audit_2026-07-22,2026-07-22
41318377848907,gid://shopify/ProductVariant/41318377848907,7263003574347,,Tito's Handmade Vodka,50ML,titos-handmade-vodka,ACTIVE,,619947000068,2025-03-05 18:12:32,1.99,1.29,,,Southern Glazers,Vodka,1,variant_audit_2026-07-22,2026-08-07_top50_refresh
41318378078283,gid://shopify/ProductVariant/41318378078283,7263003377739,,Svedka Vodka,50ML,svedka-vodka,ACTIVE,,617768111055,2025-03-05 18:12:38,1.99,0.68,,,Southern Glazers,Vodka,1,variant_audit_2026-07-22,2026-08-07_top50_refresh
41318378504267,,7263002787915,,Smirnoff Peach,750ML,smirnoff-peach-lemonade,ACTIVE,,082000750710,2025-03-05 18:12:54,,,,,,,1,variant_audit_2026-07-22,2026-07-22
41318378733643,gid://shopify/ProductVariant/41318378733643,7263002722379,,Smirnoff No. 21 Vodka,50ML,smirnoff-no-21-vodka,ACTIVE,,08247201,2025-03-05 18:12:57,1.49,1.0,,,Southern Glazers,Vodka,1,variant_audit_2026-07-22,2026-08-07_top50_refresh
41318379028555,gid://shopify/ProductVariant/41318379028555,7263002558539,,Skyy Vodka,50ML,skyy-vodka,ACTIVE,,721059000505,2025-03-05 18:13:03,2.49,1.0,,,Southern Glazers,Vodka,1,variant_audit_2026-07-22,2026-08-07_top50_refresh
41318379159627,,7263002525771,,Skrewball Peanut Butter Whiskey,50ML,skrewball-peanut-butter-whiskey,ACTIVE,,860265002429,2025-03-05 18:13:04,,,,,,,1,variant_audit_2026-07-22,2026-07-22
41318379389003,,7263002427467,,Seagram's 7 Crown American Blended Whiskey,50ML,seagrams-7-crown,ACTIVE,,08732602,2025-03-05 18:13:07,,,,,,,1,variant_audit_2026-07-22,2026-07-22
41318379683915,,7263002001483,,Patron Silver Tequila,50ML,patron-silver,ACTIVE,,721733000234,2025-03-05 18:13:19,,,,,,,1,variant_audit_2026-07-22,2026-07-22
41318380372043,,7263000887371,,Ketel One Vodka,375ML,ketel-one-vodka,ACTIVE,,085156122158,2025-03-05 18:13:47,,,,,,,1,variant_audit_2026-07-22,2026-07-22
41318380961867,,7263000363083,,Jim Beam Vanilla Bourbon Whiskey 70 Proof,50ML,jim-beam-vanilla-bourbon-whiskey-70-proof,ACTIVE,,080686006893,2025-03-05 18:13:58,,,,,,,1,variant_audit_2026-07-22,2026-07-22
41318381420619,,7263000068171,,Jim Beam Bourbon Whiskey,50ML,jim-beam-bourbon-whiskey,ACTIVE,,080686001904,2025-03-05 18:14:05,,,,,,,1,variant_audit_2026-07-22,2026-07-22
41318381682763,,7262999740491,,Jagermeister Herbal Liqueur,50ML,jagermeister,ACTIVE,,083089660105,2025-03-05 18:14:13,,,,,,,1,variant_audit_2026-07-22,2026-07-22
41318381879371,,7262999380043,,Grey Goose Vodka,50ML,grey-goose-vodka,ACTIVE,,080480989347,2025-03-05 18:14:20,,,,,,,1,variant_audit_2026-07-22,2026-07-22
41318382600267,gid://shopify/ProductVariant/41318382600267,7262998986827,,Fireball Cinnamon Whisky,50ML,fireball-cinnamon-whisky,ACTIVE,,088004144708,2025-03-05 18:14:28,0.99,0.75,,,Southern Glazers,Liqueur,1,variant_audit_2026-07-22,2026-08-07_top50_refresh
41318382764107,,7262998757451,,Evan Williams Black Label Bourbon,50ML,evan-williams-black-label,ACTIVE,,096749021840,2025-03-05 18:14:34,,,,,,,1,variant_audit_2026-07-22,2026-07-22
41318383059019,,7262998626379,,Espolon Tequila Blanco,375ML,espolon-tequila-blanco,ACTIVE,,664804000378,2025-03-05 18:14:37,,,,,,,1,variant_audit_2026-07-22,2026-07-22
41318383124555,,7262998528075,,Elijah Craig Small Batch,50ML,elijah-craig-small-batch,ACTIVE,,09674947,2025-03-05 18:14:39,,,,,,,1,variant_audit_2026-07-22,2026-07-22
41318383190091,,7262998429771,,Don Julio Reposado,50ML,don-julio-reposado,ACTIVE,,674545000421,2025-03-05 18:14:42,,,,,,,1,variant_audit_2026-07-22,2026-07-22
41318383255627,,7262998364235,,Don Julio Blanco Tequila,375ML,don-julio-blanco,ACTIVE,,674545000599,2025-03-05 18:14:44,,,,,,,1,variant_audit_2026-07-22,2026-07-22
41318383747147,,7262997938251,,Crown Royal Regal Apple Flavored Whisky,375ML,crown-royal-regal-apple,ACTIVE,,082000771555,2025-03-05 18:14:54,,,,,,,1,variant_audit_2026-07-22,2026-07-22
41318383878219,,7262997905483,,Crown Royal Peach,375ML,crown-royal-peach,ACTIVE,,082000795391,2025-03-05 18:14:55,,,,,,,1,variant_audit_2026-07-22,2026-07-22
41318384009291,,7262997807179,,Crown Royal Canadian Whisky,200ML,crown-royal-canadian-whisky,ACTIVE,,087000007277,2025-03-05 18:14:57,,,,,,,1,variant_audit_2026-07-22,2026-07-22
41318384631883,,7262996463691,,Bulleit Bourbon,375ML,bulleit-bourbon,ACTIVE,,087000004122,2025-03-05 18:15:31,,,,,,,1,variant_audit_2026-07-22,2026-07-22
41318384730187,,7262996430923,,Bombay Sapphire Gin,375ML,bombay-sapphire-gin,ACTIVE,,080480301033,2025-03-05 18:15:32,,,,,,,1,variant_audit_2026-07-22,2026-07-22
41318384795723,,7262996299851,,Basil Hayden Bourbon Whiskey,375ML,basil-hayden-bourbon-whiskey,ACTIVE,,080686012122,2025-03-05 18:15:36,,,,,,,1,variant_audit_2026-07-22,2026-07-22
41318385647691,,7262995251275,,Bacardi Black Rum,750ML,bacardi-black,ACTIVE,47738,080480005269,2025-03-05 18:15:49,,,,,,,1,variant_audit_2026-07-22,2026-07-22
41318385844299,,7262995087435,,Absolut Vodka,50ML,absolut-vodka,ACTIVE,24984,835229000001,2025-03-05 18:15:54,,,,,,,1,variant_audit_2026-07-22,2026-07-22
41318385909835,,7262994989131,,Absolut Mandrin,50ML,absolut-mandrin,ACTIVE,,835229002005,2025-03-05 18:15:57,,,,,,,1,variant_audit_2026-07-22,2026-07-22
41318387384395,,7262202626123,,Windsor Blended,1L,windsor-blended,ACTIVE,153034,084279005720,2025-03-05 18:18:21,,,,,,,1,variant_audit_2026-07-22,2026-07-22
41318387515467,,7262202429515,,Recipe 21 Premium Vodka,50ML,recipe-21-premium-vodka,ACTIVE,170955,088004058463,2025-03-05 18:18:26,,,,,,,1,variant_audit_2026-07-22,2026-07-22
41318388727883,,7262199218251,,A&J Chardonnay,1.5L,a-j-chardonnay,ACTIVE,19117,813102011146,2025-03-05 18:19:26,,,,,,,1,variant_audit_2026-07-22,2026-07-22
41318388891723,,7262197317707,,Regan's No. 6 Orange Bitters,10oz,regans-no-6-orange-bitters,ACTIVE,,088004190156,2025-03-05 18:19:29,,,,,,,1,variant_audit_2026-07-22,2026-07-22
41318389252171,,7262190796875,,Belvedere Organic Vodka,375ML,belvedere-organic-vodka,ACTIVE,3012509,081753838034,2025-03-05 18:20:08,,,,,,,1,variant_audit_2026-07-22,2026-07-22
41318429556811,,7306997858379,,Squealing Pig Sauvignon Blanc,750ML,squealing-pig-sauvignon-blanc,ACTIVE,,012354009929,2025-03-05 18:48:36,,,,,,,1,variant_audit_2026-07-22,2026-07-22
41318429589579,,7306997891147,,Bacchus Rosso Piceno Ciu Ciu,750ML,baccus-rosso-piceno,ACTIVE,,8029439000162,2025-03-05 18:48:42,,,,,,,1,variant_audit_2026-07-22,2026-07-22
41318440304715,,7306998775883,,The Dalmore 14 Year Old,750ML,the-dalmore-14-year-old,ACTIVE,,087647114239,2025-03-05 19:04:49,,,,,,,1,variant_audit_2026-07-22,2026-07-22
41318440337483,,7306998808651,,Lagovuveri Nero D'Avola,750ML,lagovuveri-nero-davola,ACTIVE,,8026674001589,2025-03-05 19:04:52,,,,,,,1,variant_audit_2026-07-22,2026-07-22
41318440370251,,7306998841419,,Podere Don Cataldo Vermentino Salento,750ML,podere-don-cataldo-primitivo-salento,ACTIVE,,8005286022878,2025-03-05 19:04:55,,,,,,,1,variant_audit_2026-07-22,2026-07-22
41318440468555,,7306998939723,,Burnett's Cherry Vodka,1L,burnetts-cherry-vodka,ACTIVE,,096749201075,2025-03-05 19:05:04,,,,,,,1,variant_audit_2026-07-22,2026-07-22
41318440501323,,7306998972491,,St. Germain Elderflower Liqueur,750ML,st-germain-elderflower-liqueur,ACTIVE,,080480004699,2025-03-05 19:05:07,,,,,,,1,variant_audit_2026-07-22,2026-07-22
41318440861771,,7306999038027,,Ezra Brooks 99 Proof Straight Rye,750ML,ezra-brooks-99-proof-straight-rye,ACTIVE,,088352139678,2025-03-05 19:05:10,,,,,,,1,variant_audit_2026-07-22,2026-07-22
41318440894539,,7306999070795,,Ezra Brooks 99 Proof Bourbon Whiskey,750ML,ezra-brooks-99-proof-bourbon-whiskey,ACTIVE,,088352135427,2025-03-05 19:05:13,,,,,,,1,variant_audit_2026-07-22,2026-07-22
41318440927307,,7306999103563,,E H Taylor Straight Rye,750ML,colonel-e-h-taylor-rye,ACTIVE,,,2025-03-05 19:05:16,,,,,,,1,variant_audit_2026-07-22,2026-07-22
41318441156683,,7306999169099,,E H Taylor Small Batch Bourbon,750ML,zoom-colonel-e-h-taylor-small-batch-bourbon,ACTIVE,,088004005498,2025-03-05 19:05:19,,,,,,,1,variant_audit_2026-07-22,2026-07-22
41318441189451,,7306999201867,,Banfi La Pettegola Vermentino,750ML,banfi-la-pettegola-vermentino,ACTIVE,,080516410548,2025-03-05 19:05:21,,,,,,,1,variant_audit_2026-07-22,2026-07-22
41318441222219,,7306999234635,,Korbel Champagne Brut Rose,750ML,korbel-champagne-brut-rose,ACTIVE,,084704091878,2025-03-05 19:05:24,,,,,,,1,variant_audit_2026-07-22,2026-07-22
41318441254987,,7306999267403,,Dezzani Moscato,750ML,dezzani-moscato,ACTIVE,,8027874071297,2025-03-05 19:05:27,,,,,,,1,variant_audit_2026-07-22,2026-07-22
41318441287755,,7306999300171,,Camillo Montori Montepulciano,750ML,camillo-montori-montepulciano,ACTIVE,,8053830070011,2025-03-05 19:05:30,,,,,,,1,variant_audit_2026-07-22,2026-07-22
41322966515787,,7308714246219,,Baileys Coffee Toffee Cream Liqueur,50ML,baileys-coffee-toffee-cream-liqueur,ACTIVE,,086767705624,2025-03-09 01:07:49,,,,,,,1,variant_audit_2026-07-22,2026-07-22
41322966679627,,7308714311755,,Baileys Cookies & Creamy Liqueur,50ML,baileys-cookies-creamy-liqueur,ACTIVE,,086767705662,2025-03-09 01:11:41,,,,,,,1,variant_audit_2026-07-22,2026-07-22
41322984177739,,7308715262027,,Knob Creek 115 Proof Rye Single Barrel Select,750ML,knob-creek-115-proof-rye-single-barrel-select,ACTIVE,,080686016779,2025-03-09 01:27:39,,,,,,,1,variant_audit_2026-07-22,2026-07-22
41329304240203,,7311975383115,,Benedictine B&b Brandy Liqueur,1L,benedictine-b-b-brandy-liqueur,ACTIVE,,080480545307,2025-03-12 18:31:28,,,,,,,1,variant_audit_2026-07-22,2026-07-22
41329449828427,,7267343892555,,Grand Marnier Cordon Rouge,375ML,grand-marnier-gift-pack,ACTIVE,561762,649188900469,2025-03-12 21:43:34,,,,,,,1,variant_audit_2026-07-22,2026-07-22
41339109474379,,7316090060875,,Heaven Hill Grain To Glass Kentucky Straight Wheated Bourbon,700ML,heaven-hill-grain-to-glass-kentucky-straight-wheated-bourbon,ACTIVE,,096749005048,2025-03-18 01:05:17,,,,,,,1,variant_audit_2026-07-22,2026-07-22
41340366848075,,7316852211787,,Old Forester 1924 10 Year Old Straight Bourbon,750ML,old-forester-1924-10-year-old-straight-bourbon,ACTIVE,,081128003418,2025-03-18 17:00:52,,,,,,,1,variant_audit_2026-07-22,2026-07-22
41340370976843,,7316855455819,,Woodford Reserve Double Double Oaked Bourbon,750ML,woodford-reserve-double-double-oaked-bourbon,ACTIVE,,,2025-03-18 17:08:02,,,,,,,1,variant_audit_2026-07-22,2026-07-22
41340394995787,,7316865581131,,Silver Raven Cabernet Sauvignon,750ML,silver-raven-cabernet-sauvignon,ACTIVE,,861396000155,2025-03-18 17:27:50,,,,,,,1,variant_audit_2026-07-22,2026-07-22
41346259222603,,7318999695435,,Four Roses OBSF Barrel Strength Single Barrel Select,750ML,four-roses-obsf-barrel-strength-single-barrel-select,ACTIVE,,040063400294,2025-03-21 16:11:30,,,,,,,1,variant_audit_2026-07-22,2026-07-22
41351792721995,,7321930727499,,Still Austin Straight Bourbon,750ML,still-austin-straight-bourbon,ACTIVE,,851088007180,2025-03-24 16:17:05,,,,,,,1,variant_audit_2026-07-22,2026-07-22
41351793573963,,7321931055179,,Still Austin Straight Rye,750ML,still-austin-straight-rye,ACTIVE,,851088007333,2025-03-24 16:19:02,,,,,,,1,variant_audit_2026-07-22,2026-07-22
41355662655563,,7323747123275,,Pepe Yllera Ribera,750ML,pepe-yllera-ribera,ACTIVE,,8420378001034,2025-03-26 14:37:02,,,,,,,1,variant_audit_2026-07-22,2026-07-22
41355677827147,,7323754397771,,Yllera Verdejo Vendimia Nocturna,750ML,yllera-verdejo-vendimia-nocturna,ACTIVE,,8420378000792,2025-03-26 14:42:39,,,,,,,1,variant_audit_2026-07-22,2026-07-22
41356054888523,,7323866562635,,Still Austin Cask Strength Rye Whiskey,750ML,still-austin-cask-strength-rye-whiskey,ACTIVE,,851088007401,2025-03-26 19:53:51,,,,,,,1,variant_audit_2026-07-22,2026-07-22
41356080283723,,7323877736523,,Still Austin Cask Strength Bourbon Whiskey,750ML,still-austin-cask-strength-bourbon-whiskey,ACTIVE,,851088007289,2025-03-26 20:00:50,,,,,,,1,variant_audit_2026-07-22,2026-07-22
41367659839563,,7330094907467,,"Redwood Empire """"Van Duzen"""" Straight Rye Whiskey",750ML,redwood-empire-van-duzen-straight-rye-whiskey,ACTIVE,,761180000227,2025-03-31 23:47:12,,,,,,,1,variant_audit_2026-07-22,2026-07-22
41379131555915,,7334342131787,,Evan Williams Single Barrel Bourbon,750ML,evan-williams-single-barrel-bourbon,ACTIVE,,096749750016,2025-04-08 00:04:13,,,,,,,1,variant_audit_2026-07-22,2026-07-22
41379131785291,,7334342262859,,Elijah Craig 18 Year,750ML,elijah-craig-18-year,ACTIVE,,,2025-04-08 00:06:54,,,,,,,1,variant_audit_2026-07-22,2026-07-22
41379132342347,,7334343442507,,Bernheim 7 Years Barrel Proof Wheat Whisky 125.4,750ML,bernheim-7-years-barrel-proof-wheat-whisky,ACTIVE,,096749004461,2025-04-08 00:14:09,,,,,,,1,variant_audit_2026-07-22,2026-07-22
41392213262411,,7339188093003,,Michter's Barrel Strength Rye Whiskey,750ML,michters-barrel-strength-rye-whiskey,ACTIVE,,039383009942,2025-04-15 01:04:22,,,,,,,1,variant_audit_2026-07-22,2026-07-22
41394307825739,,7339896176715,,Angel's Envy Cask Strength Port Wine Finished Bourbon,750ML,angels-envy-cask-strength-port-wine-finished-bourbon,ACTIVE,,850047003058,2025-04-15 20:01:32,,,,,,,1,variant_audit_2026-07-22,2026-07-22
41394314215499,,7339896406091,,Nobilo Sauvignon Blanc,750ML,nobilo-sauvignon-blanc,ACTIVE,,081434315304,2025-04-15 20:07:03,,,,,,,1,variant_audit_2026-07-22,2026-07-22
41395427180619,,7340162547787,,Indri Cask Strength Single Malt Indian Whisky,750ML,indri-cask-strength-single-malt-indian-whisky,ACTIVE,,892032201049,2025-04-16 14:33:46,,,,,,,1,variant_audit_2026-07-22,2026-07-22
41395840614475,,7340265537611,,Wolcott Kentucky Straight Bourbon,750ML,wolcott-kentucky-straight-bourbon,ACTIVE,,088004036256,2025-04-16 18:55:23,,,,,,,1,variant_audit_2026-07-22,2026-07-22
41395841499211,,7340265865291,,Wolcott Bottled in Bond Kentucky Straight Bourbon,750ML,wolcott-kentucky-straight-bourbon-copy,ACTIVE,,088004045265,2025-04-16 18:56:40,,,,,,,1,variant_audit_2026-07-22,2026-07-22
41420628361291,,7349809938507,,G4 Tequila Blanco de Madera,750ML,g4-blanco-de-madera-tequila,ACTIVE,,7503018079288,2025-04-25 21:25:48,,,,,,,1,variant_audit_2026-07-22,2026-07-22
41420649398347,,7349812101195,,G4 Tequila Blanco,750ML,g4-tequila-blanco,ACTIVE,,7503018079004,2025-04-25 21:27:59,,,,,,,1,variant_audit_2026-07-22,2026-07-22
41441957052491,,7355778039883,,Admiral Nelson's Spiced Rum,1L,admiral-nelsons-spiced-rum,ACTIVE,,096749086283,2025-05-05 02:23:32,,,,,,,1,variant_audit_2026-07-22,2026-07-22
41442013216843,,7355815624779,,Oyster Bay Sauvignon Blanc,750ML,oyster-bay-sauvignon-blanc,ACTIVE,,870661008024,2025-05-05 03:04:22,,,,,,,1,variant_audit_2026-07-22,2026-07-22
41442028945483,,7355824537675,,Found North Batch 012 - 16 Year Cask Strength Whisky,750ML,found-north-batch-16-years,ACTIVE,,732388262076,2025-05-05 03:14:09,,,,,,,1,variant_audit_2026-07-22,2026-07-22
41442046050379,,7355834499147,,Seelbach’s Private Reserve 10-Year Batch,750ML,seelbach-s-private-reserve-10-year-batch,ACTIVE,,860011825562,2025-05-05 03:23:48,,,,,,,1,variant_audit_2026-07-22,2026-07-22
41442050506827,,7355837218891,,Dark Arts French Oak Stave Finished Small Batch Bourbon,750ML,dark-arts-french-oak-stave-finished-small-batch-bourbon,ACTIVE,,850054780010,2025-05-05 03:26:21,,,,,,,1,variant_audit_2026-07-22,2026-07-22
41446027362379,,7356951920715,,Wyatt Earp 13 Year Hazmat Edition Bourbon,750ML,wyatt-earp-13-year-hazmat-edition-bourbon,ACTIVE,,783495556039,2025-05-06 18:26:09,,,,,,,1,variant_audit_2026-07-22,2026-07-22
41453074153547,,7360135331915,,1792 Bottled In Bond Bourbon,750ML,1792-bottled-in-bond-bourbon,ACTIVE,,088004027971,2025-05-09 15:57:30,,,,,,,1,variant_audit_2026-07-22,2026-07-22
41458960498763,,7362192277579,,Bonanza Cabernet Sauvignon,750ML,bonanza-cabernet-sauvignon,ACTIVE,,017224710202,2025-05-12 16:13:03,,,,,,,1,variant_audit_2026-07-22,2026-07-22
41458962268235,,7362193031243,,La Crema Pinot Noir Monterey,750ML,la-crema-pinot-noir-monterey,ACTIVE,,049331010968,2025-05-12 16:16:33,,,,,,,1,variant_audit_2026-07-22,2026-07-22
41458966397003,,7362194866251,,Maker's Mark Wood Finishing Series The Keepers Release Bourbon,750ML,makers-mark-wood-finishing-series-the-keepers-release-bourbon,ACTIVE,,085246502785,2025-05-12 16:25:49,,,,,,,1,variant_audit_2026-07-22,2026-07-22
41461704228939,,7263129206859,,Bushmills Original Irish Whisky,50ML,bushmills-original-irish-whiskey,ACTIVE,,811538016193,2025-05-13 16:51:09,,,,,,,1,variant_audit_2026-07-22,2026-07-22
41462550462539,gid://shopify/ProductVariant/41462550462539,7262191681611,,Whispering Angel Rose,375ML,chateau-desclans-cotes-de-provence-whispering-angel-rose,ACTIVE,,081753833725,2025-05-13 20:16:26,12.99,7.49,,,Empire Merchants North,Rosé Wine,1,variant_audit_2026-07-22,2026-08-07_top50_refresh
41464785240139,,7364036100171,,Maddalena Rose Paso Robles,750ML,maddalena-rose-paso-robles,ACTIVE,,087872135504,2025-05-14 15:23:23,,,,,,,1,variant_audit_2026-07-22,2026-07-22
41477304057931,,7282506891339,,Cointreau Orange Liqueur,375ML,cointreau-orange-liqueur,ACTIVE,,087236565206,2025-05-19 00:14:28,,,,,,,1,variant_audit_2026-07-22,2026-07-22
41477315723339,,7368328839243,,Josh Cellars Rose,750ML,josh-cellars-rose,ACTIVE,,031259001043,2025-05-19 00:23:38,,,,,,,1,variant_audit_2026-07-22,2026-07-22
41477315887179,,7368328904779,,Chateau Miraval Rose,750ML,chateau-miraval-cotes-de-provence-rose,ACTIVE,,089419235111,2025-05-19 00:28:23,,,,,,,1,variant_audit_2026-07-22,2026-07-22
41477330108491,,7368335720523,,Myers's Dark Rum,1L,myerss-dark-rum,ACTIVE,,088004036218,2025-05-19 01:19:29,,,,,,,1,variant_audit_2026-07-22,2026-07-22
41477332205643,,7368336015435,,Biale Royal Punishers Petite Sirah,750ML,biale-royal-punishers-petite-sirah,ACTIVE,,,2025-05-19 01:22:21,,,,,,,1,variant_audit_2026-07-22,2026-07-22
41477343805515,,7368340242507,,Dailys Pouches Margarita,10Oz,dailys-pouches-margarita,ACTIVE,,,2025-05-19 01:41:49,,,,,,,1,variant_audit_2026-07-22,2026-07-22
41477345345611,,7368340439115,,Dailys Pouches Strawberry,10Oz,dailys-pouches-strawberry,ACTIVE,,074806184202,2025-05-19 01:43:36,,,,,,,1,variant_audit_2026-07-22,2026-07-22
41477350948939,,7368341258315,,Dailys Pouches Pina Colada,10Oz,dailys-pouches-pina-colada,ACTIVE,,074806184400,2025-05-19 01:44:21,,,,,,,1,variant_audit_2026-07-22,2026-07-22
41477351866443,,7368341454923,,Dailys Pouches Blackberry Smash,10Oz,dailys-pouches-blackberry-smash,ACTIVE,,074806918975,2025-05-19 01:46:17,,,,,,,1,variant_audit_2026-07-22,2026-07-22
41477352095819,,7368341520459,,Dailys Pouches Bahama Mama,10Oz,dailys-pouches-bahama-mama,ACTIVE,,074806186398,2025-05-19 01:46:55,,,,,,,1,variant_audit_2026-07-22,2026-07-22
41477352685643,,7368341651531,,Dailys Pouches Peach on the Beach,10Oz,dailys-pouches-peach-on-the-beach,ACTIVE,,074806188309,2025-05-19 01:48:07,,,,,,,1,variant_audit_2026-07-22,2026-07-22
41477355044939,,7368342896715,,Dailys Island Runner,10Oz,dailys-island-runner,ACTIVE,,074806918722,2025-05-19 01:51:42,,,,,,,1,variant_audit_2026-07-22,2026-07-22
41477355470923,,7368343322699,,Dailys Mango Margherita,10Oz,dailys-mango-margherita,ACTIVE,,074806189504,2025-05-19 01:52:54,,,,,,,1,variant_audit_2026-07-22,2026-07-22
41490350112843,,7372246057035,,IL Prosecco,750ML,il-prosecco,ACTIVE,,727760500594,2025-05-26 16:15:38,,,,,,,1,variant_audit_2026-07-22,2026-07-22
41490606981195,,7372266864715,,Jefferson's Straight Rye,750ML,jeffersons-rye-whiskey,ACTIVE,,814794011957,2025-05-26 17:48:00,,,,,,,1,variant_audit_2026-07-22,2026-07-22
41497774456907,,7374519435339,,Four Roses Single Barrel OESO,750ML,four-roses-single-barrel-oeso,ACTIVE,,860007585357,2025-05-28 22:28:47,,,,,,,1,variant_audit_2026-07-22,2026-07-22
41519432794187,,7379604308043,,Borgo Dei Mori Pinot Grigio,750ML,borgo-dei-mori-pinot-grigio,ACTIVE,,8005286026104,2025-06-06 19:45:33,,,,,,,1,variant_audit_2026-07-22,2026-07-22
41519620358219,,7379638222923,,G4 Tequila Reposado,750ML,g4-reposado,ACTIVE,,7503018079059,2025-06-06 21:20:07,,,,,,,1,variant_audit_2026-07-22,2026-07-22
41524948205643,,7381077950539,,Coppola Shimmer Sauvignon Blanc Pinot Grigio,750ML,coppola-shimmer-sauvignon-blanc-pinot-grigio,ACTIVE,,082242018340,2025-06-10 17:57:43,,,,,,,1,variant_audit_2026-07-22,2026-07-22
41524953677899,,7381079621707,,Hartman's Seltzer Loganberry 4 Pack,12oz,hartmans-seltzer-loganberry,ACTIVE,,796029492857,2025-06-10 18:05:05,,,,,,,1,variant_audit_2026-07-22,2026-07-22
41524958920779,,7381083848779,,Overwinter Coffee Liqueur,750ML,hartmans-overwinter-coffee-liqueur,ACTIVE,,796029502624,2025-06-10 18:10:06,,,,,,,1,variant_audit_2026-07-22,2026-07-22
41524964720715,,7381088141387,,Hartman's Taste of Country,750ML,hartmans-taste-of-country,ACTIVE,,796029501825,2025-06-10 18:14:32,,,,,,,1,variant_audit_2026-07-22,2026-07-22
41524970389579,,7381092073547,,Remus Babe Ruth Reserve Bourbon,750ML,remus-babe-ruth-reserve-straight-bourbon-whiskey,ACTIVE,,088352142456,2025-06-10 18:18:19,,,,,,,1,variant_audit_2026-07-22,2026-07-22
41525160214603,,7381129920587,,Spritz Del Conte Vermouth,750ML,spritz-del-conte-vermouth,ACTIVE,,087872628495,2025-06-10 19:03:00,,,,,,,1,variant_audit_2026-07-22,2026-07-22
41527692427339,,7382095396939,,Maker's Mark 46 French Oak Cask Strength,750ML,makers-mark-46-french-oak-cask-strength,ACTIVE,,085246501535,2025-06-11 20:31:23,,,,,,,1,variant_audit_2026-07-22,2026-07-22
41535626182731,,7385342476363,,1792 Sweet Wheat Bourbon,750ML,1792-sweet-wheat-bourbon,ACTIVE,94132,5667676767,2025-06-16 17:47:25,,,,,,,1,variant_audit_2026-07-22,2026-07-22
41535628410955,,7385342705739,,Basil Hayden 10 Year Bourbon,750ML,basil-hayden-10-year-bourbon,ACTIVE,,080686012207,2025-06-16 17:50:50,,,,,,,1,variant_audit_2026-07-22,2026-07-22
41536013140043,,7385391169611,,Barefoot White Zinfandel,1.5L,barefoot-cellars-white-zinfandel,ACTIVE,,018341151060,2025-06-16 22:34:15,,,,,,,1,variant_audit_2026-07-22,2026-07-22
41536096927819,,7385402769483,,Buzzballz Chillers Espresso Martini,200ML,buzzballz-chillers-espresso-martini,ACTIVE,,857674007923,2025-06-16 23:32:31,,,,,,,1,variant_audit_2026-07-22,2026-07-22
41536105316427,,7385403686987,,Buzzballz Chillers Berry Cherry Limeade,200ML,buzzballz-chillers-berry-cherry-limeade,ACTIVE,,850042638743,2025-06-16 23:35:47,,,,,,,1,variant_audit_2026-07-22,2026-07-22
41536119570507,,7385404768331,,Buzzballz Grapes Gone Wild,200ML,buzzballz-chili-mango-cocktail,ACTIVE,,855200005368,2025-06-16 23:39:53,,,,,,,1,variant_audit_2026-07-22,2026-07-22
41537496481867,,7385551339595,,Anza Silver Tequila,50ML,anza-silver-tequila,ACTIVE,,088004039134,2025-06-17 14:24:50,,,,,,,1,variant_audit_2026-07-22,2026-07-22
41537890025547,,7385596100683,,Hartman's OnCore,750ML,hartmans-oncore,ACTIVE,,796029500149,2025-06-17 18:31:49,,,,,,,1,variant_audit_2026-07-22,2026-07-22
41537902706763,,7385393823819,,Barefoot Merlot,187ML,barefoot-merlot,ACTIVE,,085000045466,2025-06-17 18:34:01,,,,,,,1,variant_audit_2026-07-22,2026-07-22
41547643977803,,7388351987787,,Old Fitzgerald  7 Year Bottled In Bond,700ML,old-fitzgerald-bottled-in-bond-9-year,ACTIVE,,096749005796,2025-06-23 00:51:11,,,,,,,1,variant_audit_2026-07-22,2026-07-22
41547727732811,,7282506793035,,Campari Aperitivo,375ML,campari-aperitivo,ACTIVE,,088734100708,2025-06-23 00:54:29,,,,,,,1,variant_audit_2026-07-22,2026-07-22
41549980237899,,7388865036363,,Chi-Chi's Strawberry Margarita,1.75L,chi-chis-strawberry-margarita,ACTIVE,,089000019182,2025-06-24 02:01:39,,,,,,,1,variant_audit_2026-07-22,2026-07-22
41565189275723,,7392790085707,,Cabo Wabo Blanco Tequila,750ML,cabo-wabo-blanco-tequila,ACTIVE,,720815910737,2025-06-29 21:40:24,,,,,,,1,variant_audit_2026-07-22,2026-07-22
41565192028235,,7392790446155,,Corazon Blanco Tequila,750ML,corazon-blanco-tequila,ACTIVE,,083089003971,2025-06-29 21:43:31,,,,,,,1,variant_audit_2026-07-22,2026-07-22
41602235203659,,7402043637835,,Soon Hari Lychee Soju,375ML,soon-hari-lychee-soju,ACTIVE,,850052711733,2025-07-14 20:38:24,,,,,,,1,variant_audit_2026-07-22,2026-07-22
41602236022859,,7402043768907,,Soon Hari Plum Soju,375ML,soon-hari-plum-soju,ACTIVE,,850052711771,2025-07-14 20:39:41,,,,,,,1,variant_audit_2026-07-22,2026-07-22
41602237628491,,7402044031051,,Soon Hari Citron Soju,375ML,soonhari-citron-soju,ACTIVE,,850052711269,2025-07-14 20:41:20,,,,,,,1,variant_audit_2026-07-22,2026-07-22
41602244870219,,7402046718027,,Beatbox Fresh Watermelon,500ML,beatbox-fresh-watermelon,ACTIVE,,851133006175,2025-07-14 21:19:58,,,,,,,1,variant_audit_2026-07-22,2026-07-22
41611174772811,,7403476713547,,Good Boy Iced Tea Variety,8pk-12oz cans,good-boy-iced-tea-variety-8-pack,ACTIVE,,850041804163,2025-07-17 16:34:47,,,,,,,1,variant_audit_2026-07-22,2026-07-22
41623344119883,,7406109327435,,Mijenta Blanco Tequila,750ML,mijenta-blanco-tequila,ACTIVE,,850015899003,2025-07-21 19:32:19,,,,,,,1,variant_audit_2026-07-22,2026-07-22
41623345463371,,7406109917259,,Mijenta Reposado Tequila,750ML,mijenta-reposado-tequila,ACTIVE,,850015899010,2025-07-21 19:33:29,,,,,,,1,variant_audit_2026-07-22,2026-07-22
41625420136523,,7406526660683,,Bomberger's Declaration Kentucky Straight Bourbon,750ML,bombergers-declaration-kentucky-straight-bourbon,ACTIVE,,,2025-07-22 16:21:13,,,,,,,1,variant_audit_2026-07-22,2026-07-22
41625446449227,,7406530691147,,Michter's Single Barrel 10 Year Rye Whiskey,750ML,michters-single-barrel-10-year-rye-whiskey,ACTIVE,,,2025-07-22 16:29:59,,,,,,,1,variant_audit_2026-07-22,2026-07-22
41642099179595,,7410011635787,,Everclear Grain Alcohol,1L,everclear-grain-alcohol,ACTIVE,,088352100029,2025-07-29 16:07:16,,,,,,,1,variant_audit_2026-07-22,2026-07-22
41642139385931,,7292193570891,,Deep Eddy Pineapple,1L,deep-eddy-pinapple,ACTIVE,,096749006076,2025-07-29 17:07:47,,,,,,,1,variant_audit_2026-07-22,2026-07-22
41643899387979,,7410309169227,,Old Grand Dad 7Yr Bottle in Bond Bourbon,750ML,old-grand-dad-7yr-bottle-in-bond-bourbon,ACTIVE,,080686011620,2025-07-30 14:55:36,,,,,,,1,variant_audit_2026-07-22,2026-07-22
41656481611851,,7413123547211,,Jack Daniels Tennessee Blackberry,750ML,jack-daniels-tennessee-blackberry,ACTIVE,,082184008737,2025-08-04 19:58:06,,,,,,,1,variant_audit_2026-07-22,2026-07-22
41669289377867,,7415856169035,,Dark Arts The Empyrean #1,750ML,dark-arts-the-empyrean-1,ACTIVE,,850054780546,2025-08-07 18:57:50,,,,,,,1,variant_audit_2026-07-22,2026-07-22
41669299863627,,7415862526027,,Wild Common Reposado Tequila,750ML,wild-common-reposado-tequila,ACTIVE,,860003683682,2025-08-07 19:01:08,,,,,,,1,variant_audit_2026-07-22,2026-07-22
41669311037515,,7415872421963,,Star Hill Farm 2025 American Wheat Whiskey,750ML,star-hill-farm-2025-american-wheat-whiskey,ACTIVE,,,2025-08-07 19:07:16,,,,,,,1,variant_audit_2026-07-22,2026-07-22
41677191675979,,7417705922635,,Real Sangria,1.5L,real-sangria,ACTIVE,,088320341010,2025-08-11 14:51:08,,,,,,,1,variant_audit_2026-07-22,2026-07-22
41679360852043,,7418866270283,,le petit velo sauvignon blanc,750ML,le-petit-velo-sauvignon-blanc,ACTIVE,,3760000620215,2025-08-12 16:59:54,,,,,,,1,variant_audit_2026-07-22,2026-07-22
41679364653131,,7418867318859,,Barker Espresso Martini,700ML,barker-espresso-martini,ACTIVE,,860010751374,2025-08-12 17:10:54,,,,,,,1,variant_audit_2026-07-22,2026-07-22
41687544856651,,7420889399371,,Johnson Estate Concord,3L,johnson-estate-concord,ACTIVE,,036138002333,2025-08-15 00:01:52,,,,,,,1,variant_audit_2026-07-22,2026-07-22
41687548035147,,7420889563211,,Johnson Estate Niagara,3L,johnson-estate-niagara,ACTIVE,,036138002432,2025-08-15 00:03:59,,,,,,,1,variant_audit_2026-07-22,2026-07-22
41687548952651,,7420889628747,,Johnson Estate House Red,3L,johnson-estate-house-red,ACTIVE,,036138002234,2025-08-15 00:04:37,,,,,,,1,variant_audit_2026-07-22,2026-07-22
41687552589899,,7420889890891,,Johnson Estate Maréchal Foch,750ML,johnson-estate-marechal-foch,ACTIVE,,036138992078,2025-08-15 00:06:35,,,,,,,1,variant_audit_2026-07-22,2026-07-22
41687575035979,,7420891660363,,Johnson Estate Still Chardonnay,750ML,johnson-estate,ACTIVE,,036138005228,2025-08-15 00:19:28,,,,,,,1,variant_audit_2026-07-22,2026-07-22
41692796584011,,7421789372491,,Johnnie Walker Blue Label,750ML,johnnie-walker-blue-label,ACTIVE,,088076186033,2025-08-17 23:28:24,,,,,,,1,variant_audit_2026-07-22,2026-07-22
41692810117195,,7421791469643,,Surfside Vodka Lemonade,4pk-12oz Cans,surfside-vodka-lemonade,ACTIVE,,850025605526,2025-08-17 23:55:17,,,,,,,1,variant_audit_2026-07-22,2026-07-22
41698084257867,,7422525898827,,Big Sipz Warheads Wild Watermelon,200ML,big-sipz-warheads-wild-watermelon,ACTIVE,,850066929230,2025-08-19 18:41:49,,,,,,,1,variant_audit_2026-07-22,2026-07-22
41698084454475,,7422525931595,,Big Sipz Warheads Sour Apple,200ML,big-sipz-warheads-sour-apple,ACTIVE,,850066929223,2025-08-19 18:42:49,,,,,,,1,variant_audit_2026-07-22,2026-07-22
41698085306443,,7422526160971,,Two Chicks Vodka Variety,8pk-12oz Cans,two-chicks-vodka-variety,ACTIVE,,850003574233,2025-08-19 18:44:28,,,,,,,1,variant_audit_2026-07-22,2026-07-22
41700583964747,,7422948573259,,Hartman's Lemonade Loganberry,4pk-12oz Cans,hartmans-lemonade-loganberry,ACTIVE,,796029500316,2025-08-20 18:12:23,,,,,,,1,variant_audit_2026-07-22,2026-07-22
41700590911563,,7422949261387,,Hartman's Lemonade Strawberry,4pk-12oz Cans,hartmans-lemonade-strawberry,ACTIVE,,796029500323,2025-08-20 18:13:58,,,,,,,1,variant_audit_2026-07-22,2026-07-22
41702719520843,,7423287623755,,Dutch Barn Orchard Vodka,700ML,dutch-barn-orchard-vodka,ACTIVE,,5065008887003,2025-08-21 16:13:49,,,,,,,1,variant_audit_2026-07-22,2026-07-22
41702726434891,,7423293521995,,Lylo Sauvignon Blanc,750ML,lylo-sauvignon-blanc,ACTIVE,,085385000562,2025-08-21 16:23:32,,,,,,,1,variant_audit_2026-07-22,2026-07-22
41709514096715,,7424897810507,,Absolut Ocean Spray Variety,8pk-12oz Cans,absolut-ocean-spray-variety,ACTIVE,2172,080432001257,2025-08-25 15:17:40,,,,,,,1,variant_audit_2026-07-22,2026-07-22
41709516357707,,7424899317835,,Absolut Ocean Spray Vodka Cranberry,4pk-12oz Cans,absolut-ocean-spray-vodka-cranberry,ACTIVE,,080432001158,2025-08-25 15:20:25,,,,,,,1,variant_audit_2026-07-22,2026-07-22
41709589987403,,7424926875723,,Andre Peach Bellini,750ML,andre-peach-bellini,ACTIVE,,085000034323,2025-08-25 16:47:53,,,,,,,1,variant_audit_2026-07-22,2026-07-22
41709592772683,,7424926974027,,Andre Strawberry Mimosa,750ML,andre-strawberry-mimosa,ACTIVE,,085000036990,2025-08-25 16:48:50,,,,,,,1,variant_audit_2026-07-22,2026-07-22
41709598867531,,7424927662155,,Andre Pineapple Mimosa,750ML,andre-strawberry-mimosa-1,ACTIVE,98751,085000034330,2025-08-25 16:51:16,,,,,,,1,variant_audit_2026-07-22,2026-07-22
41711574024267,,7425569554507,,Good Boy Vodka Lemonade Variety Pack,8pk-12oz Cans,good-boy-vodka-lemonade-variety-pack,ACTIVE,,850041804309,2025-08-26 21:59:38,,,,,,,1,variant_audit_2026-07-22,2026-07-22
41711575138379,,7425569882187,,Brightside Vibes Crush Tailgate Variety Pack,8pk-12oz Cans,brightside-vibes-crush-tailgate-variety-pack,ACTIVE,,732388275489,2025-08-26 22:05:59,,,,,,,1,variant_audit_2026-07-22,2026-07-22
41711665545291,,7425612415051,,The Seeker Pinot Noir,750ML,the-seeker-pinot-noir,ACTIVE,,084692461844,2025-08-27 00:10:14,,,,,,,1,variant_audit_2026-07-22,2026-07-22
41711672262731,,7425612775499,,Dirty Monkey Peanut Butter Banana Whiskey,750ML,dirty-monkey-peanut-butter-banana-whiskey,ACTIVE,,850008153365,2025-08-27 00:14:17,,,,,,,1,variant_audit_2026-07-22,2026-07-22
41712794959947,,7426098757707,,Hartman's Iced Tea Peach,4pk-12oz Cans,hartmans-iced-tea-peach,ACTIVE,,796029500330,2025-08-27 15:53:47,,,,,,,1,variant_audit_2026-07-22,2026-07-22
41712796008523,,7426098987083,,Hartman's Non-Carbonated Variety,8pk-12oz Cans,hartmans-non-carbonated-variety,ACTIVE,,796029500422,2025-08-27 15:55:32,,,,,,,1,variant_audit_2026-07-22,2026-07-22
41716807434315,,7421791371339,,Surfside Vodka Raspberry Tea,4pk-12oz Cans,surfside-vodka-raspberry-tea,ACTIVE,,850050071273,2025-08-30 15:34:49,,,,,,,1,variant_audit_2026-07-22,2026-07-22
41716807467083,,7421791338571,,Surfside Vodka Peach Tea,4pk-12oz Cans,surfside-vodka-peach-tea,ACTIVE,,850025605502,2025-08-30 15:34:50,,,,,,,1,variant_audit_2026-07-22,2026-07-22
41716807565387,,7421791207499,,Surfside Vodka Iced Tea,4pk-12oz Cans,surfside-vodka-iced-tea,ACTIVE,,850025605212,2025-08-30 15:34:51,,,,,,,1,variant_audit_2026-07-22,2026-07-22
41716807598155,,7421791141963,,Surfside Vodka Iced Tea & Lemonade,4pk-12oz Cans,surfside-vodka-iced-tea-lemonade,ACTIVE,,850025605540,2025-08-30 15:34:52,,,,,,,1,variant_audit_2026-07-22,2026-07-22
41716807630923,,7421373874251,,Cutwater Strawberry Margarita,4pk-12oz Cans,cutwater-strawberry-margarita,ACTIVE,,816751022457,2025-08-30 15:34:54,,,,,,,1,variant_audit_2026-07-22,2026-07-22
41716807663691,,7406104150091,,The Long Drink Cranberry,6pk-12oz Cans,the-long-drink-cranberry,ACTIVE,,860272001484,2025-08-30 15:34:56,,,,,,,1,variant_audit_2026-07-22,2026-07-22
41716807696459,,7406102446155,,The Long Drink Traditional,6pk-12oz Cans,the-long-drink-traditional,ACTIVE,,860272001446,2025-08-30 15:34:57,,,,,,,1,variant_audit_2026-07-22,2026-07-22
41716807729227,,7406101233739,,The Long Drink Variety Pack,8pk-12oz Cans,th-long-drink-variety-pack,ACTIVE,,860007994166,2025-08-30 15:34:58,,,,,,,1,variant_audit_2026-07-22,2026-07-22
41716807761995,,7405688946763,,'-196 Green Tea Zero Sugar Variety Pack,8pk-12oz Cans,196-vodka-seltzer-variety-pack,ACTIVE,,,2025-08-30 15:34:59,,,,,,,1,variant_audit_2026-07-22,2026-07-22
41716807794763,,7403479302219,,Good Boy Blackberry Iced Tea and Lemonade,4pk-12oz Cans,good-boy-blackberry-iced-tea-and-lemonade,ACTIVE,,850041804262,2025-08-30 15:35:01,,,,,,,1,variant_audit_2026-07-22,2026-07-22
41716807827531,,7395020537931,,Hartman's Seltzer Cucumber Mint 4 Pack,4pk-12oz Cans,hartmans-seltzer-cucumber-lime-4-pack,ACTIVE,,796029493557,2025-08-30 15:35:03,,,,,,,1,variant_audit_2026-07-22,2026-07-22
41716807860299,,7385401851979,,On The Rocks Sparkling Cucumber & Lemongrass Mule 4 Pack,4pk-12oz Cans,on-the-rocks-sparkling-cucumber-lemongrass-mule,ACTIVE,,080686009481,2025-08-30 15:35:07,,,,,,,1,variant_audit_2026-07-22,2026-07-22
41716807893067,,7385401491531,,On The Rocks Mango Mint Mojito 4 Pack,4pk-12oz Cans,on-the-rocks-mango-mint-mojito,ACTIVE,,080686009474,2025-08-30 15:35:08,,,,,,,1,variant_audit_2026-07-22,2026-07-22
41716808810571,,7385400410187,,On The Rocks Tropical Cocktail Collection Variety Pack,8pk-12oz Cans,on-the-rocks-sparkling-lime-margarita-4-pack,ACTIVE,,080686009498,2025-08-30 15:35:09,,,,,,,1,variant_audit_2026-07-22,2026-07-22
41716809072715,gid://shopify/ProductVariant/41716809072715,7362185396299,,Surfside Green Tea & Vodka Variety,8pk-12oz Cans,surfside-green-tea-vodka-variety,ACTIVE,,810171360144,2025-08-30 15:35:22,19.99,15.33,,,Wright Distribution,Ready to Drink,1,variant_audit_2026-07-22,2026-08-07_top50_refresh
41716809105483,,7359331270731,,Cutwater Tequila Grapefruit Paloma,4pk-12oz Cans,cutwater-tequila-grapefruit-paloma,ACTIVE,,816751021207,2025-08-30 15:35:23,,,,,,,1,variant_audit_2026-07-22,2026-07-22
41716809203787,gid://shopify/ProductVariant/41716809203787,7358777327691,,High Noon Beach Variety,12pk-12oz Cans,high-noon-beach-varity-12-pack,ACTIVE,,085000040065,2025-08-30 15:35:26,29.99,23.0,,,Empire Merchants North,Ready to Drink,1,variant_audit_2026-07-22,2026-08-07_top50_refresh
41716809236555,,7352330780747,,Lucky One Vodka Lemonade 8 Pack,8pk-12oz Cans,lucky-one-vodka-lemonade-8-pack,ACTIVE,,085000040768,2025-08-30 15:35:27,,,,,,,1,variant_audit_2026-07-22,2026-07-22
41716809269323,,7339193335883,,High Noon Kiwi,4pk-12oz Cans,high-noon-hard-seltzer-kiwi,ACTIVE,,085000434246,2025-08-30 15:35:28,,,,,,,1,variant_audit_2026-07-22,2026-07-22
41716809302091,,7306998906955,,Cutwater Lemon Drop Martini,4pk-12oz Cans,cutwater-lemon-drop,ACTIVE,,816751023799,2025-08-30 15:35:29,,,,,,,1,variant_audit_2026-07-22,2026-07-22
41716809465931,,7292197404747,,High Noon Cranberry,4pk-12oz Cans,high-noon-hard-seltzer-cranberry,ACTIVE,,085000434758,2025-08-30 15:35:30,,,,,,,1,variant_audit_2026-07-22,2026-07-22
41716809498699,,7292195504203,,High Noon Pear,4pk-12oz Cans,high-noon-hard-seltzer-pear,ACTIVE,,085000434765,2025-08-30 15:35:31,,,,,,,1,variant_audit_2026-07-22,2026-07-22
41716809597003,,7265228718155,,High Noon Watermelon,4pk-12oz Cans,high-noon-hard-seltzer-watermelon,ACTIVE,,085000429259,2025-08-30 15:35:38,,,,,,,1,variant_audit_2026-07-22,2026-07-22
41716809695307,,7263258476619,,Two Chicks Elderflower & Pear Vodka,4pk-12oz Cans,two-chicks-cocktails-sparkling-vodka-fizz,ACTIVE,3003434,850003574066,2025-08-30 15:35:39,,,,,,,1,variant_audit_2026-07-22,2026-07-22
41716809728075,,7263258443851,,Two Chicks Lemon & Lime Tequila,4pk-12oz Cans,two-chicks-cocktails-sparkling-citrus-margarita,ACTIVE,3003441,850003574042,2025-08-30 15:35:41,,,,,,,1,variant_audit_2026-07-22,2026-07-22
41716809793611,,7263257985099,,Southern Tier Cherry Vodka Spritz,4pk-12oz Cans,southern-tier-distilling-cherry-vodka-spritz,ACTIVE,3012496,816014021371,2025-08-30 15:35:43,,,,,,,1,variant_audit_2026-07-22,2026-07-22
41716809826379,,7263257919563,,Southern Tier Bourbon Smash,4pk-12oz Cans,southern-tier-bourbon-smash,ACTIVE,3003426,816014020787,2025-08-30 15:35:44,,,,,,,1,variant_audit_2026-07-22,2026-07-22
41716809891915,,7263256477771,,Jack Daniel's Old No. 7 Tennessee Whiskey & Ginger,4pk-12oz Cans,jack-daniels-old-no-7-tennessee-whiskey-ginger,ACTIVE,,082184207215,2025-08-30 15:35:47,,,,,,,1,variant_audit_2026-07-22,2026-07-22
41716809924683,,7263256379467,,Jack Daniel's Coca Cola Canned Cocktail,4pk-12oz Cans,jack-daniels-coca-cola-canned-cocktail,ACTIVE,3012409,082184206874,2025-08-30 15:35:48,,,,,,,1,variant_audit_2026-07-22,2026-07-22
41716809957451,,7263256313931,,Jack Daniel's & Coca-Cola Zero Sugar Canned Cocktail,4pk-12oz Cans,jack-daniels-coca-cola-zero-sugar-canned-cocktail,ACTIVE,3012408,082184206881,2025-08-30 15:35:49,,,,,,,1,variant_audit_2026-07-22,2026-07-22
41716810448971,,7263130943563,,Deep Eddy Vodka + Tea Variety Pack,6pk-12oz Cans,deep-eddy-vodka-tea-variety-pack,ACTIVE,,096749004560,2025-08-30 15:35:53,,,,,,,1,variant_audit_2026-07-22,2026-07-22
41716810481739,,7263017664587,,High Noon Vodka Seltzer Variety 8 Pack,8pk-12oz Cans,high-noon-hard-seltzer-variety-pack-8pk,ACTIVE,,085000031513,2025-08-30 15:35:54,,,,,,,1,variant_audit_2026-07-22,2026-07-22
41716810514507,,7263014551627,,High Noon Iced Tea Variety 8 PK,8pk-12oz Cans,high-noon-vodka-iced-tea-variety-pack,ACTIVE,3015250,085000038963,2025-08-30 15:35:55,,,,,,,1,variant_audit_2026-07-22,2026-07-22
41716810580043,gid://shopify/ProductVariant/41716810580043,7263014420555,,High Noon Variety,12pk-12oz Cans,high-noon-hard-seltzer-variety-pack,ACTIVE,3004690,085000029862,2025-08-30 15:35:58,29.99,23.0,,,Empire Merchants North,Ready to Drink,1,variant_audit_2026-07-22,2026-08-07_top50_refresh
41716810612811,,7263014387787,,High Noon Tropical Variety Pack,8pk-12oz Cans,high-noon-hard-seltzer-tropical-variety-pack,ACTIVE,3007473,085000032558,2025-08-30 15:35:59,,,,,,,1,variant_audit_2026-07-22,2026-07-22
41716810842187,,7263014355019,,High Noon Pineapple,4pk-12oz Cans,high-noon-hard-seltzer-pineapple,ACTIVE,3002911,085000429266,2025-08-30 15:36:00,,,,,,,1,variant_audit_2026-07-22,2026-07-22
41716810874955,,7263014322251,,High Noon Peach,4pk-12oz Cans,high-noon-hard-seltzer-peach,ACTIVE,3005353,085000431375,2025-08-30 15:36:02,,,,,,,1,variant_audit_2026-07-22,2026-07-22
41716810907723,,7263014289483,,High Noon Passion Fruit,4pk-12oz Cans,high-noon-hard-seltzer-passion-fruit,ACTIVE,3007472,085000432563,2025-08-30 15:36:03,,,,,,,1,variant_audit_2026-07-22,2026-07-22
41716810940491,,7263014256715,,High Noon Mango,4pk-12oz Cans,high-noon-hard-seltzer-mango,ACTIVE,3007471,085000432327,2025-08-30 15:36:04,,,,,,,1,variant_audit_2026-07-22,2026-07-22
41716812939339,,7263014223947,,High Noon Lime,4pk-12oz Cans,high-noon-hard-seltzer-lime,ACTIVE,3005352,085000430958,2025-08-30 15:36:05,,,,,,,1,variant_audit_2026-07-22,2026-07-22
41716812972107,,7263014191179,,High Noon Lemon,4pk-12oz Cans,high-noon-hard-seltzer-lemon,ACTIVE,3010387,085000434260,2025-08-30 15:36:07,,,,,,,1,variant_audit_2026-07-22,2026-07-22
41716813004875,,7263014125643,,High Noon Grapefruit,4pk-12oz Cans,high-noon-hard-seltzer-grapefruit,ACTIVE,3002910,085000426272,2025-08-30 15:36:08,,,,,,,1,variant_audit_2026-07-22,2026-07-22
41716813037643,,7263014092875,,High Noon Black Cherry,4pk-12oz Cans,high-noon-hard-seltzer-black-cherry,ACTIVE,3002909,085000429273,2025-08-30 15:36:09,,,,,,,1,variant_audit_2026-07-22,2026-07-22
41716813103179,,7263013732427,,Fishers Island Lemonade 8 Pack,8pk-12oz Cans,fishers-island-lemonade-combo-pack-original-blueberry-wave-nude-peach,ACTIVE,3012839,850039424410,2025-08-30 15:36:11,,,,,,,1,variant_audit_2026-07-22,2026-07-22
41716813135947,,7263001182283,,loyal nine cocktails margarita,4pk-12oz Cans,loyal-9-watermelon-lemonade,ACTIVE,,082000799955,2025-08-30 15:36:12,,,,,,,1,variant_audit_2026-07-22,2026-07-22
41716813168715,,7263001149515,,Loyal 9 Mixed Berry Lemonade,4pk-12oz Cans,loyal-9-mixed-berry-lemonade,ACTIVE,,082000799917,2025-08-30 15:36:13,,,,,,,1,variant_audit_2026-07-22,2026-07-22
41716813201483,,7263001116747,,Loyal 9 Cocktails Lemonade + Iced Tea,4pk-12oz Cans,loyal-9-cocktails-lemonade-iced-tea,ACTIVE,,082000799931,2025-08-30 15:36:14,,,,,,,1,variant_audit_2026-07-22,2026-07-22
41716813234251,,7263001083979,,Loyal 9 Cocktails Classic Lemonade,4pk-12oz Cans,loyal-9-cocktails-classic-lemonade,ACTIVE,,082000799894,2025-08-30 15:36:15,,,,,,,1,variant_audit_2026-07-22,2026-07-22
41716813332555,,7262861983819,,Minute Maid Spiked Strawberry Daiquiri,4pk-200ML Cans,minute-maid-spiked-strawberry-daiquiri-flavored-wine-cocktail,ACTIVE,,810078781646,2025-08-30 15:36:24,,,,,,,1,variant_audit_2026-07-22,2026-07-22
41716813365323,,7262861951051,,Minute Maid Spiked Pina Colada,4pk-200ML Cans,minute-maid-spiked-pina-colada-flavored-wine-cocktail,ACTIVE,,810078781615,2025-08-30 15:36:25,,,,,,,1,variant_audit_2026-07-22,2026-07-22
41716813463627,,7262860476491,,DIO Grapefruit Basil Paloma,4pk-200ML Cans,dio-grapefruit-basil-paloma,ACTIVE,,850025655255,2025-08-30 15:36:28,,,,,,,1,variant_audit_2026-07-22,2026-07-22
41716813496395,,7262202593355,,Togronis Negroni,4plk-100ML Cans,togronis-negroni,ACTIVE,125100,860007346316,2025-08-30 15:36:29,,,,,,,1,variant_audit_2026-07-22,2026-07-22
41716813529163,,7262202560587,,Sunny D Vodka Seltzer,4pk-12oz Cans,sunny-d-vodka-seltzer,ACTIVE,400000,050200003295,2025-08-30 15:36:30,,,,,,,1,variant_audit_2026-07-22,2026-07-22
41716813561931,,7262202527819,,Sandbagger Vodka Transfusion,4pk-12oz Cans,sandbagger-vodka-transfusion,ACTIVE,,627987361780,2025-08-30 15:36:31,,,,,,,1,variant_audit_2026-07-22,2026-07-22
41716813594699,gid://shopify/ProductVariant/41716813594699,7262202462283,,Sandbagger Variety 8Pk,8pk-12oz Cans,sandbagger-variety-8pk,ACTIVE,202554,628942632594,2025-08-30 15:36:32,19.99,15.04,,,Empire Merchants North,Ready to Drink,1,variant_audit_2026-07-22,2026-08-07_top50_refresh
41716813627467,,7262202134603,,NUTRL Fruit Variety Pack,12pk-12oz Cans,nutrl-fruit-variety-pack,ACTIVE,,018200204418,2025-08-30 15:36:33,,,,,,,1,variant_audit_2026-07-22,2026-07-22
41716813660235,,7262202101835,,NUTRL Lemonade Variety 8 Pack,8pk-12oz Cans,nutrl-lemonade-variety-pack,ACTIVE,,018200203398,2025-08-30 15:36:34,,,,,,,1,variant_audit_2026-07-22,2026-07-22
41716813693003,,7262202069067,,NUTRL Cranberry Variety 8 Pack,8pk-12oz Cans,nutrl-cranberry-variety-pack,ACTIVE,,018200203381,2025-08-30 15:36:35,,,,,,,1,variant_audit_2026-07-22,2026-07-22
41716813725771,,7262201774155,,Cutwater White Russian,4pk-12oz Cans,cutwater-white-russian,ACTIVE,300003,816751022068,2025-08-30 15:36:36,,,,,,,1,variant_audit_2026-07-22,2026-07-22
41716813791307,,7262201708619,,Cutwater Vodka Mule,4pk-12oz Cans,cutwater-vodka-mule,ACTIVE,,816751020606,2025-08-30 15:36:38,,,,,,,1,variant_audit_2026-07-22,2026-07-22
41716813824075,,7262201675851,,Cutwater Red White & Blue Variety,8pk-200ML Cans,cutwater-spirits-margarita-variety-pack,ACTIVE,301993,816751023539,2025-08-30 15:36:39,,,,,,,1,variant_audit_2026-07-22,2026-07-22
41716813856843,,7262201643083,,Cutwater Lime Tequila Margarita,4pk-12oz Cans,cutwater-lime-tequila-margarita,ACTIVE,,816751021238,2025-08-30 15:36:40,,,,,,,1,variant_audit_2026-07-22,2026-07-22
41716813889611,,7262201610315,,Cutwater Bali Hai Tiki Rum Punch,4pk-12oz Cans,cutwater-bali-hai-tiki-rum-punch,ACTIVE,,816751021689,2025-08-30 15:36:41,,,,,,,1,variant_audit_2026-07-22,2026-07-22
41716813922379,,7262201577547,,Cutwater Peppermint White Russian,4pk-12oz Cans,cutwater-spirits-peppermint-white-russian,ACTIVE,302072,816751023966,2025-08-30 15:36:42,,,,,,,1,variant_audit_2026-07-22,2026-07-22
41716813955147,,7262201544779,,Cutwater Long Island Iced Tea,4pk-12oz Cans,cutwater-long-island-iced-tea,ACTIVE,300002,816751021993,2025-08-30 15:36:43,,,,,,,1,variant_audit_2026-07-22,2026-07-22
41716813987915,,7262201512011,,Cutwater Vodka Transfusion,4pk-12oz Cans,cutwater-vodka-transfusion,ACTIVE,,816751022563,2025-08-30 15:36:44,,,,,,,1,variant_audit_2026-07-22,2026-07-22
41716814020683,,7262201479243,,Cutwater Espresso Martini,4pk-12oz Cans,cutwater-spirits-espresso-martini,ACTIVE,302028,816751023737,2025-08-30 15:36:45,,,,,,,1,variant_audit_2026-07-22,2026-07-22
41716814053451,,7262201446475,,Cutwater Spicy Bloody Mary Cocktail,4pk-12oz Cans,cutwater-spicy-bloody-mary-cocktail,ACTIVE,300023,816751020477,2025-08-30 15:36:46,,,,,,,1,variant_audit_2026-07-22,2026-07-22
41716814086219,gid://shopify/ProductVariant/41716814086219,7262200102987,,Surfside Tea Variety Pack,8pk-12oz Cans,surf-variety-pack,ACTIVE,18093,850025605564,2025-08-30 15:36:48,19.99,15.33,,,Wright Distribution,Ready to Drink,1,variant_audit_2026-07-22,2026-08-07_top50_refresh
41716814118987,gid://shopify/ProductVariant/41716814118987,7262200070219,,Surfside Lemonade Variety,8pk-12oz Cans,surf-lemonade-variety,ACTIVE,18096,850050071082,2025-08-30 15:36:48,19.99,15.33,,,Wright Distribution,Ready to Drink,1,variant_audit_2026-07-22,2026-08-07_top50_refresh
41716814184523,,7262197186635,,Lake Hour Variety Pack,8pk-12oz Cans,lake-hour-variety-pack,ARCHIVED,,700512126846,2025-08-30 15:36:50,,,,,,,0,variant_audit_2026-07-22,2026-07-22
41727013814347,,7429039194187,,Belvedere Dirty Brew,750ML,belvedere-dirty-brew,ACTIVE,,081753842406,2025-09-03 17:56:01,,,,,,,1,variant_audit_2026-07-22,2026-07-22
41727062802507,,7429049221195,,19 Crimes Monsters Hard Chard,750ML,19-crimes-universal-monsters-hard-chard,ACTIVE,,012354019768,2025-09-03 18:00:46,,,,,,,1,variant_audit_2026-07-22,2026-07-22
41728761757771,,7429830279243,,Sandbagger Cransfusion,4pk-12oz Cans,sandbagger-cransfusion,ACTIVE,,628942632624,2025-09-04 19:02:37,,,,,,,1,variant_audit_2026-07-22,2026-07-22
41731918463051,,7430673563723,,Fireball Blazin Apple Whisky,50ML,fireball-blazin-apple-whisky,ACTIVE,,088004069155,2025-09-08 00:15:35,,,,,,,1,variant_audit_2026-07-22,2026-07-22
41735100891211,,7431803338827,,1000 Stories Zinfandel Bourbon Barrel Aged,750ML,1000-stories-zinfandel-bourbon-barrel-aged,ACTIVE,,082896001453,2025-09-09 17:06:30,,,,,,,1,variant_audit_2026-07-22,2026-07-22
41735105904715,,7431805206603,,1000 Stories High Alc Cabernet Sauvignon,750ML,1000-stories-high-alc-cabernet,ACTIVE,,082896004171,2025-09-09 17:09:44,,,,,,,1,variant_audit_2026-07-22,2026-07-22
41745991761995,,7434696360011,,Wild Turkey Straight Bourbon 8 Yr 101,750ML,wild-turkey-straight-bourbon-8-yr-101,ACTIVE,,721059003872,2025-09-15 20:06:55,,,,,,,1,variant_audit_2026-07-22,2026-07-22
41745998446667,,7434699472971,,Cutwater Rum Mint Mojito,4pk-12oz Cans,cutwater-rum-mint-mojito,ACTIVE,,816751021788,2025-09-15 20:17:52,,,,,,,1,variant_audit_2026-07-22,2026-07-22
41747507675211,,7435079057483,,Weller Antique 107,750ML,weller-antique-107,ACTIVE,,,2025-09-16 17:44:21,,,,,,,1,variant_audit_2026-07-22,2026-07-22
41754251657291,,7437341917259,,Southern Tier Buffalo Blue Blue Raspberry Vodka,750ML,southern-tier-buffalo-blue-blue-raspberry-vodka,ACTIVE,,816014022996,2025-09-17 17:30:25,,,,,,,1,variant_audit_2026-07-22,2026-07-22
41766653689931,,7439765766219,,On The Rocks Lemon Drop Martini,750ML,on-the-rocks-lemon-drop-martini,ACTIVE,,080686008941,2025-09-22 01:32:05,,,,,,,1,variant_audit_2026-07-22,2026-07-22
41766662209611,,7439767044171,,Crown Royal Chocolate,750ML,crown-royal-chocolate,ACTIVE,,082000811053,2025-09-22 01:45:25,,,,,,,1,variant_audit_2026-07-22,2026-07-22
41766685802571,,7439779627083,,Domaine Dupeuble Beaujolais Nouveau,750ML,domaine-dupeuble-beaujolais-nouveau,ACTIVE,,761503222282,2025-09-22 02:52:31,,,,,,,1,variant_audit_2026-07-22,2026-07-22
41773466157131,,7441675616331,,Dewar's 8 Year French Smooth Blended,750ML,dewars-8-year-french-smooth-blended,ACTIVE,,080480988166,2025-09-24 15:52:59,,,,,,,1,variant_audit_2026-07-22,2026-07-22
41773486342219,,7441686200395,,Casamigos Margarita Variety Pack,8pk-200ML Cans,casamigos-margarita-variety-pack,ACTIVE,,082000811374,2025-09-24 15:57:56,,,,,,,1,variant_audit_2026-07-22,2026-07-22
41778289606731,,7443751895115,,Casal Garcia Vinho Verde White Blend,750ML,casal-garcia-vinho-verde-white-blend,ACTIVE,,764793208301,2025-09-25 18:13:22,,,,,,,1,variant_audit_2026-07-22,2026-07-22
41778297864267,,7443755565131,,Bird Dog Blackberry Whiskey,750ML,bird-dog-blackberry-whiskey,ACTIVE,,812459010222,2025-09-25 18:15:28,,,,,,,1,variant_audit_2026-07-22,2026-07-22
41778303795275,,7443758481483,,Beginning Skin Fermented Natural Vino Bianco,750ML,beginning-skin-fermented-natural-vino-bianco,ACTIVE,,8032894063351,2025-09-25 18:18:16,,,,,,,1,variant_audit_2026-07-22,2026-07-22
41778307235915,,7443758874699,,Tip Top Espresso Martini,100ML,tip-top-espresso-martini,ACTIVE,,850003799445,2025-09-25 18:20:24,,,,,,,1,variant_audit_2026-07-22,2026-07-22
41778310283339,,7443759071307,,Tip Top Margarita Cocktail,100ML,tip-top-espresso-martini-copy,ACTIVE,,850003799179,2025-09-25 18:23:08,,,,,,,1,variant_audit_2026-07-22,2026-07-22
41778313003083,,7443759267915,,Tip Top Old Fashioned,100ML,tip-top-old-fashioned,ACTIVE,,850003799001,2025-09-25 18:24:29,,,,,,,1,variant_audit_2026-07-22,2026-07-22
41793571782731,,7447083155531,,Frank August Small Batch Bourbon,750ML,frank-august-small-batch-bourbon,ACTIVE,,860007810602,2025-09-29 17:42:53,,,,,,,1,variant_audit_2026-07-22,2026-07-22
41793656750155,,7447096754251,,Whip Shots Caramel Vodka Infused Whipped Cream,200ML,whip-shots-caramel-vodka-infused-whipped-cream,ACTIVE,,858202003950,2025-09-29 19:33:40,,,,,,,1,variant_audit_2026-07-22,2026-07-22
41793658847307,,7447097278539,,Whip Shots Vanilla Vodka Infused Whipped Cream,200ML,whip-shots-vanilla-vodka-infused-whipped-cream,ACTIVE,,858202003929,2025-09-29 19:36:03,,,,,,,1,variant_audit_2026-07-22,2026-07-22
41799066157131,,7448450826315,,RumChata Pumpkin Spice Liqueur,750ML,rumchata-pumpkin-spice-liqueur,ACTIVE,,,2025-10-01 15:20:05,,,,,,,1,variant_audit_2026-07-22,2026-07-22
41799274201163,,7448464916555,,Chateau du Bois Coteaux Bourguinnons,750ML,chateau-du-bois-coteaux-bourguinnons,ACTIVE,,893281000094,2025-10-01 17:21:24,,,,,,,1,variant_audit_2026-07-22,2026-07-22
41799279804491,,7448465375307,,Still Austin Bottled in Bond Rye Whiskey,750ML,still-austin-bottled-in-bond-rye-whiskey,ACTIVE,,851088007449,2025-10-01 17:26:12,,,,,,,1,variant_audit_2026-07-22,2026-07-22
41813282685003,,7452844458059,,Upstate Vodka,750ML,upstate-vodka,ACTIVE,,698545584019,2025-10-08 14:35:27,,,,,,,1,variant_audit_2026-07-22,2026-07-22
41813283340363,,7452844720203,,Upstate Cinnamon Vodka,750ML,upstate-cinnamon-vodka,ACTIVE,,698545584149,2025-10-08 14:37:12,,,,,,,1,variant_audit_2026-07-22,2026-07-22
41813287731275,,7452845572171,,Upstate Brandy Maple,750ML,upstate-brandy-maple,ACTIVE,,698545584170,2025-10-08 14:53:02,,,,,,,1,variant_audit_2026-07-22,2026-07-22
41813368635467,,7452865790027,,Cointreau Citrus Spritz Orange and Blood Orange,750ML,cointreau-citrus-spritz-orange-and-blood-orange,ACTIVE,,087236566098,2025-10-08 17:13:17,,,,,,,1,variant_audit_2026-07-22,2026-07-22
41813368701003,,7452865855563,,Cointreau Citrus Spritz Lemon and Lime,750ML,cointreau-citrus-spritz-lemon-and-lime,ACTIVE,,087236566104,2025-10-08 17:13:44,,,,,,,1,variant_audit_2026-07-22,2026-07-22
41813486436427,,7452884926539,,Killr Kck Sour Watermelon Vodka,50ML,killr-kck-sour-watermelon-vodka,ACTIVE,,850047591753,2025-10-08 19:18:38,,,,,,,1,variant_audit_2026-07-22,2026-07-22
41813487255627,,7452885090379,,Killr Kck Squeezed Lime Vodka,50ML,killr-kck-squeezed-lime-vodka,ACTIVE,,850047591722,2025-10-08 19:19:34,,,,,,,1,variant_audit_2026-07-22,2026-07-22
41813491220555,,7447087972427,,Parrot Bay Coconut,50ML,parrot-bay-coconut-90,ACTIVE,,088004035327,2025-10-08 19:20:08,,,,,,,1,variant_audit_2026-07-22,2026-07-22
41813526675531,,7452918349899,,Captain Morgan Pineapple Rum,50ML,capt-morgan-pineapple-rum,ACTIVE,,08271800,2025-10-08 19:25:43,,,,,,,1,variant_audit_2026-07-22,2026-07-22
41813530083403,,7452918644811,,Captain Morgan Sweet Chili Lime Citrus Rum,50ML,captain-morgan-sweet-chili-lime-citrus-rum,ACTIVE,,08273303,2025-10-08 19:29:19,,,,,,,1,variant_audit_2026-07-22,2026-07-22
41829001003083,,7458478882891,,Slow & Low Rock & Rye Whiskey Cans,100ML,slow-low-rock-rye-whiskey-cans,ACTIVE,,898804009066,2025-10-16 18:39:19,,,,,,,1,variant_audit_2026-07-22,2026-07-22
41836504350795,,7461576376395,,La Marca Prosecco Demi Sec,750ML,la-marca-prosecco-demi-sec,ACTIVE,,085000040669,2025-10-20 22:51:43,,,,,,,1,variant_audit_2026-07-22,2026-07-22
41889587560523,,7478342385739,,Simi Pinot Noir Sonoma,750ML,simi-pinot-noir-sonoma,ACTIVE,,088415789666,2025-11-12 02:06:56,,,,,,,1,variant_audit_2026-07-22,2026-07-22
41889587593291,,7478342451275,,Weller 12 Year Bourbon,750ML,weller-12-year-bourbon,ACTIVE,,,2025-11-12 02:08:07,,,,,,,1,variant_audit_2026-07-22,2026-07-22
41889587757131,,7478342516811,,Mionetto Prosecco Brut,750ML,il-prosecco-copy,ACTIVE,,727760502031,2025-11-12 02:09:40,,,,,,,1,variant_audit_2026-07-22,2026-07-22
41889587986507,,7478342549579,,Freixenet Cordon Negro Brut,750ML,freixenet-cordon-negro-brut,ACTIVE,,033293003007,2025-11-12 02:12:46,,,,,,,1,variant_audit_2026-07-22,2026-07-22
41889588248651,,7478342615115,,Segura Viudas Brut Reserva Cava,750ML,segura-viudas-brut-reserva-cava,ACTIVE,,033293690009,2025-11-12 02:15:50,,,,,,,1,variant_audit_2026-07-22,2026-07-22
41889588609099,,7478342713419,,Segura Viudas Icon Brut Cava,750ML,segura-viudas-icon-brut-cava,ACTIVE,,033293690085,2025-11-12 02:18:23,,,,,,,1,variant_audit_2026-07-22,2026-07-22
41889589526603,,7478342811723,,Luc Belaire Luxe Brut,750ML,luc-belaire-luxe-brut,ACTIVE,,813497005010,2025-11-12 02:21:33,,,,,,,1,variant_audit_2026-07-22,2026-07-22
41889589755979,,7478342910027,,Luc Belaire Rose,750ML,luc-belaire-rose,ACTIVE,,813497005904,2025-11-12 02:24:00,,,,,,,1,variant_audit_2026-07-22,2026-07-22
41889590050891,,7478342942795,,Luc Belaire Luxe Rose,750ML,luc-belaire-luxe-rose,ACTIVE,,813497004310,2025-11-12 02:25:14,,,,,,,1,variant_audit_2026-07-22,2026-07-22
41909539930187,,7483219247179,,Taylor Sherry Dry,750ML,taylor-sherry-dry,ACTIVE,,088940000977,2025-11-18 00:57:00,,,,,,,1,variant_audit_2026-07-22,2026-07-22
41914395230283,,7484875505739,,Penelope Cocktails Apple Cinnamon Old Fashioned,750ML,untitled-nov19_16-26,ACTIVE,,088352143217,2025-11-19 21:28:51,,,,,,,1,variant_audit_2026-07-22,2026-07-22
41919180341323,,7488246054987,,Paul John Nirvana whisky,750ML,paul-john-nirvana-whisky,ACTIVE,,8904014802723,2025-11-20 20:21:11,,,,,,,1,variant_audit_2026-07-22,2026-07-22
41924916379723,,7491506962507,,Glenlivet 12 Year Single Malt Scotch,750ML,glenlivet-12-year-single-malt-scotch,ACTIVE,,080432400630,2025-11-23 16:22:52,,,,,,,1,variant_audit_2026-07-22,2026-07-22
41925360877643,,7491930095691,,Redbreast 12 Yr Irish Whiskey,750ML,redbreast-12-yr-irish-whiskey,ACTIVE,,080432586174,2025-11-23 16:47:57,,,,,,,1,variant_audit_2026-07-22,2026-07-22
41926938755147,,7492744675403,,Bartenura Blueberry Moscato,4pk-250ML Cans,bartenura-blueberry-moscato-can,ACTIVE,,087752036556,2025-11-24 17:39:40,,,,,,,1,variant_audit_2026-07-22,2026-07-22
41926958776395,,7492747296843,,Bartenura Orange Mimosa,4pk-250ML Cans,bartenura-orange-mimosa-can,ACTIVE,,087752041321,2025-11-24 17:57:45,,,,,,,1,variant_audit_2026-07-22,2026-07-22
41926959136843,,7492747493451,,Bartenura Peach Bellini,4PK 250ML Cans,bartenura-peach-bellini-can,ACTIVE,,087752041307,2025-11-24 18:03:59,,,,,,,1,variant_audit_2026-07-22,2026-07-22
41929368043595,,7493532418123,,Method California Cabernet Sauvignon,750ML,method-california-cabernet-sauvignon,ACTIVE,,651357500929,2025-11-25 17:33:28,,,,,,,1,variant_audit_2026-07-22,2026-07-22
41929493250123,,7493573279819,,Josh Cellars Family Reserve Cabernet Sauvignon North Coast,750ML,josh-cellars-family-reserve-cabernet-sauvignon-north-coast,ACTIVE,,031259000763,2025-11-25 19:44:10,,,,,,,1,variant_audit_2026-07-22,2026-07-22
41939852427339,,7497752969291,,G H Mumm Grand Cordon Brut Champagne,750ML,gh-mumm-grand-cordon-brut-champagne,ACTIVE,,852832104896,2025-12-02 02:10:01,,,,,,,1,variant_audit_2026-07-22,2026-07-22
41955964387403,,7502331150411,,Angel Margarita Variety Pack,8pk-200ML Cans,angel-margarita-variety-pack,ACTIVE,,,2025-12-09 00:33:39,,,,,,,1,variant_audit_2026-07-22,2026-07-22
41956019241035,,7502338064459,,Carpano Dry Vermouth,750ML,carpano-dry-vermouth,ACTIVE,,898563002704,2025-12-09 01:04:31,,,,,,,1,variant_audit_2026-07-22,2026-07-22
41956033888331,,7502339801163,,Tullamore D.E.W. Honey,750ML,tullamore-d-e-w-honey,ACTIVE,,083664101078,2025-12-09 01:16:54,,,,,,,1,variant_audit_2026-07-22,2026-07-22
41957450612811,,7502572224587,,Martini & Rossi Asti,375ML,martini-rossi-asti,ACTIVE,,011034500077,2025-12-09 19:33:28,,,,,,,1,variant_audit_2026-07-22,2026-07-22
41957459230795,,7502574354507,,Stella Rosa Prosecco Rose,750ML,stella-rosa-vs-prosecco-gold,ACTIVE,,087872638241,2025-12-09 19:44:32,,,,,,,1,variant_audit_2026-07-22,2026-07-22
41971342803019,,7506226446411,,Josh Pinot Grigio,750ML,josh-cellars-pinot-grigio,ACTIVE,,031259001456,2025-12-16 02:36:29,,,,,,,1,variant_audit_2026-07-22,2026-07-22
41971366789195,,7506239029323,,Chateau Ste Michelle Chardonnay,750ML,chateau-ste-michelle-chardonnay,ACTIVE,,088586603846,2025-12-16 02:43:56,,,,,,,1,variant_audit_2026-07-22,2026-07-22
41971374096459,,7506242666571,,Chateau Ste Michelle Riesling Dry,750ML,chateau-ste-michelle-riesling-dry,ACTIVE,,088586642890,2025-12-16 02:45:52,,,,,,,1,variant_audit_2026-07-22,2026-07-22
41971384516683,,7506246336587,,Chateau Ste Michelle Pinot Gris,750ML,chateau-ste-michelle-pinot-gris,ACTIVE,,088586000768,2025-12-16 02:47:43,,,,,,,1,variant_audit_2026-07-22,2026-07-22
41971392217163,,7506250301515,,Chateau Ste Michelle Riesling Harvest,750ML,chateau-ste-michelle-riesling-harvest,ACTIVE,,088586004162,2025-12-16 02:49:56,,,,,,,1,variant_audit_2026-07-22,2026-07-22
41971397689419,,7506252496971,,Chateau Ste Michelle Columbia Valley Rose,750ML,chateau-ste-michelle-columbia-valley-rose,ACTIVE,,088586009327,2025-12-16 02:51:20,,,,,,,1,variant_audit_2026-07-22,2026-07-22
41971506118731,,7506299355211,,Casillero del Diablo Malbec,750ML,casillero-del-diablo-malbec,ACTIVE,,082734153504,2025-12-16 03:16:08,,,,,,,1,variant_audit_2026-07-22,2026-07-22
41971533643851,,7506310135883,,Juggernaut Red Blend,750ML,juggernaut-red-blend,ACTIVE,,080887551116,2025-12-16 03:23:54,,,,,,,1,variant_audit_2026-07-22,2026-07-22
41975669948491,,7507765264459,,Green Spot Irish Whiskey,750ML,green-spot-irish-whiskey,ACTIVE,,080432105993,2025-12-17 18:35:29,,,,,,,1,variant_audit_2026-07-22,2026-07-22
41975670046795,,7507765887051,,Yellow Spot Irish Whiskey,750ML,yellow-spot-irish-whiskey,ACTIVE,,080432105986,2025-12-17 18:36:00,,,,,,,1,variant_audit_2026-07-22,2026-07-22
41975672340555,,7507770507339,,Rabbit Hole Heigold Kentucky Straight Bourbon,750ML,rabbit-hole-heigold-kentucky-straight-bourbon,ACTIVE,,856581006043,2025-12-17 18:40:11,,,,,,,1,variant_audit_2026-07-22,2026-07-22
41975673159755,,7507773521995,,Rabbit Hole Dareringer Sherry Cask Bourbon,750ML,rabbit-hole-dareringer-sherry-cask-bourbon,ACTIVE,,856581006142,2025-12-17 18:42:57,,,,,,,1,variant_audit_2026-07-22,2026-07-22
41975846469707,,7507909312587,,Drumshanbo Irish Whiskey,750ML,drumshanbo-irish-whiskey,ACTIVE,,086785091297,2025-12-17 21:01:06,,,,,,,1,variant_audit_2026-07-22,2026-07-22
41977682624587,,7508688568395,,Cutwater Mango Margarita,4pk-12oz Cans,cutwater-mango-margarita,ACTIVE,,816751022105,2025-12-18 20:08:28,,,,,,,1,variant_audit_2026-07-22,2026-07-22
41980676997195,,7509178253387,,Benchmark Egg Nog Bourbon,750ML,benchmark-egg-nog-bourbon,ACTIVE,,088004015695,2025-12-21 16:18:20,,,,,,,1,variant_audit_2026-07-22,2026-07-22
41980677062731,,7509178318923,,Raeburn Chardonnay,750ML,raeburn-chardonnay,ACTIVE,,851718000970,2025-12-21 16:19:55,,,,,,,1,variant_audit_2026-07-22,2026-07-22
41980920234059,,7509208858699,,Smirnoff Spicy Tamarind Vodka,750ML,smirnoff-spicy-tamarind-vodka,ACTIVE,,082000783534,2025-12-21 21:54:54,,,,,,,1,variant_audit_2026-07-22,2026-07-22
41980923052107,,7509209481291,,Bogle Pinot Grigio,750ML,bogle-vineyards-sauvignon-blanc-copy,ACTIVE,,080887494017,2025-12-21 21:58:19,,,,,,,1,variant_audit_2026-07-22,2026-07-22
41980972171339,gid://shopify/ProductVariant/41980972171339,7509212299339,,Josh Cellars Seaswept,750ML,kris-pinot-grigio,ACTIVE,,031259005348,2025-12-21 22:47:17,14.99,10.67,,,Southern Glazers,White Wine,1,variant_audit_2026-07-22,2026-08-07_top50_refresh
41982335320139,,7509861335115,,Sea Glass Pinot Grigio,750ML,sea-glass-pinot-grigio,ACTIVE,,085200005796,2025-12-22 16:26:53,,,,,,,1,variant_audit_2026-07-22,2026-07-22
41982448894027,,7509943353419,,Juggernaut Chardonnay,750ML,juggernaut-chardonnay,ACTIVE,,080887551062,2025-12-22 16:57:52,,,,,,,1,variant_audit_2026-07-22,2026-07-22
41983082922059,,7510264807499,,St Cosme Cotes du Rhone,750ML,st-cosme-cotes-du-rhone,ACTIVE,,3483812150007,2025-12-22 18:51:44,,,,,,,1,variant_audit_2026-07-22,2026-07-22
41983099404363,,7510276669515,,Fortaleza Blanco Tequila,750ML,fortaleza-blanco-tequila,ACTIVE,,7502221966101,2025-12-22 18:54:44,,,,,,,1,variant_audit_2026-07-22,2026-07-22
41989416026187,,7513853231179,,Ryan's Irish Style Cream Liqueur,1L,ryans-irish-style-cream-liqueur,ACTIVE,,086024015428,2025-12-23 17:22:52,,,,,,,1,variant_audit_2026-07-22,2026-07-22
41989418483787,,7513854541899,,Justin Cabernet Sauvignon Paso Robles,750ML,justin-cabernet-sauvignon-paso-robles,ACTIVE,,733952997103,2025-12-23 17:26:50,,,,,,,1,variant_audit_2026-07-22,2026-07-22
41989420286027,,7513854771275,,Redemption Bourbon Whiskey,750ML,redemption-bourbon-whiskey,ACTIVE,,031259004624,2025-12-23 17:29:38,,,,,,,1,variant_audit_2026-07-22,2026-07-22
41989420482635,,7513854836811,,Redemption High Rye Bourbon,750ML,redemption-high-rye-bourbon,ACTIVE,,031259005850,2025-12-23 17:31:09,,,,,,,1,variant_audit_2026-07-22,2026-07-22
41989421695051,,7513855066187,,Redemption Rye,750ML,redemption-rye,ACTIVE,,031259005867,2025-12-23 17:32:31,,,,,,,1,variant_audit_2026-07-22,2026-07-22
41989423104075,,7513855295563,,Bib & Tucker Double Char Bourbon,750ML,bib-tucker-double-char-bourbon,ACTIVE,,031259005225,2025-12-23 17:35:49,,,,,,,1,variant_audit_2026-07-22,2026-07-22
41989425004619,,7513855459403,,Bib & Tucker 6 Year Bourbon,750ML,bib-tucker-6-year-bourbon,ACTIVE,,031259003542,2025-12-23 17:38:29,,,,,,,1,variant_audit_2026-07-22,2026-07-22
41999103721547,,7263131304011,,Fernet Branca,375ML,fernet-branca-liqueur-78-proof,ACTIVE,,898563002636,2025-12-29 02:38:51,,,,,,,1,variant_audit_2026-07-22,2026-07-22
42017627045963,,7524926619723,,Angel Lime Margarita,4pk-12oz Cans,angel-lime-margarita,ACTIVE,,684746397459,2026-01-06 04:12:10,,,,,,,1,variant_audit_2026-07-22,2026-07-22
42018460631115,,7525196955723,,Crown Royal Marquis,750ML,crown-royal-marquis,ACTIVE,,082000809616,2026-01-06 17:52:28,,,,,,,1,variant_audit_2026-07-22,2026-07-22
42026682515531,,7528600502347,,Mafia Blackberry Lemonade Cans,4pk-12oz Cans,mafia-blackberry-lemonade-cans,ACTIVE,,860009328693,2026-01-10 15:24:12,,,,,,,1,variant_audit_2026-07-22,2026-07-22
42031372828747,,7530625531979,,XXL Strawberry & Grapes Wine,750ML,strawberry-grapes,ACTIVE,,763955016006,2026-01-13 03:06:05,,,,,,,1,variant_audit_2026-07-22,2026-07-22
42031374172235,,7530625695819,,XXL Moscato,750ML,xxl-moscato,ACTIVE,,763955021000,2026-01-13 03:07:23,,,,,,,1,variant_audit_2026-07-22,2026-07-22
42035918438475,,7531683971147,,Freixenet Prosecco Rose,200ML,freixenet-prosecco-rose,ACTIVE,,816253012208,2026-01-14 19:28:47,,,,,,,1,variant_audit_2026-07-22,2026-07-22
42133852618827,,7587099902027,,Angel's Envy Triple Oak Bourbon,750ML,angels-envy-triple-oak-bourbon,ACTIVE,,080480989576,2026-02-10 02:37:40,,,,,,,1,variant_audit_2026-07-22,2026-07-22
42138337607755,,7589636931659,,Absolut Tabasco,1L,absolut-tabasco-vodka,ACTIVE,,835229011151,2026-02-11 17:27:51,,,,,,,1,variant_audit_2026-07-22,2026-07-22
42154963173451,,7596668420171,,Valdinera Nebbiolo d'Alba,750ML,valdinera-nebbiolo-dalba,ACTIVE,,8059015330215,2026-02-18 19:05:19,,,,,,,1,variant_audit_2026-07-22,2026-07-22
42154999677003,,7596701810763,,Il Poggiolo Chianti,750ML,il-poggiolo-chianti,ACTIVE,,8051411710011,2026-02-18 19:07:02,,,,,,,1,variant_audit_2026-07-22,2026-07-22
42164812841035,,7599275966539,,Jack Daniels Single Barrel Heritage Barrel,750ML,jack-daniels-single-barrel-heritage-barrel,ACTIVE,,082184008607,2026-02-24 01:28:50,,,,,,,1,variant_audit_2026-07-22,2026-07-22
42214034767947,,7622739034187,,Barone Fini Pinot Grigio,750ML,barone-fini-pinot-grigio,ACTIVE,,031259021911,2026-03-16 23:27:50,,,,,,,1,variant_audit_2026-07-22,2026-07-22
42214102925387,,7622751518795,,FitVine Cabernet Sauvignon,750ML,fitvine-cabernet-sauvignon,ACTIVE,,853086008008,2026-03-17 00:03:14,,,,,,,1,variant_audit_2026-07-22,2026-07-22
42215412760651,,7623139852363,,Ribertinelo Moscato,750ML,ribertinelo-moscato,ACTIVE,,8004385036427,2026-03-17 16:17:52,,,,,,,1,variant_audit_2026-07-22,2026-07-22
42236776448075,,7628970885195,,Casamigos Classic Lime Margarita,375ML,casamigos-classic-lime-margarita,ACTIVE,,082000812098,2026-03-24 01:57:47,,,,,,,1,variant_audit_2026-07-22,2026-07-22
42236777562187,,7628971475019,,Casamigos Spicy Margarita,375ML,casamigos-spicy-margarita,ACTIVE,,082000812104,2026-03-24 01:58:13,,,,,,,1,variant_audit_2026-07-22,2026-07-22
42237039411275,,7629070303307,,Domaine Bousquet Virgen Red Blend,750ML,domaine-bousquet-virgen-red-blend,ACTIVE,,879716001003,2026-03-24 03:00:20,,,,,,,1,variant_audit_2026-07-22,2026-07-22
42245803901003,,7632182083659,,Domaine Bousquet Reserve Pinot Noir,750ML,domaine-bousquet-reserve-pinot-noir,ACTIVE,,879716000747,2026-03-25 20:09:05,,,,,,,1,variant_audit_2026-07-22,2026-07-22
42250379395147,,7634188206155,,Still Austin Single Barrel Bourbon,750ML,still-austin-single-barrel,ACTIVE,,851088007456,2026-03-26 14:42:57,,,,,,,1,variant_audit_2026-07-22,2026-07-22
42268453535819,gid://shopify/ProductVariant/42268453535819,7638816161867,,Surfside Half & Half Variety Pack,8pk-12oz Cans,surfside-half-half-variety-pack,ACTIVE,,810171361868,2026-03-30 23:00:09,19.99,15.33,,,Wright Distribution,Ready to Drink,1,variant_audit_2026-07-22,2026-08-07_top50_refresh
42268765421643,,7638919970891,,Ecco Domani 90 Calories Pinot Grigio,750ML,ecco-domani-90-calories-pinot-grigio,ACTIVE,,085000040119,2026-03-31 01:31:04,,,,,,,1,variant_audit_2026-07-22,2026-07-22
42289639686219,,7644282323019,,Recipe 21 Tequila,1L,recipe-21-tequila,ACTIVE,,088004058548,2026-04-06 23:54:35,,,,,,,1,variant_audit_2026-07-22,2026-07-22
42289674584139,,7644287074379,,On The Rocks Strawberry Daiquiri,375ML,on-the-rocks-strawberry-daiquiri,ACTIVE,,080686007241,2026-04-07 00:44:40,,,,,,,1,variant_audit_2026-07-22,2026-07-22
42289677402187,,7644287467595,,On the Rocks Blue Hawaiian,375ML,on-the-rocks-blue-hawaiian,ACTIVE,,080686008064,2026-04-07 00:47:14,,,,,,,1,variant_audit_2026-07-22,2026-07-22
42289679007819,,7644287696971,,On The Rocks Whiskey Sour,375ML,on-the-rocks-whiskey-sour,ACTIVE,,080686011361,2026-04-07 00:48:21,,,,,,,1,variant_audit_2026-07-22,2026-07-22
42289681268811,,7644287893579,,On The Rocks Jalapeno Pineapple Margarita,375ML,on-the-rocks-jalapeno-pineapple-margarita,ACTIVE,,855880008086,2026-04-07 00:49:53,,,,,,,1,variant_audit_2026-07-22,2026-07-22
42299424637003,,7648857751627,,Willett Small Batch Cask Strength Bourbon,750ML,willett-small-batch-cask-strength-bourbon,ACTIVE,,680203351231,2026-04-08 22:02:57,,,,,,,1,variant_audit_2026-07-22,2026-07-22
42337333575755,,7675455373387,,Seaglass Sauvignon Blanc,750ML,seaglass-sauvignon-blanc-santa-barbara,ACTIVE,,085200005758,2026-04-14 00:07:24,,,,,,,1,variant_audit_2026-07-22,2026-07-22
42337335115851,,7675455668299,,Kris Pinot Grigio,750ML,kris-pinot-grigio-1,ACTIVE,,810022274200,2026-04-14 00:11:57,,,,,,,1,variant_audit_2026-07-22,2026-07-22
42337344159819,,7675459043403,,Charles Smith Kung Fu Girl Riesling,750ML,charles-smith-kung-fu-girl-riesling,ACTIVE,,083120015048,2026-04-14 00:17:16,,,,,,,1,variant_audit_2026-07-22,2026-07-22
42356874838091,,7680607289419,,Have a Day Tequila Sparkling Variety,8pk-12oz Cans,have-a-day-tequila-sparkling-variety,ACTIVE,,850031116139,2026-04-20 23:30:16,,,,,,,1,variant_audit_2026-07-22,2026-07-22
42356897546315,,7680613089355,,Lucky One Vodka Iced Tea Variety Pack,8pk-12oz Cans,lucky-one-vodka-iced-tea-variety-pack,ACTIVE,,085000042052,2026-04-21 00:19:15,,,,,,,1,variant_audit_2026-07-22,2026-07-22
42356900724811,,7680614072395,,Hendrick's Another Gin,750ML,hendricks-another-gin,ACTIVE,,083664875481,2026-04-21 00:39:07,,,,,,,1,variant_audit_2026-07-22,2026-07-22
42356906098763,,7680618037323,,Chateau Ste Michelle Riesling,750ML,chateau-ste-michelle-riesling,ACTIVE,,088586621840,2026-04-21 01:00:55,,,,,,,1,variant_audit_2026-07-22,2026-07-22
42356909932619,,7680619118667,,Tanqueray No. Ten London Dry Gin,1L,tanqueray-no-ten-london-dry-gin,ACTIVE,,088110158590,2026-04-21 01:26:23,,,,,,,1,variant_audit_2026-07-22,2026-07-22
42370147713099,gid://shopify/ProductVariant/42370147713099,7683797385291,,Super Lyte Vodka + Ade Variety Pack,8pk-12oz Cans,super-lyte-vodka-ade-variety-pack,ACTIVE,,810171361967,2026-04-27 23:48:34,19.99,15.33,,,Wright Distribution,Ready to Drink,1,variant_audit_2026-07-22,2026-08-07_top50_refresh
42370353365067,,7683983966283,,Codigo 1530 Tequila Reposado,750ML,codigo-1530-tequila-reposado,ACTIVE,,859061006366,2026-04-28 00:42:51,,,,,,,1,variant_audit_2026-07-22,2026-07-22
42373944541259,,7685030150219,,Stella Rosa Green Apple,750ML,stella-rosa-green-apple,ACTIVE,,087872633901,2026-04-29 15:48:32,,,,,,,1,variant_audit_2026-07-22,2026-07-22
42373944639563,,7685030215755,,Stella Rosa Strawberry Rose,750ML,stella-rosa-strawberry-rose,ACTIVE,,087872634502,2026-04-29 15:49:16,,,,,,,1,variant_audit_2026-07-22,2026-07-22
42373944672331,,7685030248523,,Stella Rosa Golden Honey Peach,750ML,stella-rosa-golden-honey-peach,ACTIVE,,087872633635,2026-04-29 15:49:36,,,,,,,1,variant_audit_2026-07-22,2026-07-22
42376689320011,,7685895094347,,Goldeneye Brut Rosé,750ML,goldeneye-brut-rose,ACTIVE,,669576019559,2026-05-01 17:59:38,,,,,,,1,variant_audit_2026-07-22,2026-07-22
42383378808907,,7687552434251,,McQueen and the Violet Fog Gin,750ML,mcqueen-and-the-violet-fog-gin,ACTIVE,,813497007168,2026-05-04 23:54:47,,,,,,,1,variant_audit_2026-07-22,2026-07-22
42401224589387,,7692956958795,,Dillon's Gin Cocktail Variety Pack,8pk-12oz Cans,dillons-gin-variety-pack,ACTIVE,,635985803164,2026-05-12 00:44:46,,,,,,,1,variant_audit_2026-07-22,2026-07-22
42401245691979,,7692961742923,,Glenlivet French Oak 15 Year Single Malt,750ML,the-glenlivet-french-oak-15-year-single-malt,ACTIVE,,080432100783,2026-05-12 01:39:22,,,,,,,1,variant_audit_2026-07-22,2026-07-22
42409624862795,,7699260997707,,Espolon Extra Anejo,750ML,espolon-extra-anejo,ACTIVE,,664804000774,2026-05-13 16:30:42,,,,,,,1,variant_audit_2026-07-22,2026-07-22
42426940555339,,7710032003147,,Yes Way Rose,750ML,yes-way-rose,ACTIVE,,084279002156,2026-05-18 16:59:52,,,,,,,1,variant_audit_2026-07-22,2026-07-22
42502523060299,,7763030442059,,High Noon Tangerine,4pk-12oz Cans,high-noon-hard-seltzer-tangerine,ACTIVE,,085000436622,2026-05-25 22:46:38,,,,,,,1,variant_audit_2026-07-22,2026-07-22
42502664749131,,7263131861067,,Glenfiddich 14Yrs Bourbon Barrel,375ML,glenfiddich-14-year-old-bourbon-barrel-reserve-single-malt-scotch-whisky,ACTIVE,,,2026-05-26 00:11:01,,,,,,,1,variant_audit_2026-07-22,2026-07-22
42509644103755,,7764986429515,,Hennessy VS cocktails Henny Iced Tea,375ML,hennessy-vs-cocktails-henny-iced-tea,ACTIVE,,081753843267,2026-05-27 18:58:11,,,,,,,1,variant_audit_2026-07-22,2026-07-22
42548575600715,,7786932174923,,Bird Dog Select Reserve Kentucky Straight Bourbon,750ML,bird-dog-select-reserve-kentucky-straight-bourbon,ACTIVE,,812459016644,2026-06-02 00:39:50,,,,,,,1,variant_audit_2026-07-22,2026-07-22
42556417638475,,7790236237899,,Owls Brew Chelsea Vodka Lemonade,8PK 12OZ,owls-brew-chelsea-vodka-lemonade,ACTIVE,,858187003891,2026-06-04 19:03:25,,,,,,,1,variant_audit_2026-07-22,2026-07-22
42635629854795,,7859217924171,,Crown Royal Salted Caramel,750ML,crown-royal-salted-caramel,ACTIVE,,082000783978,2026-06-09 00:12:39,,,,,,,1,variant_audit_2026-07-22,2026-07-22
42636109414475,,7859599441995,,Smoke Lab Aniseed Vodka,750ML,smoke-lab-aniseed-vodka,ACTIVE,,3719836281,2026-06-09 00:50:24,,,,,,,1,variant_audit_2026-07-22,2026-07-22
42637284147275,,7860681539659,,Drop of Sunshine Red Blend,750ML,drop-of-sunshine-red-blend,ACTIVE,,089819009015,2026-06-09 02:30:23,,,,,,,1,variant_audit_2026-07-22,2026-07-22
42637302071371,,7860699430987,,Drop of Sunshine Chardonnay,750ML,drop-of-sunshine-chardonnay,ACTIVE,,089819009022,2026-06-09 02:31:28,,,,,,,1,variant_audit_2026-07-22,2026-07-22
42637319798859,,7860717191243,,Drop of Sunshine Sparkling Rose,750ML,drop-of-sunshine-sparkling-rose,ACTIVE,,089819009046,2026-06-09 02:32:37,,,,,,,1,variant_audit_2026-07-22,2026-07-22
42637372096587,,7860767326283,,Martin Codax Albarino Spanish White Wine,750ML,martin-codax-albarino-spanish-white-wine,ACTIVE,,085000015926,2026-06-09 02:39:01,,,,,,,1,variant_audit_2026-07-22,2026-07-22
42671537684555,,7886658273355,,Bar Water Vodka Blueberry,1L,bar-water-vodka-blueberry,ACTIVE,,,2026-06-11 01:08:51,,,,,,,1,variant_audit_2026-07-22,2026-07-22
42692858937419,,7891864354891,,Minute Maid Spiked Lime Margherita,4pk-200ML Cans,minute-maid-spiked-lime-margherita,ACTIVE,,810078781585,2026-06-16 02:44:52,,,,,,,1,variant_audit_2026-07-22,2026-07-22
42692859527243,,7891864617035,,Minute Maid Spiked Vodka Punch Variety,8pk-12oz Cans,minute-maid-spiked-vodka-punch-variety,ACTIVE,,810078781998,2026-06-16 02:46:41,,,,,,,1,variant_audit_2026-07-22,2026-07-22
42693225578571,,7891901775947,,Svedka Water Variety Pack,8pk-12oz Cans,svedka-water-variety-pack,ACTIVE,,088004080976,2026-06-16 03:38:43,,,,,,,1,variant_audit_2026-07-22,2026-07-22
42693225873483,,7891901939787,,Aperol Spritz,4pk-200ML Cans,aperol-spritz,ACTIVE,,887341340091,2026-06-16 03:40:21,,,,,,,1,variant_audit_2026-07-22,2026-07-22
42701518995531,,7893926510667,,Vanderpump Rose,750ML,vanderpump-rose,ACTIVE,,850041779362,2026-06-17 18:45:14,,,,,,,1,variant_audit_2026-07-22,2026-07-22
42714439811147,,7899523842123,,Dezzani Barbera D’ Asti,750ML,dezzani-barbera-d-asti,ACTIVE,,8027874070016,2026-06-22 22:18:51,,,,,,,1,variant_audit_2026-07-22,2026-07-22
42714450329675,,7899525709899,,Polini Dubai Style Chocolate Cream,700ML,polini-dubai-style-chocolate-cream,ACTIVE,,015643884498,2026-06-22 22:45:10,,,,,,,1,variant_audit_2026-07-22,2026-07-22
42714452983883,,7899526299723,,Limoncello Parini,750ML,limoncello-parini,ACTIVE,,015643791734,2026-06-22 22:54:34,,,,,,,1,variant_audit_2026-07-22,2026-07-22
42714461208651,,7899526922315,,Manga Junmai Ginjo Sake,750ML,manga-junmai-ginjo-sake,ACTIVE,,866404000103,2026-06-22 22:59:13,,,,,,,1,variant_audit_2026-07-22,2026-07-22
42714461962315,,7899527479371,,Beyond Distilling Coconut Rum,750ML,beyond-distilling-coconut-rum,ACTIVE,,860006980221,2026-06-22 23:02:08,,,,,,,1,variant_audit_2026-07-22,2026-07-22
42714466680907,,7899530330187,,Chateau la Caussade Bordeaux,750ML,chateau-la-caussade-bordeaux,ACTIVE,,015643676543,2026-06-22 23:08:53,,,,,,,1,variant_audit_2026-07-22,2026-07-22
42714468352075,,7899531640907,,The Little Sheep of New Zealand Sauvignon Blanc,750ML,the-little-sheep-of-new-zealand-sauvignon-blanc,ACTIVE,,015643496721,2026-06-22 23:13:17,,,,,,,1,variant_audit_2026-07-22,2026-07-22
42733676789835,,7278386872395,,Crown Royal Blackberry,375ML,crown-royal-blackberry,ACTIVE,,,2026-06-29 00:28:58,,,,,,,1,variant_audit_2026-07-22,2026-07-22
42733947945035,,7911760625739,,Codigo 1530 Tequila Blanco,750ML,codigo-1530-tequila-blanco,ACTIVE,,859061006342,2026-06-29 01:03:15,,,,,,,1,variant_audit_2026-07-22,2026-07-22
42762455318603,,7936678363211,,'-196 Vodka Crush Variety Cocktail,8pk-12oz Cans,196-vodka-crush-variety-cocktail,ACTIVE,,080686012702,2026-06-30 18:40:15,,,,,,,1,variant_audit_2026-07-22,2026-07-22
42762587897931,,7936809107531,,'-196 Vodka Seltzer,8pk-12oz Cans,196-vodka-crush-variety-cocktail-copy,ACTIVE,,080686009269,2026-06-30 18:50:24,,,,,,,1,variant_audit_2026-07-22,2026-07-22
42762590224459,,7936811204683,,'-196 strawberry vodka seltzer,4pk-12oz Cans,196-strawberry-vodka-seltzer,ACTIVE,,080686009092,2026-06-30 18:52:37,,,,,,,1,variant_audit_2026-07-22,2026-07-22
42813874307147,,7978698604619,,Bib & Tucker Gold Roast 6 Year Old Bourbon,750ML,bib-tucker-gold-roast-6-year-old-bourbon-see-more-bib-tucker,ACTIVE,,190488000460,2026-07-07 00:04:22,,,,,,,1,variant_audit_2026-07-22,2026-07-22
42892517474379,,7998300979275,,Beatbox Cranberry Dreams,500ML,beatbox-cranberry-dreams,ACTIVE,,190488000460,2026-07-13 17:18:50,,,,,,,1,variant_audit_2026-07-22,2026-07-22
42892521046091,,7998302060619,,BeatBox Lemon Tea,500ML,beatbox-lemonade-tea,ACTIVE,,190488000460,2026-07-13 17:19:42,,,,,,,1,variant_audit_2026-07-22,2026-07-22
42892525109323,,7998303305803,,BeatBox Cherry Limeade,500ML,beatbox-cherry-limeade,ACTIVE,,190488000460,2026-07-13 17:20:33,,,,,,,1,variant_audit_2026-07-22,2026-07-22
42893270319179,,7998357667915,,Disaronno Velvet Liqueur,750ML,disaronno-velvet-liqueur,ACTIVE,,050037597752,2026-07-13 18:05:59,,,,,,,1,variant_audit_2026-07-22,2026-07-22
42893422493771,,7268836081739,,Chivas Regal Blended Scotch 12 YR,375ML,chivas-regal-blended-scotch-12-yr,ACTIVE,,,2026-07-13 19:54:56,,,,,,,1,variant_audit_2026-07-22,2026-07-22
42913365098571,,7644282323019,,Recipe 21 Tequila,1.75L,recipe-21-tequila,ACTIVE,,080480980177,2026-07-18 17:29:49,,,,,,,1,variant_audit_2026-07-22,2026-07-22
42913365229643,,7628971475019,,Casamigos Spicy Margarita,750ML,casamigos-spicy-margarita,ACTIVE,,082000812135,2026-07-18 17:29:52,,,,,,,1,variant_audit_2026-07-22,2026-07-22
42913365327947,,7628970885195,,Casamigos Classic Lime Margarita,750ML,casamigos-classic-lime-margarita,ACTIVE,,082000812128,2026-07-18 17:29:52,,,,,,,1,variant_audit_2026-07-22,2026-07-22
42913365819467,,7513853231179,,Ryan's Irish Style Cream Liqueur,1.75L,ryans-irish-style-cream-liqueur,ACTIVE,,086024015411,2026-07-18 17:30:00,,,,,,,1,variant_audit_2026-07-22,2026-07-22
42913366376523,,7502572224587,,Martini & Rossi Asti,750ML,martini-rossi-asti,ACTIVE,,011034500053,2026-07-18 17:30:10,,,,,,,1,variant_audit_2026-07-22,2026-07-22
42913366409291,,7502572224587,,Martini & Rossi Asti,1.5L,martini-rossi-asti,ACTIVE,,011034500039,2026-07-18 17:30:10,,,,,,,1,variant_audit_2026-07-22,2026-07-22
42913366868043,,7447087972427,,Parrot Bay Coconut,1L,parrot-bay-coconut-90,ACTIVE,,,2026-07-18 17:30:24,,,,,,,1,variant_audit_2026-07-22,2026-07-22
42913366900811,,7447087972427,,Parrot Bay Coconut,1.75L,parrot-bay-coconut-90,ACTIVE,,088004036966,2026-07-18 17:30:24,,,,,,,1,variant_audit_2026-07-22,2026-07-22
42913367130187,,7439765766219,,On The Rocks Lemon Drop Martini,375ML,on-the-rocks-lemon-drop-martini,ACTIVE,,080686008934,2026-07-18 17:30:28,,,,,,,1,variant_audit_2026-07-22,2026-07-22
42913367326795,,7430673563723,,Fireball Blazin Apple Whisky,750ML,fireball-blazin-apple-whisky,ACTIVE,,088004069148,2026-07-18 17:30:31,,,,,,,1,variant_audit_2026-07-22,2026-07-22
42913368440907,,7385551339595,,Anza Silver Tequila,1L,anza-silver-tequila,ACTIVE,,088004026387,2026-07-18 17:30:53,,,,,,,1,variant_audit_2026-07-22,2026-07-22
42913368473675,,7385551339595,,Anza Silver Tequila,1.75L,anza-silver-tequila,ACTIVE,,088004028107,2026-07-18 17:30:53,,,,,,,1,variant_audit_2026-07-22,2026-07-22
42913368637515,,7385393823819,,Barefoot Merlot,750ML,barefoot-merlot,ACTIVE,,018341751109,2026-07-18 17:30:56,,,,,,,1,variant_audit_2026-07-22,2026-07-22
42913368670283,,7385393823819,,Barefoot Merlot,1.5L,barefoot-merlot,ACTIVE,,018341151107,2026-07-18 17:30:56,,,,,,,1,variant_audit_2026-07-22,2026-07-22
42913368735819,,7385391169611,,Barefoot White Zinfandel,187ML,barefoot-cellars-white-zinfandel,ACTIVE,,085000045312,2026-07-18 17:30:56,,,,,,,1,variant_audit_2026-07-22,2026-07-22
42913370079307,,7355778039883,,Admiral Nelson's Spiced Rum,1.75L,admiral-nelsons-spiced-rum,ACTIVE,,096749086269,2026-07-18 17:31:19,,,,,,,1,variant_audit_2026-07-22,2026-07-22
42913370767435,,7311975383115,,Benedictine B&b Brandy Liqueur,750ML,benedictine-b-b-brandy-liqueur,ACTIVE,,080480545406,2026-07-18 17:31:30,,,,,,,1,variant_audit_2026-07-22,2026-07-22
42913370865739,,7308714311755,,Baileys Cookies & Creamy Liqueur,750ML,baileys-cookies-creamy-liqueur,ACTIVE,,086767705693,2026-07-18 17:31:31,,,,,,,1,variant_audit_2026-07-22,2026-07-22
42913370931275,,7308714246219,,Baileys Coffee Toffee Cream Liqueur,750ML,baileys-coffee-toffee-cream-liqueur,ACTIVE,,086767705655,2026-07-18 17:31:32,,,,,,,1,variant_audit_2026-07-22,2026-07-22
42913371127883,,7306998972491,,St. Germain Elderflower Liqueur,375ML,st-germain-elderflower-liqueur,ACTIVE,,080480006662,2026-07-18 17:31:36,,,,,,,1,variant_audit_2026-07-22,2026-07-22
42913371390027,,7292193570891,,Deep Eddy Pineapple,50ML,deep-eddy-pinapple,ACTIVE,,096749005314,2026-07-18 17:31:42,,,,,,,1,variant_audit_2026-07-22,2026-07-22
42913371586635,,7289737085003,,La Vieille Ferme Rose,3L,la-vieille-ferme-rose,ACTIVE,,089419000160,2026-07-18 17:31:43,,,,,,,1,variant_audit_2026-07-22,2026-07-22
42913371783243,,7282506891339,,Cointreau Orange Liqueur,750ML,cointreau-orange-liqueur,ACTIVE,,087236565107,2026-07-18 17:31:49,,,,,,,1,variant_audit_2026-07-22,2026-07-22
42913371848779,,7282506793035,,Campari Aperitivo,750ML,campari-aperitivo,ACTIVE,,721059047500,2026-07-18 17:31:49,,,,,,,1,variant_audit_2026-07-22,2026-07-22
42913372176459,,7278386872395,,Crown Royal Blackberry,750ML,crown-royal-blackberry,ACTIVE,,082000789550,2026-07-18 17:31:54,,,,,,,1,variant_audit_2026-07-22,2026-07-22
42913372602443,,7273141960779,,Di Amore Sambuca,375ML,di-amore-sambuca,ACTIVE,,082928399848,2026-07-18 17:32:01,,,,,,,1,variant_audit_2026-07-22,2026-07-22
42913372831819,,7273034088523,,Mi Campo Reposado Tequila,750ML,mi-campo-tequila-reposado,ACTIVE,,086003272019,2026-07-18 17:32:04,,,,,,,1,variant_audit_2026-07-22,2026-07-22
42913372897355,,7273032646731,,Mi Campo Blanco Tequila,750ML,mi-campo-tequila-blanco,ACTIVE,,086003272033,2026-07-18 17:32:05,,,,,,,1,variant_audit_2026-07-22,2026-07-22
42913373028427,,7273031270475,,Grey Goose L'Orange Vodka,1L,grey-goose-vodka-copy,ACTIVE,,080480281021,2026-07-18 17:32:06,,,,,,,1,variant_audit_2026-07-22,2026-07-22
42913373126731,gid://shopify/ProductVariant/42913373126731,7273029992523,,Black Velvet,750ML,black-velvet,ACTIVE,,096749003068,2026-07-18 17:32:07,12.99,9.6,,,Southern Glazers,Canadian Whisky,1,variant_audit_2026-07-22,2026-08-07_top50_refresh
42913373159499,gid://shopify/ProductVariant/42913373159499,7273029992523,,Black Velvet,1L,black-velvet,ACTIVE,,096749003051,2026-07-18 17:32:07,17.99,14.4,,,Southern Glazers,Canadian Whisky,1,variant_audit_2026-07-22,2026-08-07_top50_refresh
42913373192267,gid://shopify/ProductVariant/42913373192267,7273029992523,,Black Velvet,1.5L,black-velvet,ACTIVE,,096749003044,2026-07-18 17:32:07,23.99,22.4,,,Southern Glazers,Canadian Whisky,1,variant_audit_2026-07-22,2026-08-07_top50_refresh
42913373618251,,7271033307211,,On The Rocks Margarita,375ML,on-the-rocks-espresso-martini-copy,ACTIVE,,855880008116,2026-07-18 17:32:14,,,,,,,1,variant_audit_2026-07-22,2026-07-22
42913373749323,,7271032586315,,On The Rocks Espresso Martini,375ML,on-the-rocks-the-cosmopolitan-copy,ACTIVE,,855880008420,2026-07-18 17:32:14,,,,,,,1,variant_audit_2026-07-22,2026-07-22
42913373847627,,7271031996491,,On The Rocks Cosmopolitan,375ML,on-the-rocks-the-cosmopolitan,ACTIVE,,080686008088,2026-07-18 17:32:15,,,,,,,1,variant_audit_2026-07-22,2026-07-22
42913374044235,,7271028949067,,Beefeater London Dry Gin,1.75L,beefeater-london-dry-gin,ACTIVE,,089540333472,2026-07-18 17:32:18,,,,,,,1,variant_audit_2026-07-22,2026-07-22
42913374109771,,7271028424779,,Appleton Estate Signature Blend Rum,750ML,appleton-gold-rum,ACTIVE,,721059001502,2026-07-18 17:32:19,,,,,,,1,variant_audit_2026-07-22,2026-07-22
42913374470219,,7269305417803,,Buffalo Trace Bourbon,750ML,buffalo-trace-bourbon,ACTIVE,,080244009236,2026-07-18 17:32:24,,,,,,,1,variant_audit_2026-07-22,2026-07-22
42913374732363,,7268841357387,,Cupcake Prosecco,187ML,cupcake-prosecco,ACTIVE,,081308003849,2026-07-18 17:32:27,,,,,,,1,variant_audit_2026-07-22,2026-07-22
42913374928971,,7268836769867,,Tanqueray London Dry Gin,1L,tanqueray-london-dry-gin,ACTIVE,637122,088110110406,2026-07-18 17:32:31,,,,,,,1,variant_audit_2026-07-22,2026-07-22
42913374961739,,7268836769867,,Tanqueray London Dry Gin,1.75L,tanqueray-london-dry-gin,ACTIVE,637123,088110110505,2026-07-18 17:32:31,,,,,,,1,variant_audit_2026-07-22,2026-07-22
42913375027275,,7268836704331,,Pinnacle Vodka,750ML,pinnacle-vodka,ACTIVE,984756,080686929406,2026-07-18 17:32:32,,,,,,,1,variant_audit_2026-07-22,2026-07-22
42913375060043,,7268836704331,,Pinnacle Vodka,375ML,pinnacle-vodka,ACTIVE,984754,080686010579,2026-07-18 17:32:32,,,,,,,1,variant_audit_2026-07-22,2026-07-22
42913375092811,,7268836704331,,Pinnacle Vodka,1.75L,pinnacle-vodka,ACTIVE,,080686010647,2026-07-18 17:32:32,,,,,,,1,variant_audit_2026-07-22,2026-07-22
42913375223883,,7268836638795,,Martini & Rossi Vermouth Rosso,375ML,martini-rossi-vermouth-rosso,ACTIVE,442533,011034410079,2026-07-18 17:32:33,,,,,,,1,variant_audit_2026-07-22,2026-07-22
42913375289419,,7268836606027,,Martini & Rossi Vermouth Extra Dry,375ML,martini-rossi-vermouth-extra-dry,ACTIVE,,011034420078,2026-07-18 17:32:34,,,,,,,1,variant_audit_2026-07-22,2026-07-22
42913375322187,,7268836573259,,Malibu Coconut Flavored Rum,1L,malibu-coconut-flavored-rum,ACTIVE,33451,089540448978,2026-07-18 17:32:34,,,,,,,1,variant_audit_2026-07-22,2026-07-22
42913375354955,,7268836573259,,Malibu Coconut Flavored Rum,750ML,malibu-coconut-flavored-rum,ACTIVE,33452,089540448992,2026-07-18 17:32:34,,,,,,,1,variant_audit_2026-07-22,2026-07-22
42913375387723,,7268836573259,,Malibu Coconut Flavored Rum,375ML,malibu-coconut-flavored-rum,ACTIVE,67449,089540449036,2026-07-18 17:32:34,,,,,,,1,variant_audit_2026-07-22,2026-07-22
42913375420491,,7268836573259,,Malibu Coconut Flavored Rum,50ML,malibu-coconut-flavored-rum,ACTIVE,185864,089540453927,2026-07-18 17:32:34,,,,,,,1,variant_audit_2026-07-22,2026-07-22
42913375584331,,7268836343883,,Kahlua Coffee Liqueur,750ML,kahlua-coffee-liqueur,ACTIVE,93175,089540122717,2026-07-18 17:32:36,,,,,,,1,variant_audit_2026-07-22,2026-07-22
42913375617099,,7268836343883,,Kahlua Coffee Liqueur,375ML,kahlua-coffee-liqueur,ACTIVE,93176,089540145631,2026-07-18 17:32:36,,,,,,,1,variant_audit_2026-07-22,2026-07-22
42913375649867,,7268836343883,,Kahlua Coffee Liqueur,50ML,kahlua-coffee-liqueur,ACTIVE,617068,089540122748,2026-07-18 17:32:36,,,,,,,1,variant_audit_2026-07-22,2026-07-22
42913375715403,,7268836311115,,J&B Blended Scotch,1L,j-b-blended-scotch,ACTIVE,18676,088110985028,2026-07-18 17:32:37,,,,,,,1,variant_audit_2026-07-22,2026-07-22
42913375748171,,7268836311115,,J&B Blended Scotch,750ML,j-b-blended-scotch,ACTIVE,336660,088110985042,2026-07-18 17:32:37,,,,,,,1,variant_audit_2026-07-22,2026-07-22
42913375813707,,7268836245579,,Gordon's London Dry Gin,1L,gordons-london-dry-gin,ACTIVE,317959,08860139,2026-07-18 17:32:38,,,,,,,1,variant_audit_2026-07-22,2026-07-22
42913375879243,,7268836180043,,Gilbey's London Dry Gin,1L,gilbeys-london-dry-gin,ACTIVE,18043,080686122203,2026-07-18 17:32:39,,,,,,,1,variant_audit_2026-07-22,2026-07-22
42913375912011,,7268836180043,,Gilbey's London Dry Gin,750ML,gilbeys-london-dry-gin,ACTIVE,18039,080686122401,2026-07-18 17:32:39,,,,,,,1,variant_audit_2026-07-22,2026-07-22
42913375944779,,7268836180043,,Gilbey's London Dry Gin,375ML,gilbeys-london-dry-gin,ACTIVE,202244,080686122609,2026-07-18 17:32:39,,,,,,,1,variant_audit_2026-07-22,2026-07-22
42913376043083,,7268836081739,,Chivas Regal Blended Scotch 12 YR,1L,chivas-regal-blended-scotch-12-yr,ACTIVE,19075,080432400432,2026-07-18 17:32:40,,,,,,,1,variant_audit_2026-07-22,2026-07-22
42913376075851,,7268836081739,,Chivas Regal Blended Scotch 12 YR,1.75L,chivas-regal-blended-scotch-12-yr,ACTIVE,19877,080432400463,2026-07-18 17:32:40,,,,,,,1,variant_audit_2026-07-22,2026-07-22
42913376141387,,7268836016203,,Aviation American Gin,1L,aviation-american-gin,ACTIVE,898687,857050005079,2026-07-18 17:32:41,,,,,,,1,variant_audit_2026-07-22,2026-07-22
42913376370763,,7268004036683,,Bags/Accessories,Velvet / Cotton,gift-bag,ACTIVE,,,2026-07-18 17:32:44,,,,,,,1,variant_audit_2026-07-22,2026-07-22
42913376403531,,7268004036683,,Bags/Accessories,Double / Single Christmas,gift-bag,ACTIVE,,,2026-07-18 17:32:44,,,,,,,1,variant_audit_2026-07-22,2026-07-22
42913376436299,,7268004036683,,Bags/Accessories,Christmas Boots,gift-bag,ACTIVE,,,2026-07-18 17:32:44,,,,,,,1,variant_audit_2026-07-22,2026-07-22
42913376469067,,7268004036683,,Bags/Accessories,Jute Bag,gift-bag,ACTIVE,,,2026-07-18 17:32:44,,,,,,,1,variant_audit_2026-07-22,2026-07-22
42913376501835,,7268004036683,,Bags/Accessories,Wine Vacuum Stopper,gift-bag,ACTIVE,,,2026-07-18 17:32:44,,,,,,,1,variant_audit_2026-07-22,2026-07-22
42913376534603,,7268004036683,,Bags/Accessories,Cork Screw,gift-bag,ACTIVE,,,2026-07-18 17:32:44,,,,,,,1,variant_audit_2026-07-22,2026-07-22
42913376567371,,7268004036683,,Bags/Accessories,Wine Stopper,gift-bag,ACTIVE,,,2026-07-18 17:32:44,,,,,,,1,variant_audit_2026-07-22,2026-07-22
42913376600139,,7268004036683,,Bags/Accessories,Champagne Stopper,gift-bag,ACTIVE,,,2026-07-18 17:32:44,,,,,,,1,variant_audit_2026-07-22,2026-07-22
42913376665675,,7267826794571,,Buffalo House Gift Card,20,buffalo-house-gift-card,ACTIVE,,,2026-07-18 17:32:45,,,,,,,1,variant_audit_2026-07-22,2026-07-22
42913376698443,,7267826794571,,Buffalo House Gift Card,25,buffalo-house-gift-card,ACTIVE,,,2026-07-18 17:32:45,,,,,,,1,variant_audit_2026-07-22,2026-07-22
42913376731211,,7267826794571,,Buffalo House Gift Card,50,buffalo-house-gift-card,ACTIVE,,,2026-07-18 17:32:45,,,,,,,1,variant_audit_2026-07-22,2026-07-22
42913376763979,,7267826794571,,Buffalo House Gift Card,100,buffalo-house-gift-card,ACTIVE,,,2026-07-18 17:32:45,,,,,,,1,variant_audit_2026-07-22,2026-07-22
42913376796747,,7267826794571,,Buffalo House Gift Card,200,buffalo-house-gift-card,ACTIVE,,,2026-07-18 17:32:45,,,,,,,1,variant_audit_2026-07-22,2026-07-22
42913376829515,,7267826794571,,Buffalo House Gift Card,250,buffalo-house-gift-card,ACTIVE,,,2026-07-18 17:32:45,,,,,,,1,variant_audit_2026-07-22,2026-07-22
42913376862283,,7267826794571,,Buffalo House Gift Card,500,buffalo-house-gift-card,ACTIVE,,,2026-07-18 17:32:45,,,,,,,1,variant_audit_2026-07-22,2026-07-22
42913377189963,,7267344187467,,Hennessy VS Cognac,1L,hennessy-vs,ACTIVE,9002487,088110150563,2026-07-18 17:32:52,,,,,,,1,variant_audit_2026-07-22,2026-07-22
42913377222731,,7267344187467,,Hennessy VS Cognac,750ML,hennessy-vs,ACTIVE,9002496,088110150556,2026-07-18 17:32:52,,,,,,,1,variant_audit_2026-07-22,2026-07-22
42913377255499,,7267344187467,,Hennessy VS Cognac,375ML,hennessy-vs,ACTIVE,9086999,088110150631,2026-07-18 17:32:52,,,,,,,1,variant_audit_2026-07-22,2026-07-22
42913377288267,,7267344187467,,Hennessy VS Cognac,200ML,hennessy-vs,ACTIVE,9153056,088110150525,2026-07-18 17:32:52,,,,,,,1,variant_audit_2026-07-22,2026-07-22
42913377321035,,7267344187467,,Hennessy VS Cognac,100ML,hennessy-vs,ACTIVE,9002486,088110150617,2026-07-18 17:32:52,,,,,,,1,variant_audit_2026-07-22,2026-07-22
42913377353803,,7267344187467,,Hennessy VS Cognac,50ML,hennessy-vs,ACTIVE,9002495,088110150501,2026-07-18 17:32:52,,,,,,,1,variant_audit_2026-07-22,2026-07-22
42913377419339,,7267344154699,,Hennessy VSOP,1L,hennessy-vsop,ACTIVE,9154013,088110151065,2026-07-18 17:32:53,,,,,,,1,variant_audit_2026-07-22,2026-07-22
42913377452107,,7267344154699,,Hennessy VSOP,750ML,hennessy-vsop,ACTIVE,9002497,088110151058,2026-07-18 17:32:53,,,,,,,1,variant_audit_2026-07-22,2026-07-22
42913377484875,,7267344154699,,Hennessy VSOP,375ML,hennessy-vsop,ACTIVE,9043253,081753825492,2026-07-18 17:32:53,,,,,,,1,variant_audit_2026-07-22,2026-07-22
42913377517643,,7267344154699,,Hennessy VSOP,200ML,hennessy-vsop,ACTIVE,9011399,088110151102,2026-07-18 17:32:53,,,,,,,1,variant_audit_2026-07-22,2026-07-22
42913378041931,,7267343892555,,Grand Marnier Cordon Rouge,750ML,grand-marnier-gift-pack,ACTIVE,561761,649188900476,2026-07-18 17:33:01,,,,,,,1,variant_audit_2026-07-22,2026-07-22
42913378205771,,7267330392139,,Bulleit Rye,1L,bulleit-rye,ACTIVE,,082000752974,2026-07-18 17:33:02,,,,,,,1,variant_audit_2026-07-22,2026-07-22
42913378369611,,7265601749067,,Bacardi Tropical,1L,bacardi-tropical,ACTIVE,,080480987176,2026-07-18 17:33:04,,,,,,,1,variant_audit_2026-07-22,2026-07-22
42913378435147,,7265301594187,,Barefoot Moscato,750ML,barefoot-moscato,ACTIVE,,085000016688,2026-07-18 17:33:05,,,,,,,1,variant_audit_2026-07-22,2026-07-22
42913378467915,,7265301594187,,Barefoot Moscato,1.5L,barefoot-moscato,ACTIVE,,085000016671,2026-07-18 17:33:05,,,,,,,1,variant_audit_2026-07-22,2026-07-22
42913378697291,,7263258607691,,Woodford Reserve Straight Bourbon,375ML,woodford-reserve-kentucky-straight-bourbon-whiskey,ACTIVE,9000272,081128011680,2026-07-18 17:33:09,,,,,,,1,variant_audit_2026-07-22,2026-07-22
42913378730059,,7263258607691,,Woodford Reserve Straight Bourbon,1L,woodford-reserve-kentucky-straight-bourbon-whiskey,ACTIVE,21733,081128001483,2026-07-18 17:33:09,,,,,,,1,variant_audit_2026-07-22,2026-07-22
42913378762827,,7263258607691,,Woodford Reserve Straight Bourbon,750ML,woodford-reserve-kentucky-straight-bourbon-whiskey,ACTIVE,9180882,081128001506,2026-07-18 17:33:09,,,,,,,1,variant_audit_2026-07-22,2026-07-22
42913378828363,,7263258542155,,Van Gogh Double Espresso Vodka,1L,van-gogh-double-espresso-vodka,ACTIVE,3010139,633824151155,2026-07-18 17:33:10,,,,,,,1,variant_audit_2026-07-22,2026-07-22
42913378926667,,7263258509387,,Van Gogh Acai Blueberry Vodka,750ML,van-gogh-acai-blueberry-vodka,ACTIVE,3010133,633824151346,2026-07-18 17:33:11,,,,,,,1,variant_audit_2026-07-22,2026-07-22
42913379057739,,7263258411083,,Stolichnaya Vodka,750ML,stolichnaya-vodka,ACTIVE,65144,811751020007,2026-07-18 17:33:12,,,,,,,1,variant_audit_2026-07-22,2026-07-22
42913379090507,,7263258411083,,Stolichnaya Vodka,1L,stolichnaya-vodka,ACTIVE,65136,811751020021,2026-07-18 17:33:12,,,,,,,1,variant_audit_2026-07-22,2026-07-22
42913379123275,,7263258411083,,Stolichnaya Vodka,1.75L,stolichnaya-vodka,ACTIVE,65128,811751020045,2026-07-18 17:33:12,,,,,,,1,variant_audit_2026-07-22,2026-07-22
42913379254347,,7263258312779,,Stolichnaya Razberi,1L,stolichnaya-razberi,ACTIVE,9121556,811751020441,2026-07-18 17:33:14,,,,,,,1,variant_audit_2026-07-22,2026-07-22
42913379319883,,7263258280011,,Stolichnaya Ohranj,1L,stolichnaya-ohranj,ACTIVE,9121606,811751020403,2026-07-18 17:33:15,,,,,,,1,variant_audit_2026-07-22,2026-07-22
42913379549259,,7263257886795,,Sobieski Vodka,200ML,sobieski-vodka,ACTIVE,9090672,089016008248,2026-07-18 17:33:19,,,,,,,1,variant_audit_2026-07-22,2026-07-22
42913379582027,,7263257886795,,Sobieski Vodka,375ML,sobieski-vodka,ACTIVE,9090671,089016008231,2026-07-18 17:33:19,,,,,,,1,variant_audit_2026-07-22,2026-07-22
42913379614795,,7263257886795,,Sobieski Vodka,750ML,sobieski-vodka,ACTIVE,9097143,089016008941,2026-07-18 17:33:19,,,,,,,1,variant_audit_2026-07-22,2026-07-22
42913379647563,,7263257886795,,Sobieski Vodka,1L,sobieski-vodka,ACTIVE,9090619,089016008217,2026-07-18 17:33:19,,,,,,,1,variant_audit_2026-07-22,2026-07-22
42913379680331,,7263257886795,,Sobieski Vodka,1.75L,sobieski-vodka,ACTIVE,9096040,089016008194,2026-07-18 17:33:19,,,,,,,1,variant_audit_2026-07-22,2026-07-22
42913379844171,,7263257722955,,Shanky's Whip Black Smooth Irish Liqueur,1L,shankys-whip-black-smooth-irish-liqueur,ACTIVE,3014138,810035511651,2026-07-18 17:33:21,,,,,,,1,variant_audit_2026-07-22,2026-07-22
42913380204619,gid://shopify/ProductVariant/42913380204619,7263257296971,,Matua Marlborough Sauvignon Blanc,1.5L,matua-sauvignon-blanc,ACTIVE,,089819009565,2026-07-18 17:33:26,22.99,15.33,,,Empire Merchants North,White Wine,1,variant_audit_2026-07-22,2026-08-07_top50_refresh
42913380696139,,7263256707147,,Korbel California Champagne Brut,750ML,korbel-california-champagne-brut,ACTIVE,9013532,084704091328,2026-07-18 17:33:33,,,,,,,1,variant_audit_2026-07-22,2026-07-22
42913380728907,,7263256707147,,Korbel California Champagne Brut,187ML,korbel-california-champagne-brut,ACTIVE,,084704010664,2026-07-18 17:33:33,,,,,,,1,variant_audit_2026-07-22,2026-07-22
42913380794443,,7263256641611,,Jack Daniel's Tennessee Honey Whiskey,200ML,jack-daniels-tennessee-honey-whiskey,ACTIVE,9180598,082184000625,2026-07-18 17:33:34,,,,,,,1,variant_audit_2026-07-22,2026-07-22
42913380827211,,7263256641611,,Jack Daniel's Tennessee Honey Whiskey,375ML,jack-daniels-tennessee-honey-whiskey,ACTIVE,9180597,082184000342,2026-07-18 17:33:34,,,,,,,1,variant_audit_2026-07-22,2026-07-22
42913380859979,,7263256641611,,Jack Daniel's Tennessee Honey Whiskey,750ML,jack-daniels-tennessee-honey-whiskey,ACTIVE,3006267,082184000335,2026-07-18 17:33:34,,,,,,,1,variant_audit_2026-07-22,2026-07-22
42913380892747,,7263256641611,,Jack Daniel's Tennessee Honey Whiskey,1L,jack-daniels-tennessee-honey-whiskey,ACTIVE,9127710,082184000328,2026-07-18 17:33:34,,,,,,,1,variant_audit_2026-07-22,2026-07-22
42913380925515,,7263256641611,,Jack Daniel's Tennessee Honey Whiskey,1.75L,jack-daniels-tennessee-honey-whiskey,ACTIVE,9147441,082184000618,2026-07-18 17:33:34,,,,,,,1,variant_audit_2026-07-22,2026-07-22
42913381023819,,7263256608843,,Jack Daniel's Tennessee Fire Whiskey,200ML,jack-daniels-tennessee-fire-whiskey,ACTIVE,9187252,082184001554,2026-07-18 17:33:34,,,,,,,1,variant_audit_2026-07-22,2026-07-22
42913381056587,,7263256608843,,Jack Daniel's Tennessee Fire Whiskey,375ML,jack-daniels-tennessee-fire-whiskey,ACTIVE,9185891,082184001561,2026-07-18 17:33:34,,,,,,,1,variant_audit_2026-07-22,2026-07-22
42913381089355,,7263256608843,,Jack Daniel's Tennessee Fire Whiskey,750ML,jack-daniels-tennessee-fire-whiskey,ACTIVE,9229043,082184001172,2026-07-18 17:33:34,,,,,,,1,variant_audit_2026-07-22,2026-07-22
42913381122123,,7263256608843,,Jack Daniel's Tennessee Fire Whiskey,1L,jack-daniels-tennessee-fire-whiskey,ACTIVE,9175788,082184001165,2026-07-18 17:33:34,,,,,,,1,variant_audit_2026-07-22,2026-07-22
42913381154891,,7263256608843,,Jack Daniel's Tennessee Fire Whiskey,1.75L,jack-daniels-tennessee-fire-whiskey,ACTIVE,9175787,082184001219,2026-07-18 17:33:34,,,,,,,1,variant_audit_2026-07-22,2026-07-22
42913381285963,,7263256576075,,Jack Daniel's Tennessee Apple Whiskey,750ML,jack-daniels-tennessee-apple-whiskey,ACTIVE,3003595,082184004371,2026-07-18 17:33:35,,,,,,,1,variant_audit_2026-07-22,2026-07-22
42913381515339,,7263256445003,,Jack Daniel's Old No. 7,200ML,jack-daniels-old-no-7-tennessee-whiskey,ACTIVE,9180611,082184090527,2026-07-18 17:33:37,,,,,,,1,variant_audit_2026-07-22,2026-07-22
42913381548107,,7263256445003,,Jack Daniel's Old No. 7,375ML,jack-daniels-old-no-7-tennessee-whiskey,ACTIVE,9180600,082184090503,2026-07-18 17:33:37,,,,,,,1,variant_audit_2026-07-22,2026-07-22
42913381580875,,7263256445003,,Jack Daniel's Old No. 7,750ML,jack-daniels-old-no-7-tennessee-whiskey,ACTIVE,22145,082184090466,2026-07-18 17:33:37,,,,,,,1,variant_audit_2026-07-22,2026-07-22
42913381613643,,7263256445003,,Jack Daniel's Old No. 7,1L,jack-daniels-old-no-7-tennessee-whiskey,ACTIVE,22137,082184090442,2026-07-18 17:33:37,,,,,,,1,variant_audit_2026-07-22,2026-07-22
42913381646411,,7263256445003,,Jack Daniel's Old No. 7,1.75L,jack-daniels-old-no-7-tennessee-whiskey,ACTIVE,22129,082184090428,2026-07-18 17:33:37,,,,,,,1,variant_audit_2026-07-22,2026-07-22
42913381711947,,7263256412235,,Jack Daniel's Gentleman Jack,375ML,jack-daniels-gentleman-jack-tennessee-whiskey,ACTIVE,9017966,082184038710,2026-07-18 17:33:38,,,,,,,1,variant_audit_2026-07-22,2026-07-22
42913381744715,,7263256412235,,Jack Daniel's Gentleman Jack,200ML,jack-daniels-gentleman-jack-tennessee-whiskey,ACTIVE,9086871,082184035016,2026-07-18 17:33:38,,,,,,,1,variant_audit_2026-07-22,2026-07-22
42913381777483,,7263256412235,,Jack Daniel's Gentleman Jack,1L,jack-daniels-gentleman-jack-tennessee-whiskey,ACTIVE,9087288,082184038734,2026-07-18 17:33:38,,,,,,,1,variant_audit_2026-07-22,2026-07-22
42913381810251,,7263256412235,,Jack Daniel's Gentleman Jack,750ML,jack-daniels-gentleman-jack-tennessee-whiskey,ACTIVE,23440,082184038727,2026-07-18 17:33:38,,,,,,,1,variant_audit_2026-07-22,2026-07-22
42913382039627,,7263256182859,,Fairbanks White Port,750ML,fairbanks-white-port,ACTIVE,1230143,085000005323,2026-07-18 17:33:40,,,,,,,1,variant_audit_2026-07-22,2026-07-22
42913382367307,,7263255789643,,Gabbiano Pinot Grigio,750ML,cavaliere-doro-pinot-grigio-delle-venezie,ACTIVE,3002261,089819116621,2026-07-18 17:33:45,,,,,,,1,variant_audit_2026-07-22,2026-07-22
42913382662219,,7263136874571,,Wheatley Handcrafted Vodka,1.75L,wheatley-handcrafted-vodka,ACTIVE,3002046,088004022679,2026-07-18 17:33:49,,,,,,,1,variant_audit_2026-07-22,2026-07-22
42913382727755,,7263136841803,,Tullamore D.E.W. Irish Whisky,375ML,tullamore-d-e-w-irish-whiskey,ACTIVE,9251401,083664873722,2026-07-18 17:33:50,,,,,,,1,variant_audit_2026-07-22,2026-07-22
42913382760523,,7263136841803,,Tullamore D.E.W. Irish Whisky,750ML,tullamore-d-e-w-irish-whiskey,ACTIVE,9027862,083664872466,2026-07-18 17:33:50,,,,,,,1,variant_audit_2026-07-22,2026-07-22
42913382793291,,7263136841803,,Tullamore D.E.W. Irish Whisky,1L,tullamore-d-e-w-irish-whiskey,ACTIVE,9088152,083664872480,2026-07-18 17:33:50,,,,,,,1,variant_audit_2026-07-22,2026-07-22
42913382826059,,7263136841803,,Tullamore D.E.W. Irish Whisky,1.75L,tullamore-d-e-w-irish-whiskey,ACTIVE,9027858,083664872497,2026-07-18 17:33:50,,,,,,,1,variant_audit_2026-07-22,2026-07-22
42913382924363,,7263136776267,,Traveller Whiskey Blend No. 40,750ML,traveller-whiskey-blend-no-40,ACTIVE,3014877,088004060060,2026-07-18 17:33:51,,,,,,,1,variant_audit_2026-07-22,2026-07-22
42913383022667,,7263136710731,,Three Olives Naked Vodka,1L,three-olives-naked-vodka,ACTIVE,194035,811538015202,2026-07-18 17:33:52,,,,,,,1,variant_audit_2026-07-22,2026-07-22
42913383055435,,7263136710731,,Three Olives Naked Vodka,50ML,three-olives-naked-vodka,ACTIVE,9183886,811538011815,2026-07-18 17:33:52,,,,,,,1,variant_audit_2026-07-22,2026-07-22
42913383120971,,7263136677963,,Three Olives Grape Vodka,50ML,three-olives-grape-vodka,ACTIVE,3012894,811538011839,2026-07-18 17:33:52,,,,,,,1,variant_audit_2026-07-22,2026-07-22
42913383153739,,7263136677963,,Three Olives Grape Vodka,1L,three-olives-grape-vodka,ACTIVE,3012892,811538015424,2026-07-18 17:33:52,,,,,,,1,variant_audit_2026-07-22,2026-07-22
42913383284811,,7263136546891,,Three Olives Cherry Vodka,50ML,three-olives-cherry-vodka,ACTIVE,3012889,811538011822,2026-07-18 17:33:54,,,,,,,1,variant_audit_2026-07-22,2026-07-22
42913383317579,,7263136546891,,Three Olives Cherry Vodka,1L,three-olives-cherry-vodka,ACTIVE,3012887,811538015486,2026-07-18 17:33:54,,,,,,,1,variant_audit_2026-07-22,2026-07-22
42913383448651,,7263136219211,,Tequila Rose Strawberry Cream Liqueur,200ML,tequila-rose-strawberry-cream-liqueur,ACTIVE,494971,085592121098,2026-07-18 17:33:57,,,,,,,1,variant_audit_2026-07-22,2026-07-22
42913383481419,,7263136219211,,Tequila Rose Strawberry Cream Liqueur,50ML,tequila-rose-strawberry-cream-liqueur,ACTIVE,9026311,085592121081,2026-07-18 17:33:57,,,,,,,1,variant_audit_2026-07-22,2026-07-22
42913383514187,,7263136219211,,Tequila Rose Strawberry Cream Liqueur,750ML,tequila-rose-strawberry-cream-liqueur,ACTIVE,494948,085592121043,2026-07-18 17:33:57,,,,,,,1,variant_audit_2026-07-22,2026-07-22
42913384104011,,7263135924299,,Southern Comfort 100 Proof,100ML,southern-comfort-100-proof,ACTIVE,20644,088004026622,2026-07-18 17:34:01,,,,,,,1,variant_audit_2026-07-22,2026-07-22
42913384136779,,7263135924299,,Southern Comfort 100 Proof,200ML,southern-comfort-100-proof,ACTIVE,9100882,088544018262,2026-07-18 17:34:01,,,,,,,1,variant_audit_2026-07-22,2026-07-22
42913384169547,,7263135924299,,Southern Comfort 100 Proof,375ML,southern-comfort-100-proof,ACTIVE,9107312,088544018255,2026-07-18 17:34:01,,,,,,,1,variant_audit_2026-07-22,2026-07-22
42913384202315,,7263135924299,,Southern Comfort 100 Proof,750ML,southern-comfort-100-proof,ACTIVE,20644,088544018156,2026-07-18 17:34:01,,,,,,,1,variant_audit_2026-07-22,2026-07-22
42913384235083,,7263135924299,,Southern Comfort 100 Proof,1.75L,southern-comfort-100-proof,ACTIVE,9140275,088544018019,2026-07-18 17:34:01,,,,,,,1,variant_audit_2026-07-22,2026-07-22
42913384300619,,7263135891531,,Southern Comfort Whiskey,100ML,southern-comfort,ACTIVE,9180599,088544018842,2026-07-18 17:34:02,,,,,,,1,variant_audit_2026-07-22,2026-07-22
42913384333387,,7263135891531,,Southern Comfort Whiskey,375ML,southern-comfort,ACTIVE,20362,088544019139,2026-07-18 17:34:02,,,,,,,1,variant_audit_2026-07-22,2026-07-22
42913384366155,,7263135891531,,Southern Comfort Whiskey,750ML,southern-comfort,ACTIVE,9013616,088544014318,2026-07-18 17:34:02,,,,,,,1,variant_audit_2026-07-22,2026-07-22
42913384398923,,7263135891531,,Southern Comfort Whiskey,1L,southern-comfort,ACTIVE,20339,088544018941,2026-07-18 17:34:02,,,,,,,1,variant_audit_2026-07-22,2026-07-22
42913384431691,,7263135891531,,Southern Comfort Whiskey,1.75L,southern-comfort,ACTIVE,9140276,088544018910,2026-07-18 17:34:02,,,,,,,1,variant_audit_2026-07-22,2026-07-22
42913384562763,,7263135727691,,Seagram's VO Gold Canadian Blended Whisky,750ML,seagrams-vo-gold-canadian-blended-whisky,ACTIVE,9000299,088004037345,2026-07-18 17:34:03,,,,,,,1,variant_audit_2026-07-22,2026-07-22
42913384661067,,7263135662155,,Seagram's Extra Smooth Vodka,1L,seagrams-extra-smooth-vodka,ACTIVE,3003220,720815985964,2026-07-18 17:34:04,,,,,,,1,variant_audit_2026-07-22,2026-07-22
42913384693835,,7263135662155,,Seagram's Extra Smooth Vodka,750ML,seagrams-extra-smooth-vodka,ACTIVE,3003200,720815985735,2026-07-18 17:34:04,,,,,,,1,variant_audit_2026-07-22,2026-07-22
42913384726603,,7263135662155,,Seagram's Extra Smooth Vodka,1.75L,seagrams-extra-smooth-vodka,ACTIVE,3003240,720815988347,2026-07-18 17:34:04,,,,,,,1,variant_audit_2026-07-22,2026-07-22
42913384824907,,7263135629387,,Sazerac 6 Year Rye Whiskey,750ML,sazerac-6-year-rye-whiskey,ACTIVE,9031569,088004139940,2026-07-18 17:34:05,,,,,,,1,variant_audit_2026-07-22,2026-07-22
42913384890443,,7263135563851,,Santa Marina Provincia di Pavia Pinot Grigio,750ML,santa-marina-provincia-di-pavia-pinot-grigio,ACTIVE,9158275,039383006309,2026-07-18 17:34:05,,,,,,,1,variant_audit_2026-07-22,2026-07-22
42913384988747,,7263135531083,,Santa Margherita Prosecco,375ML,santa-margherita-prosecco-di-valdobbiadene-superiore-brut,ACTIVE,3002644,632987202100,2026-07-18 17:34:06,,,,,,,1,variant_audit_2026-07-22,2026-07-22
42913385087051,,7263135432779,,Sailor Jerry Spiced Rum,1L,sailor-jerry-spiced-rum,ACTIVE,9001739,083664868377,2026-07-18 17:34:07,,,,,,,1,variant_audit_2026-07-22,2026-07-22
42913385119819,,7263135432779,,Sailor Jerry Spiced Rum,750ML,sailor-jerry-spiced-rum,ACTIVE,9001735,083664864461,2026-07-18 17:34:07,,,,,,,1,variant_audit_2026-07-22,2026-07-22
42913385250891,,7263135268939,,Riunite Lambrusco,3L,riunite-lambrusco,ACTIVE,1827310,089744765499,2026-07-18 17:34:09,,,,,,,1,variant_audit_2026-07-22,2026-07-22
42913385283659,,7263135268939,,Riunite Lambrusco,187ML,riunite-lambrusco,ACTIVE,1827385,089744766656,2026-07-18 17:34:09,,,,,,,1,variant_audit_2026-07-22,2026-07-22
42913385316427,,7263135268939,,Riunite Lambrusco,750ML,riunite-lambrusco,ACTIVE,1827344,089744765482,2026-07-18 17:34:09,,,,,,,1,variant_audit_2026-07-22,2026-07-22
42913385381963,,7263135236171,,Reyka Vodka,1L,reyka-vodka,ACTIVE,,083664869282,2026-07-18 17:34:10,,,,,,,1,variant_audit_2026-07-22,2026-07-22
42913385414731,,7263135236171,,Reyka Vodka,1.75L,reyka-vodka,ACTIVE,9019698,083664869725,2026-07-18 17:34:10,,,,,,,1,variant_audit_2026-07-22,2026-07-22
42913385578571,,7263135072331,,Raynal VSOP Rare Old French Brandy,1L,raynal-vsop-rare-old-french-brandy,ACTIVE,9019466,083664869794,2026-07-18 17:34:11,,,,,,,1,variant_audit_2026-07-22,2026-07-22
42913385611339,,7263135072331,,Raynal VSOP Rare Old French Brandy,750ML,raynal-vsop-rare-old-french-brandy,ACTIVE,9030349,083664869800,2026-07-18 17:34:11,,,,,,,1,variant_audit_2026-07-22,2026-07-22
42913385676875,,7263135006795,,Proper No. Twelve Irish Whiskey,750ML,proper-no-twelve-irish-whiskey,ACTIVE,3001850,811538019569,2026-07-18 17:34:12,,,,,,,1,variant_audit_2026-07-22,2026-07-22
42913385709643,,7263135006795,,Proper No. Twelve Irish Whiskey,1.75L,proper-no-twelve-irish-whiskey,ACTIVE,3004798,811538019675,2026-07-18 17:34:12,,,,,,,1,variant_audit_2026-07-22,2026-07-22
42913385906251,,7263134416971,,Mr. Boston Vodka 100 Proof,1L,mr-boston-vodka-100-proof,ACTIVE,9044708,089000012121,2026-07-18 17:34:15,,,,,,,1,variant_audit_2026-07-22,2026-07-22
42913385939019,,7263134416971,,Mr. Boston Vodka 100 Proof,1.75L,mr-boston-vodka-100-proof,ACTIVE,9044728,089000001736,2026-07-18 17:34:15,,,,,,,1,variant_audit_2026-07-22,2026-07-22
42913386037323,,7263134351435,,Mr. Boston Vodka,1L,mr-boston-vodka,ACTIVE,9044709,089000012244,2026-07-18 17:34:15,,,,,,,1,variant_audit_2026-07-22,2026-07-22
42913386070091,,7263134351435,,Mr. Boston Vodka,200ML,mr-boston-vodka,ACTIVE,9044734,089000012275,2026-07-18 17:34:15,,,,,,,1,variant_audit_2026-07-22,2026-07-22
42913386102859,,7263134351435,,Mr. Boston Vodka,375ML,mr-boston-vodka,ACTIVE,9044736,089000016907,2026-07-18 17:34:15,,,,,,,1,variant_audit_2026-07-22,2026-07-22
42913386135627,,7263134351435,,Mr. Boston Vodka,750ML,mr-boston-vodka,ACTIVE,9044732,089000012251,2026-07-18 17:34:15,,,,,,,1,variant_audit_2026-07-22,2026-07-22
42913386266699,,7263134187595,,Monkey Shoulder Blended Malt Scotch,1L,monkey-shoulder-blended-malt-scotch-whisky,ACTIVE,3015686,083664107322,2026-07-18 17:34:17,,,,,,,1,variant_audit_2026-07-22,2026-07-22
42913386299467,,7263134187595,,Monkey Shoulder Blended Malt Scotch,1.75L,monkey-shoulder-blended-malt-scotch-whisky,ACTIVE,3003730,083664874224,2026-07-18 17:34:17,,,,,,,1,variant_audit_2026-07-22,2026-07-22
42913386397771,,7263134122059,,Mohawk Blackberry Brandy,1L,mohawk-blackberry-brandy,ACTIVE,9045283,085916050660,2026-07-18 17:34:18,,,,,,,1,variant_audit_2026-07-22,2026-07-22
42913386430539,,7263134122059,,Mohawk Blackberry Brandy,375ML,mohawk-blackberry-brandy,ACTIVE,9045285,085916016765,2026-07-18 17:34:18,,,,,,,1,variant_audit_2026-07-22,2026-07-22
42913386561611,,7263133859915,,Milagro Silver Tequila,750ML,milagro-silver-tequila,ACTIVE,9001700,083664868919,2026-07-18 17:34:20,,,,,,,1,variant_audit_2026-07-22,2026-07-22
42913386594379,,7263133859915,,Milagro Silver Tequila,1.75L,milagro-silver-tequila,ACTIVE,9008626,083664868902,2026-07-18 17:34:20,,,,,,,1,variant_audit_2026-07-22,2026-07-22
42913386692683,,7263133827147,,Milagro Reposado Tequila,750ML,milagro-reposado-tequila,ACTIVE,9001701,083664868940,2026-07-18 17:34:21,,,,,,,1,variant_audit_2026-07-22,2026-07-22
42913386889291,,7263133302859,,Kraken Black Spiced Rum 94 Proof,375ML,kraken-black-spiced-rum-94-proof,ACTIVE,9151433,811538013086,2026-07-18 17:34:24,,,,,,,1,variant_audit_2026-07-22,2026-07-22
42913386922059,,7263133302859,,Kraken Black Spiced Rum 94 Proof,50ML,kraken-black-spiced-rum-94-proof,ACTIVE,9168119,811538010580,2026-07-18 17:34:24,,,,,,,1,variant_audit_2026-07-22,2026-07-22
42913386954827,,7263133302859,,Kraken Black Spiced Rum 94 Proof,1L,kraken-black-spiced-rum-94-proof,ACTIVE,9139012,811538013000,2026-07-18 17:34:24,,,,,,,1,variant_audit_2026-07-22,2026-07-22
42913386987595,,7263133302859,,Kraken Black Spiced Rum 94 Proof,750ML,kraken-black-spiced-rum-94-proof,ACTIVE,9094738,811538013024,2026-07-18 17:34:24,,,,,,,1,variant_audit_2026-07-22,2026-07-22
42913387118667,,7263133139019,,Jose Cuervo Margarita Mix,1L,jose-cuervo-light-margaritas-lime,ACTIVE,9021973,811538011211,2026-07-18 17:34:26,,,,,,,1,variant_audit_2026-07-22,2026-07-22
42913387184203,,7263133073483,,Jose Cuervo Especial Silver,1L,jose-cuervo-especial-silver,ACTIVE,9073853,811538010825,2026-07-18 17:34:26,,,,,,,1,variant_audit_2026-07-22,2026-07-22
42913387216971,,7263133073483,,Jose Cuervo Especial Silver,750ML,jose-cuervo-especial-silver,ACTIVE,9073854,811538010856,2026-07-18 17:34:26,,,,,,,1,variant_audit_2026-07-22,2026-07-22
42913387249739,,7263133073483,,Jose Cuervo Especial Silver,200ML,jose-cuervo-especial-silver,ACTIVE,9073517,811538010931,2026-07-18 17:34:26,,,,,,,1,variant_audit_2026-07-22,2026-07-22
42913387282507,,7263133073483,,Jose Cuervo Especial Silver,375ML,jose-cuervo-especial-silver,ACTIVE,9073516,811538010870,2026-07-18 17:34:26,,,,,,,1,variant_audit_2026-07-22,2026-07-22
42913387315275,,7263133073483,,Jose Cuervo Especial Silver,100ML,jose-cuervo-especial-silver,ACTIVE,9174465,811538011990,2026-07-18 17:34:26,,,,,,,1,variant_audit_2026-07-22,2026-07-22
42913387348043,,7263133073483,,Jose Cuervo Especial Silver,50ML,jose-cuervo-especial-silver,ACTIVE,9073519,811538010955,2026-07-18 17:34:26,,,,,,,1,variant_audit_2026-07-22,2026-07-22
42913387413579,,7263133040715,,Jose Cuervo Especial Gold Tequila,1L,jose-cuervo-especial-gold,ACTIVE,9000399,811538010801,2026-07-18 17:34:27,,,,,,,1,variant_audit_2026-07-22,2026-07-22
42913387446347,,7263133040715,,Jose Cuervo Especial Gold Tequila,750ML,jose-cuervo-especial-gold,ACTIVE,9000406,811538010832,2026-07-18 17:34:27,,,,,,,1,variant_audit_2026-07-22,2026-07-22
42913387479115,,7263133040715,,Jose Cuervo Especial Gold Tequila,200ML,jose-cuervo-especial-gold,ACTIVE,9000401,811538010924,2026-07-18 17:34:27,,,,,,,1,variant_audit_2026-07-22,2026-07-22
42913387511883,,7263133040715,,Jose Cuervo Especial Gold Tequila,100ML,jose-cuervo-especial-gold,ACTIVE,9174464,811538011983,2026-07-18 17:34:27,,,,,,,1,variant_audit_2026-07-22,2026-07-22
42913387544651,,7263133040715,,Jose Cuervo Especial Gold Tequila,50ML,jose-cuervo-especial-gold,ACTIVE,9036827,811538010948,2026-07-18 17:34:27,,,,,,,1,variant_audit_2026-07-22,2026-07-22
42913387577419,,7263133040715,,Jose Cuervo Especial Gold Tequila,375ML,jose-cuervo-especial-gold,ACTIVE,9043863,811538010894,2026-07-18 17:34:27,,,,,,,1,variant_audit_2026-07-22,2026-07-22
42913387642955,,7263133007947,,Jose Cuervo Devil's Reserve Tequila,750ML,jose-cuervo-devils-reserve-reserva-del-diablo-tequila,ACTIVE,3016234,818844028018,2026-07-18 17:34:28,,,,,,,1,variant_audit_2026-07-22,2026-07-22
42913387708491,,7263132975179,,Jose Cuervo Strawberry Lime Margarita,200ML,jose-cuervo-authentic-strawberry-lime-margarita,ACTIVE,9182049,811538012768,2026-07-18 17:34:29,,,,,,,1,variant_audit_2026-07-22,2026-07-22
42913387806795,,7263132909643,,Jose Cuervo Pink Lemonade Margarita,1.75L,jose-cuervo-authentic-pink-lemonade-margarita,ACTIVE,9197175,811538013765,2026-07-18 17:34:29,,,,,,,1,variant_audit_2026-07-22,2026-07-22
42913387872331,,7263132876875,,Jose Cuervo Mango Margarita,200ML,jose-cuervo-authentic-mango-margarita,ACTIVE,3004064,811538016506,2026-07-18 17:34:30,,,,,,,1,variant_audit_2026-07-22,2026-07-22
42913387970635,,7263132778571,,Jose Cuervo Classic Margarita,1.75L,jose-cuervo-authentic-classic-lime-margarita,ACTIVE,9000402,811538010993,2026-07-18 17:34:31,,,,,,,1,variant_audit_2026-07-22,2026-07-22
42913388068939,,7263132483659,,Hendrick's Gin,750ML,hendricks-gin,ACTIVE,9018599,083664990436,2026-07-18 17:34:33,,,,,,,1,variant_audit_2026-07-22,2026-07-22
42913388101707,,7263132483659,,Hendrick's Gin,1.75L,hendricks-gin,ACTIVE,9070208,083664869756,2026-07-18 17:34:33,,,,,,,1,variant_audit_2026-07-22,2026-07-22
42913388167243,,7263132450891,,Hazlitt White Cat,3L,hazlitt-white-cat,ACTIVE,3012472,605330000722,2026-07-18 17:34:33,,,,,,,1,variant_audit_2026-07-22,2026-07-22
42913388232779,,7263132385355,,Hazlitt Red Cat,3L,hazlitt-red-cat,ACTIVE,3012470,605330000715,2026-07-18 17:34:34,,,,,,,1,variant_audit_2026-07-22,2026-07-22
42913388429387,,7263132057675,,Grant's Triple Wood Blended Scotch Whisky,1L,grants-triple-wood-blended-scotch-whisky,ACTIVE,9001733,083664101047,2026-07-18 17:34:37,,,,,,,1,variant_audit_2026-07-22,2026-07-22
42913388462155,,7263132057675,,Grant's Triple Wood Blended Scotch Whisky,750ML,grants-triple-wood-blended-scotch-whisky,ACTIVE,9001732,083664101399,2026-07-18 17:34:37,,,,,,,1,variant_audit_2026-07-22,2026-07-22
42913388560459,,7263131861067,,Glenfiddich 14Yrs Bourbon Barrel,750ML,glenfiddich-14-year-old-bourbon-barrel-reserve-single-malt-scotch-whisky,ACTIVE,9191391,083664873463,2026-07-18 17:34:39,,,,,,,1,variant_audit_2026-07-22,2026-07-22
42913388625995,,7263131795531,,Glenfiddich 12 Year Single Malt Scotch,750ML,glenfiddich-12-year-old-single-malt-scotch-whisky,ACTIVE,9033615,083664107360,2026-07-18 17:34:39,,,,,,,1,variant_audit_2026-07-22,2026-07-22
42913388822603,,7263131369547,,Five Farms Irish Cream,750ML,five-farms-irish-cream,ACTIVE,3000156,085592157059,2026-07-18 17:34:42,,,,,,,1,variant_audit_2026-07-22,2026-07-22
42913388888139,,7263131304011,,Fernet Branca,750ML,fernet-branca-liqueur-78-proof,ACTIVE,3002647,898563002742,2026-07-18 17:34:43,,,,,,,1,variant_audit_2026-07-22,2026-07-22
42913388953675,,7263131238475,,Empress 1908 Gin,1L,empress-1908-gin,ACTIVE,3012204,628451773238,2026-07-18 17:34:44,,,,,,,1,variant_audit_2026-07-22,2026-07-22
42913388986443,,7263131238475,,Empress 1908 Gin,750ML,empress-1908-gin,ACTIVE,9264441,628451773108,2026-07-18 17:34:44,,,,,,,1,variant_audit_2026-07-22,2026-07-22
42913389084747,,7263131009099,,Disaronno Originale,375ML,disaronno-originale,ACTIVE,9043783,050037014518,2026-07-18 17:34:45,,,,,,,1,variant_audit_2026-07-22,2026-07-22
42913389117515,,7263131009099,,Disaronno Originale,750ML,disaronno-originale,ACTIVE,46441,050037014501,2026-07-18 17:34:45,,,,,,,1,variant_audit_2026-07-22,2026-07-22
42913389150283,,7263131009099,,Disaronno Originale,1.75L,disaronno-originale,ACTIVE,46425,050037016420,2026-07-18 17:34:45,,,,,,,1,variant_audit_2026-07-22,2026-07-22
42913389215819,,7263130878027,,Deep Eddy Ruby Red Vodka,375ML,deep-eddy-ruby-red-vodka,ACTIVE,9185661,856065002479,2026-07-18 17:34:46,,,,,,,1,variant_audit_2026-07-22,2026-07-22
42913389248587,,7263130878027,,Deep Eddy Ruby Red Vodka,1L,deep-eddy-ruby-red-vodka,ACTIVE,9178387,856065002097,2026-07-18 17:34:46,,,,,,,1,variant_audit_2026-07-22,2026-07-22
42913389281355,,7263130878027,,Deep Eddy Ruby Red Vodka,50ML,deep-eddy-ruby-red-vodka,ACTIVE,3005434,856065002110,2026-07-18 17:34:46,,,,,,,1,variant_audit_2026-07-22,2026-07-22
42913389314123,,7263130779723,,Deep Eddy Original Vodka,375ML,deep-eddy-original-vodka,ACTIVE,9185659,856065002455,2026-07-18 17:34:47,,,,,,,1,variant_audit_2026-07-22,2026-07-22
42913389346891,,7263130779723,,Deep Eddy Original Vodka,1L,deep-eddy-original-vodka,ACTIVE,9178383,856065002042,2026-07-18 17:34:47,,,,,,,1,variant_audit_2026-07-22,2026-07-22
42913389379659,,7263130681419,,Deep Eddy Lime Vodka,375ML,deep-eddy-lime-vodka,ACTIVE,3010423,096749004003,2026-07-18 17:34:48,,,,,,,1,variant_audit_2026-07-22,2026-07-22
42913389412427,,7263130681419,,Deep Eddy Lime Vodka,1L,deep-eddy-lime-vodka,ACTIVE,3007018,856065002264,2026-07-18 17:34:48,,,,,,,1,variant_audit_2026-07-22,2026-07-22
42913389445195,,7263130681419,,Deep Eddy Lime Vodka,50ML,deep-eddy-lime-vodka,ACTIVE,3007020,856065002301,2026-07-18 17:34:48,,,,,,,1,variant_audit_2026-07-22,2026-07-22
42913389477963,gid://shopify/ProductVariant/42913389477963,7263130648651,,Deep Eddy Lemon Vodka,375ML,deep-eddy-lemon-vodka,ACTIVE,9185658,856065002493,2026-07-18 17:34:49,9.99,7.43,,,Empire Merchants North,Vodka,1,variant_audit_2026-07-22,2026-08-07_top50_refresh
42913389510731,gid://shopify/ProductVariant/42913389510731,7263130648651,,Deep Eddy Lemon Vodka,1L,deep-eddy-lemon-vodka,ACTIVE,9185656,856065002424,2026-07-18 17:34:49,23.99,17.89,,,Empire Merchants North,Vodka,1,variant_audit_2026-07-22,2026-08-07_top50_refresh
42913389543499,gid://shopify/ProductVariant/42913389543499,7263130648651,,Deep Eddy Lemon Vodka,1.75L,deep-eddy-lemon-vodka,ACTIVE,9185657,856065002431,2026-07-18 17:34:49,29.99,24.99,,,Empire Merchants North,Vodka,1,variant_audit_2026-07-22,2026-08-07_top50_refresh
42913389641803,,7263129829451,,Chi-Chi's Pina Colada,187ML,chi-chis-pina-colada,ACTIVE,3007726,088004027407,2026-07-18 17:34:53,,,,,,,1,variant_audit_2026-07-22,2026-07-22
42913389740107,,7263129731147,,Chi-Chi's Mexican Mudslide,187ML,chi-chis-mexican-mudslide,ACTIVE,3007724,088004027391,2026-07-18 17:34:55,,,,,,,1,variant_audit_2026-07-22,2026-07-22
42913389838411,,7263129665611,,Chi-Chi's Margarita,187ML,chi-chis-margarita,ACTIVE,3007723,080660011349,2026-07-18 17:34:56,,,,,,,1,variant_audit_2026-07-22,2026-07-22
42913390002251,,7263129632843,,Chi-Chi's Long Island Iced Tea,1.75L,chi-chis-long-island-iced-tea,ACTIVE,9004687,089000548811,2026-07-18 17:34:58,,,,,,,1,variant_audit_2026-07-22,2026-07-22
42913390329931,,7263129469003,,Carpano Antica Formula Vermouth,750ML,carpano-antica-formula-vermouth,ACTIVE,3004726,898563002605,2026-07-18 17:35:00,,,,,,,1,variant_audit_2026-07-22,2026-07-22
42913390559307,,7263129436235,,Caravella Limoncello,750ML,caravella-limoncello,ACTIVE,9115008,080660776057,2026-07-18 17:35:01,,,,,,,1,variant_audit_2026-07-22,2026-07-22
42913390592075,,7263129436235,,Caravella Limoncello,50ML,caravella-limoncello,ACTIVE,9024533,080660776231,2026-07-18 17:35:01,,,,,,,1,variant_audit_2026-07-22,2026-07-22
42913391018059,,7263129206859,,Bushmills Original Irish Whisky,375ML,bushmills-original-irish-whiskey,ACTIVE,9000736,811538016179,2026-07-18 17:35:04,,,,,,,1,variant_audit_2026-07-22,2026-07-22
42913391050827,,7263129206859,,Bushmills Original Irish Whisky,750ML,bushmills-original-irish-whiskey,ACTIVE,9000734,811538016162,2026-07-18 17:35:04,,,,,,,1,variant_audit_2026-07-22,2026-07-22
42913391345739,,7263129075787,,Buffalo Trace Bourbon Cream,50ML,buffalo-trace-bourbon-cream,ACTIVE,3007378,088004034757,2026-07-18 17:35:06,,,,,,,1,variant_audit_2026-07-22,2026-07-22
42913392590923,,7263128027211,,Barton Vodka,200ML,barton-vodka,ACTIVE,9034420,080660472089,2026-07-18 17:35:13,,,,,,,1,variant_audit_2026-07-22,2026-07-22
42913392623691,,7263128027211,,Barton Vodka,750ML,barton-vodka,ACTIVE,9034422,082928114151,2026-07-18 17:35:13,,,,,,,1,variant_audit_2026-07-22,2026-07-22
42913392656459,,7263128027211,,Barton Vodka,1.75L,barton-vodka,ACTIVE,9024378,080660472614,2026-07-18 17:35:13,,,,,,,1,variant_audit_2026-07-22,2026-07-22
42913392820299,,7263127994443,,Barton Rum Dark Gold,1L,barton-rum-dark-gold,ACTIVE,9044121,080660548135,2026-07-18 17:35:14,,,,,,,1,variant_audit_2026-07-22,2026-07-22
42913392951371,,7263127928907,,Barton London Extra Dry Gin,1L,barton-london-extra-dry-gin,ACTIVE,9004608,080660411330,2026-07-18 17:35:15,,,,,,,1,variant_audit_2026-07-22,2026-07-22
42913392984139,,7263127928907,,Barton London Extra Dry Gin,375ML,barton-london-extra-dry-gin,ACTIVE,9034403,080660411071,2026-07-18 17:35:15,,,,,,,1,variant_audit_2026-07-22,2026-07-22
42913393082443,,7263127896139,,Barton Light Rum,1L,barton-light-rum,ACTIVE,9024377,080660559537,2026-07-18 17:35:15,,,,,,,1,variant_audit_2026-07-22,2026-07-22
42913393344587,,7263127273547,,1800 Tequila Reposado,200ML,1800-tequila-reposado,ACTIVE,9133146,811538010108,2026-07-18 17:35:19,,,,,,,1,variant_audit_2026-07-22,2026-07-22
42913393377355,,7263127273547,,1800 Tequila Reposado,50ML,1800-tequila-reposado,ACTIVE,9039331,811538010214,2026-07-18 17:35:19,,,,,,,1,variant_audit_2026-07-22,2026-07-22
42913393410123,,7263127273547,,1800 Tequila Reposado,1L,1800-tequila-reposado,ACTIVE,9009475,811538010245,2026-07-18 17:35:19,,,,,,,1,variant_audit_2026-07-22,2026-07-22
42913393442891,,7263127273547,,1800 Tequila Reposado,750ML,1800-tequila-reposado,ACTIVE,9009474,811538010238,2026-07-18 17:35:19,,,,,,,1,variant_audit_2026-07-22,2026-07-22
42913393573963,,7263127175243,,1800 Tequila Coconut,750ML,1800-tequila-coconut,ACTIVE,9144454,811538010375,2026-07-18 17:35:21,,,,,,,1,variant_audit_2026-07-22,2026-07-22
42913393639499,,7263127109707,,1800 Tequila Blanco,200ML,1800-tequila-blanco,ACTIVE,9129483,811538010191,2026-07-18 17:35:21,,,,,,,1,variant_audit_2026-07-22,2026-07-22
42913393672267,,7263127109707,,1800 Tequila Blanco,375ML,1800-tequila-blanco,ACTIVE,9039324,811538010122,2026-07-18 17:35:21,,,,,,,1,variant_audit_2026-07-22,2026-07-22
42913393705035,,7263127109707,,1800 Tequila Blanco,750ML,1800-tequila-blanco,ACTIVE,9039323,811538010139,2026-07-18 17:35:21,,,,,,,1,variant_audit_2026-07-22,2026-07-22
42913393737803,,7263127109707,,1800 Tequila Blanco,1L,1800-tequila-blanco,ACTIVE,9039322,811538010146,2026-07-18 17:35:21,,,,,,,1,variant_audit_2026-07-22,2026-07-22
42913394098251,,7263016779851,,Taylor Port,375ML,taylor-port,ACTIVE,3012256,085000035511,2026-07-18 17:35:28,,,,,,,1,variant_audit_2026-07-22,2026-07-22
42913394131019,,7263016779851,,Taylor Port,3L,taylor-port,ACTIVE,9026294,088940000854,2026-07-18 17:35:28,,,,,,,1,variant_audit_2026-07-22,2026-07-22
42913394163787,,7263016779851,,Taylor Port,750ML,taylor-port,ACTIVE,9004912,088940000014,2026-07-18 17:35:28,,,,,,,1,variant_audit_2026-07-22,2026-07-22
42913394229323,,7263016714315,,Taylor Marsala,750ML,taylor-marsala,ACTIVE,9026293,088940110010,2026-07-18 17:35:28,,,,,,,1,variant_audit_2026-07-22,2026-07-22
42913394589771,,7263016353867,,RumChata,375ML,rumchata,ACTIVE,3008337,890355001032,2026-07-18 17:35:33,,,,,,,1,variant_audit_2026-07-22,2026-07-22
42913394622539,,7263016353867,,RumChata,750ML,rumchata,ACTIVE,3008333,890355001025,2026-07-18 17:35:33,,,,,,,1,variant_audit_2026-07-22,2026-07-22
42913394655307,,7263016353867,,RumChata,1L,rumchata,ACTIVE,3008338,890355001018,2026-07-18 17:35:33,,,,,,,1,variant_audit_2026-07-22,2026-07-22
42913394688075,,7263016353867,,RumChata,1.75L,rumchata,ACTIVE,3008341,890355001001,2026-07-18 17:35:33,,,,,,,1,variant_audit_2026-07-22,2026-07-22
42913395146827,,7263015796811,,New Amsterdam The Original Gin,1L,new-amsterdam-the-original-stratusphere-gin,ACTIVE,9025747,085000016176,2026-07-18 17:35:39,,,,,,,1,variant_audit_2026-07-22,2026-07-22
42913395179595,,7263015796811,,New Amsterdam The Original Gin,375ML,new-amsterdam-the-original-stratusphere-gin,ACTIVE,9020829,085000014325,2026-07-18 17:35:39,,,,,,,1,variant_audit_2026-07-22,2026-07-22
42913395212363,,7263015796811,,New Amsterdam The Original Gin,750ML,new-amsterdam-the-original-stratusphere-gin,ACTIVE,9020828,085000014318,2026-07-18 17:35:39,,,,,,,1,variant_audit_2026-07-22,2026-07-22
42913395245131,,7263015796811,,New Amsterdam The Original Gin,200ML,new-amsterdam-the-original-stratusphere-gin,ACTIVE,9020830,085000014332,2026-07-18 17:35:39,,,,,,,1,variant_audit_2026-07-22,2026-07-22
42913395277899,,7263015796811,,New Amsterdam The Original Gin,50ML,new-amsterdam-the-original-stratusphere-gin,ACTIVE,9030083,08540209,2026-07-18 17:35:39,,,,,,,1,variant_audit_2026-07-22,2026-07-22
42913395343435,,7263015764043,,New Amsterdam Tangerine Flavored Vodka,750ML,new-amsterdam-tangerine-flavored-vodka,ACTIVE,3014817,085000034828,2026-07-18 17:35:40,,,,,,,1,variant_audit_2026-07-22,2026-07-22
42913395441739,,7263015731275,,New Amsterdam Red Berry,1.75L,new-amsterdam-red-berry,ACTIVE,9169167,085000021675,2026-07-18 17:35:40,,,,,,,1,variant_audit_2026-07-22,2026-07-22
42913395540043,,7263015698507,,New Amsterdam Raspberry,750ML,new-amsterdam-raspberry,ACTIVE,9259912,085000026151,2026-07-18 17:35:41,,,,,,,1,variant_audit_2026-07-22,2026-07-22
42913395638347,,7263015665739,,New Amsterdam Pink Whitney,200ML,new-amsterdam-pink-whitney,ACTIVE,3007464,085000032534,2026-07-18 17:35:41,,,,,,,1,variant_audit_2026-07-22,2026-07-22
42913395671115,,7263015665739,,New Amsterdam Pink Whitney,375ML,new-amsterdam-pink-whitney,ACTIVE,3007463,085000032541,2026-07-18 17:35:41,,,,,,,1,variant_audit_2026-07-22,2026-07-22
42913395703883,,7263015665739,,New Amsterdam Pink Whitney,750ML,new-amsterdam-pink-whitney,ACTIVE,3003817,085000029626,2026-07-18 17:35:41,,,,,,,1,variant_audit_2026-07-22,2026-07-22
42913395736651,,7263015665739,,New Amsterdam Pink Whitney,1L,new-amsterdam-pink-whitney,ACTIVE,3005104,085000031353,2026-07-18 17:35:41,,,,,,,1,variant_audit_2026-07-22,2026-07-22
42913395769419,,7263015665739,,New Amsterdam Pink Whitney,1.75L,new-amsterdam-pink-whitney,ACTIVE,3012315,085000031360,2026-07-18 17:35:41,,,,,,,1,variant_audit_2026-07-22,2026-07-22
42913395867723,,7263015600203,,New Amsterdam Peach,750ML,new-amsterdam-peach,ACTIVE,9152412,085000020333,2026-07-18 17:35:43,,,,,,,1,variant_audit_2026-07-22,2026-07-22
42913395933259,,7263015567435,,New Amsterdam Passionfruit,750ML,new-amsterdam-passionfruit,ACTIVE,3010045,085000034194,2026-07-18 17:35:43,,,,,,,1,variant_audit_2026-07-22,2026-07-22
42913396031563,,7263015534667,,New Amsterdam Original Vodka 100 Proof,750ML,new-amsterdam-original-vodka-100-proof,ACTIVE,9227376,085000024317,2026-07-18 17:35:44,,,,,,,1,variant_audit_2026-07-22,2026-07-22
42913396064331,,7263015534667,,New Amsterdam Original Vodka 100 Proof,50ML,new-amsterdam-original-vodka-100-proof,ACTIVE,3014414,08564607,2026-07-18 17:35:44,,,,,,,1,variant_audit_2026-07-22,2026-07-22
42913396129867,,7263015501899,,New Amsterdam Original Vodka,375ML,new-amsterdam-original-vodka,ACTIVE,9137927,085000019481,2026-07-18 17:35:45,,,,,,,1,variant_audit_2026-07-22,2026-07-22
42913396162635,,7263015501899,,New Amsterdam Original Vodka,200ML,new-amsterdam-original-vodka,ACTIVE,9137926,085000019474,2026-07-18 17:35:45,,,,,,,1,variant_audit_2026-07-22,2026-07-22
42913396195403,,7263015501899,,New Amsterdam Original Vodka,750ML,new-amsterdam-original-vodka,ACTIVE,9137923,085000019498,2026-07-18 17:35:45,,,,,,,1,variant_audit_2026-07-22,2026-07-22
42913396228171,,7263015501899,,New Amsterdam Original Vodka,1L,new-amsterdam-original-vodka,ACTIVE,9137928,085000019504,2026-07-18 17:35:45,,,,,,,1,variant_audit_2026-07-22,2026-07-22
42913396260939,,7263015501899,,New Amsterdam Original Vodka,1.75L,new-amsterdam-original-vodka,ACTIVE,9137929,085000019511,2026-07-18 17:35:45,,,,,,,1,variant_audit_2026-07-22,2026-07-22
42913396359243,,7263015469131,,New Amsterdam Mango,1.75L,new-amsterdam-mango,ACTIVE,9185687,085000023204,2026-07-18 17:35:45,,,,,,,1,variant_audit_2026-07-22,2026-07-22
42913396392011,,7263015469131,,New Amsterdam Mango,750ML,new-amsterdam-mango,ACTIVE,9185690,085000023181,2026-07-18 17:35:45,,,,,,,1,variant_audit_2026-07-22,2026-07-22
42913396457547,,7263015436363,,New Amsterdam Lemon,750ML,new-amsterdam-lemon,ACTIVE,9263831,085000026526,2026-07-18 17:35:46,,,,,,,1,variant_audit_2026-07-22,2026-07-22
42913396523083,,7263015403595,,New Amsterdam Grapefruit,750ML,new-amsterdam-grapefruit,ACTIVE,3002359,085000023563,2026-07-18 17:35:47,,,,,,,1,variant_audit_2026-07-22,2026-07-22
42913396588619,,7263015338059,,New Amsterdam Coconut,50ML,new-amsterdam-coconut,ACTIVE,3014400,08559605,2026-07-18 17:35:48,,,,,,,1,variant_audit_2026-07-22,2026-07-22
42913396621387,,7263015338059,,New Amsterdam Coconut,750ML,new-amsterdam-coconut,ACTIVE,9163999,085000021361,2026-07-18 17:35:48,,,,,,,1,variant_audit_2026-07-22,2026-07-22
42913396719691,,7263015206987,,Manischewitz Concord Grape Kosher,750ML,manischewitz-concord-grape-kosher,ACTIVE,9044829,085976033931,2026-07-18 17:35:49,,,,,,,1,variant_audit_2026-07-22,2026-07-22
42913396785227,,7263015174219,,Manischewitz Blackberry Kosher,750ML,manischewitz-blackberry-kosher,ACTIVE,9044808,085976034006,2026-07-18 17:35:50,,,,,,,1,variant_audit_2026-07-22,2026-07-22
42913396981835,,7263014879307,,La Marca Prosecco Rose,187ML,la-marca-prosecco-rose,ACTIVE,3015965,085000034705,2026-07-18 17:35:54,,,,,,,1,variant_audit_2026-07-22,2026-07-22
42913397047371,gid://shopify/ProductVariant/42913397047371,7263014846539,,La Marca Prosecco,375ML,la-marca-prosecco,ACTIVE,3004871,085000031094,2026-07-18 17:35:54,10.99,7.33,,,Empire Merchants North,Sparkling Wine,1,variant_audit_2026-07-22,2026-08-07_top50_refresh
42913397080139,gid://shopify/ProductVariant/42913397080139,7263014846539,,La Marca Prosecco,750ML,la-marca-prosecco,ACTIVE,9064483,085000017739,2026-07-18 17:35:54,19.99,14.0,,,Empire Merchants North,Sparkling Wine,1,variant_audit_2026-07-22,2026-08-07_top50_refresh
42913397112907,gid://shopify/ProductVariant/42913397112907,7263014846539,,La Marca Prosecco,1.5L,la-marca-prosecco,ACTIVE,9064479,085000022849,2026-07-18 17:35:54,34.99,24.0,,,Empire Merchants North,Sparkling Wine,1,variant_audit_2026-07-22,2026-08-07_top50_refresh
42913397178443,,7263014813771,,John Barr Reserve Blend Blended Scotch Whisky,1L,john-barr-reserve-blend-blended-scotch-whisky,ACTIVE,9240889,087647112327,2026-07-18 17:35:55,,,,,,,1,variant_audit_2026-07-22,2026-07-22
42913397211211,,7263014813771,,John Barr Reserve Blend Blended Scotch Whisky,1.75L,john-barr-reserve-blend-blended-scotch-whisky,ACTIVE,9240881,087647112334,2026-07-18 17:35:55,,,,,,,1,variant_audit_2026-07-22,2026-07-22
42913397538891,,7263014060107,,Gallo Family Vineyards Sweet Berry,750ML,gallo-family-vineyards-sweet-strawberry,ACTIVE,9190478,085000022986,2026-07-18 17:36:01,,,,,,,1,variant_audit_2026-07-22,2026-07-22
42913397604427,,7263014027339,,Gallo Family Vineyards Sweet Pineapple,750ML,gallo-family-vineyards-sweet-pineapple,ACTIVE,9190476,085000022566,2026-07-18 17:36:01,,,,,,,1,variant_audit_2026-07-22,2026-07-22
42913397669963,,7263013994571,,Gallo Family Vineyards Sweet Peach,750ML,gallo-family-vineyards-sweet-peach,ACTIVE,9190479,085000022573,2026-07-18 17:36:02,,,,,,,1,variant_audit_2026-07-22,2026-07-22
42913397735499,,7263013961803,,Gallo Family Vineyards Pinot Grigio,750ML,gallo-family-vineyards-pinot-grigio,ACTIVE,9018731,085000015872,2026-07-18 17:36:03,,,,,,,1,variant_audit_2026-07-22,2026-07-22
42913397801035,,7263013929035,,Gallo Family Vineyards Pink Moscato California,750ML,gallo-family-vineyards-pink-moscato-california,ACTIVE,9144845,085000019900,2026-07-18 17:36:04,,,,,,,1,variant_audit_2026-07-22,2026-07-22
42913397866571,,7263013896267,,Gallo Family Vineyards Moscato,750ML,gallo-family-vineyards-moscato,ACTIVE,9007515,085000015216,2026-07-18 17:36:04,,,,,,,1,variant_audit_2026-07-22,2026-07-22
42913397932107,,7263013863499,,Gallo Family Vineyards Chardonnay,750ML,gallo-family-vineyards-chardonnay,ACTIVE,1221746,085000005033,2026-07-18 17:36:05,,,,,,,1,variant_audit_2026-07-22,2026-07-22
42913398030411,,7263013830731,,Gallo Family Vineyards Cabernet Sauvignon,750ML,gallo-family-vineyards-cabernet-sauvignon,ACTIVE,1221944,085000005002,2026-07-18 17:36:06,,,,,,,1,variant_audit_2026-07-22,2026-07-22
42913398194251,,7263013568587,,E&J Brandy XO,750ML,e-j-brandy-xo,ACTIVE,9016328,085000009154,2026-07-18 17:36:08,,,,,,,1,variant_audit_2026-07-22,2026-07-22
42913398227019,,7263013568587,,E&J Brandy XO,50ML,e-j-brandy-xo,ACTIVE,9010010,08591106,2026-07-18 17:36:08,,,,,,,1,variant_audit_2026-07-22,2026-07-22
42913398292555,,7263013535819,,E&J Brandy VSOP,1L,e-j-brandy-vsop,ACTIVE,220533,085000003824,2026-07-18 17:36:09,,,,,,,1,variant_audit_2026-07-22,2026-07-22
42913398325323,,7263013535819,,E&J Brandy VSOP,750ML,e-j-brandy-vsop,ACTIVE,220541,085000003817,2026-07-18 17:36:09,,,,,,,1,variant_audit_2026-07-22,2026-07-22
42913398358091,,7263013535819,,E&J Brandy VSOP,200ML,e-j-brandy-vsop,ACTIVE,220574,085000003794,2026-07-18 17:36:09,,,,,,,1,variant_audit_2026-07-22,2026-07-22
42913398718539,,7263012978763,,Carlo Rossi Sangria,750ML,carlo-rossi-sangria,ACTIVE,9236102,085000025017,2026-07-18 17:36:14,,,,,,,1,variant_audit_2026-07-22,2026-07-22
42913398849611,,7263012683851,,Camarena Silver,750ML,camarena-silver,ACTIVE,9042965,085000016824,2026-07-18 17:36:17,,,,,,,1,variant_audit_2026-07-22,2026-07-22
42913398915147,,7263012651083,,Camarena Reposado,750ML,camarena-reposado,ACTIVE,9119539,085000017326,2026-07-18 17:36:18,,,,,,,1,variant_audit_2026-07-22,2026-07-22
42913398947915,,7263012618315,,Black Box Sauvignon Blanc,500ML,black-box-sauvignon-blanc,ACTIVE,,085000033395,2026-07-18 17:36:19,,,,,,,1,variant_audit_2026-07-22,2026-07-22
42913399013451,gid://shopify/ProductVariant/42913399013451,7263012520011,,Black Box Pinot Noir,500ML,black-box-pinot-noir,ACTIVE,,081434710055,2026-07-18 17:36:20,4.99,3.33,,,Empire Merchants North,Red Wine,1,variant_audit_2026-07-22,2026-08-07_top50_refresh
42913399046219,,7263012487243,,Black Box Pinot Grigio,3L,black-box-pinot-grigio,ACTIVE,9015878,081434000224,2026-07-18 17:36:21,,,,,,,1,variant_audit_2026-07-22,2026-07-22
42913399111755,,7263012454475,,Black Box Merlot,500ML,black-box-merlot,ACTIVE,,081434000316,2026-07-18 17:36:22,,,,,,,1,variant_audit_2026-07-22,2026-07-22
42913399210059,,7263012421707,,Black Box Chardonnay Australia,500ML,black-box-chardonnay-australia,ACTIVE,,081434000309,2026-07-18 17:36:22,,,,,,,1,variant_audit_2026-07-22,2026-07-22
42913399275595,,7263012388939,,Black Box Cabernet Sauvignon Chile,3L,black-box-cabernet-sauvignon-chile,ACTIVE,9004297,081434000033,2026-07-18 17:36:23,,,,,,,1,variant_audit_2026-07-22,2026-07-22
42913399406667,,7263012290635,,Barefoot Sauvignon Blanc,750ML,barefoot-sauvignon-blanc,ACTIVE,2113140,018341751024,2026-07-18 17:36:24,,,,,,,1,variant_audit_2026-07-22,2026-07-22
42913399439435,,7263012290635,,Barefoot Sauvignon Blanc,187ML,barefoot-sauvignon-blanc,ACTIVE,3016468,085000039472,2026-07-18 17:36:24,,,,,,,1,variant_audit_2026-07-22,2026-07-22
42913399504971,,7263012257867,,Barefoot Rose,750ML,barefoot-rose,ACTIVE,9251933,085000025871,2026-07-18 17:36:25,,,,,,,1,variant_audit_2026-07-22,2026-07-22
42913399537739,,7263012257867,,Barefoot Rose,187ML,barefoot-rose,ACTIVE,9263830,085000046647,2026-07-18 17:36:25,,,,,,,1,variant_audit_2026-07-22,2026-07-22
42913399636043,,7263012225099,,Barefoot Riesling,750ML,barefoot-riesling,ACTIVE,9078178,085000015810,2026-07-18 17:36:25,,,,,,,1,variant_audit_2026-07-22,2026-07-22
42913399668811,,7263012225099,,Barefoot Riesling,187ML,barefoot-riesling,ACTIVE,9257467,085000046265,2026-07-18 17:36:25,,,,,,,1,variant_audit_2026-07-22,2026-07-22
42913399701579,,7263012192331,,Barefoot Pinot Noir,750ML,barefoot-pinot-noir,ACTIVE,9086348,085000017074,2026-07-18 17:36:26,,,,,,,1,variant_audit_2026-07-22,2026-07-22
42913399734347,,7263012192331,,Barefoot Pinot Noir,1.5L,barefoot-pinot-noir,ACTIVE,9096135,085000017364,2026-07-18 17:36:26,,,,,,,1,variant_audit_2026-07-22,2026-07-22
42913399799883,gid://shopify/ProductVariant/42913399799883,7263012159563,,Barefoot Pinot Grigio,750ML,barefoot-pinot-grigio,ACTIVE,9006139,085000014448,2026-07-18 17:36:27,6.99,5.33,,,Empire Merchants North,White Wine,1,variant_audit_2026-07-22,2026-08-07_top50_refresh
42913399832651,gid://shopify/ProductVariant/42913399832651,7263012159563,,Barefoot Pinot Grigio,187ML,barefoot-pinot-grigio,ACTIVE,9253411,085000045282,2026-07-18 17:36:27,7.99,5.32,,,Empire Merchants North,White Wine,1,variant_audit_2026-07-22,2026-08-07_top50_refresh
42913399930955,,7263012094027,,Barefoot Chardonnay,750ML,barefoot-chardonnay,ACTIVE,2112944,018341751055,2026-07-18 17:36:28,,,,,,,1,variant_audit_2026-07-22,2026-07-22
42913399963723,,7263012094027,,Barefoot Chardonnay,1.5L,barefoot-chardonnay,ACTIVE,2112928,018341151053,2026-07-18 17:36:28,,,,,,,1,variant_audit_2026-07-22,2026-07-22
42913400029259,,7263012061259,,Barefoot Cabernet Sauvignon,750ML,barefoot-cabernet-sauvignon,ACTIVE,2112241,018341751017,2026-07-18 17:36:28,,,,,,,1,variant_audit_2026-07-22,2026-07-22
42913400062027,,7263012061259,,Barefoot Cabernet Sauvignon,187ML,barefoot-cabernet-sauvignon,ACTIVE,9257463,085000045213,2026-07-18 17:36:28,,,,,,,1,variant_audit_2026-07-22,2026-07-22
42913400193099,,7263011799115,,Arbor Mist Peach Moscato,750ML,arbor-mist-peach-moscato,ACTIVE,3004077,082100739097,2026-07-18 17:36:30,,,,,,,1,variant_audit_2026-07-22,2026-07-22
42913400520779,,7263011766347,,Arbor Mist Mango Strawberry Moscato,1.5L,arbor-mist-mango-strawberry-moscato,ACTIVE,3004069,082100738571,2026-07-18 17:36:31,,,,,,,1,variant_audit_2026-07-22,2026-07-22
42913401208907,gid://shopify/ProductVariant/42913401208907,7263004622923,,Yellow Tail Super Crisp Chardonnay,750ML,yellow-tail-super-crisp-chardonnay,ACTIVE,,031259032634,2026-07-18 17:36:41,6.99,5.34,,,Southern Glazers,White Wine,1,variant_audit_2026-07-22,2026-08-07_top50_refresh
42913401339979,,7263004590155,,Yellow Tail Shiraz,750ML,yellow-tail-shiraz,ACTIVE,,031259008943,2026-07-18 17:36:42,,,,,,,1,variant_audit_2026-07-22,2026-07-22
42913401372747,,7263004524619,,Yellow Tail Sauvignon Blanc,750ML,yellow-tail-sauvignon-blanc,ACTIVE,,031259032351,2026-07-18 17:36:43,,,,,,,1,variant_audit_2026-07-22,2026-07-22
42913401471051,,7263004459083,,Yellow Tail Pinot Noir,750ML,yellow-tail-pinot-noir,ACTIVE,,031259018492,2026-07-18 17:36:44,,,,,,,1,variant_audit_2026-07-22,2026-07-22
42913401536587,,7263004426315,,Yellow Tail Pinot Grigio,1.5L,yellow-tail-pinot-grigio,ACTIVE,,031259009728,2026-07-18 17:36:44,,,,,,,1,variant_audit_2026-07-22,2026-07-22
42913401667659,,7263004360779,,Yellow Tail Merlot,1.5L,yellow-tail-merlot,ACTIVE,,031259009230,2026-07-18 17:36:45,,,,,,,1,variant_audit_2026-07-22,2026-07-22
42913401733195,,7263004328011,,Yellow Tail Cabernet Sauvignon,1.5L,yellow-tail-cabernet-sauvignon,ACTIVE,,031259009469,2026-07-18 17:36:46,,,,,,,1,variant_audit_2026-07-22,2026-07-22
42913401798731,,7263004295243,,Yellow Tail Big Bold Red,1.5L,yellow-tail-big-bold-red,ACTIVE,,839743001490,2026-07-18 17:36:47,,,,,,,1,variant_audit_2026-07-22,2026-07-22
42913401831499,,7263004262475,,Woodbridge Sauvignon Blanc,750ML,woodbridge-sauvignon-blanc,ACTIVE,,086003861862,2026-07-18 17:36:47,,,,,,,1,variant_audit_2026-07-22,2026-07-22
42913401962571,,7263004164171,,Woodbridge Pinot Grigio,750ML,woodbridge-pinot-grigio,ACTIVE,,086003001640,2026-07-18 17:36:49,,,,,,,1,variant_audit_2026-07-22,2026-07-22
42913401995339,,7263004164171,,Woodbridge Pinot Grigio,500ML,woodbridge-pinot-grigio,ACTIVE,,086003820722,2026-07-18 17:36:49,,,,,,,1,variant_audit_2026-07-22,2026-07-22
42913402060875,,7263004098635,,Woodbridge Chardonnay,750ML,woodbridge-chardonnay,ACTIVE,,086003000087,2026-07-18 17:36:50,,,,,,,1,variant_audit_2026-07-22,2026-07-22
42913402093643,,7263004098635,,Woodbridge Chardonnay,500ML,woodbridge-chardonnay,ACTIVE,,086003820708,2026-07-18 17:36:50,,,,,,,1,variant_audit_2026-07-22,2026-07-22
42913402159179,,7263004065867,,Woodbridge Cabernet Sauvignon,750ML,woodbridge-cabernet-sauvignon,ACTIVE,,086003000094,2026-07-18 17:36:50,,,,,,,1,variant_audit_2026-07-22,2026-07-22
42913402191947,,7263004065867,,Woodbridge Cabernet Sauvignon,1.5L,woodbridge-cabernet-sauvignon,ACTIVE,,086003813854,2026-07-18 17:36:50,,,,,,,1,variant_audit_2026-07-22,2026-07-22
42913402323019,,7263003967563,,Wild Turkey Straight Bourbon 101,375ML,wild-turkey-kentucky-straight-bourbon-101,ACTIVE,,721059893756,2026-07-18 17:36:52,,,,,,,1,variant_audit_2026-07-22,2026-07-22
42913402355787,,7263003967563,,Wild Turkey Straight Bourbon 101,750ML,wild-turkey-kentucky-straight-bourbon-101,ACTIVE,,721059897501,2026-07-18 17:36:52,,,,,,,1,variant_audit_2026-07-22,2026-07-22
42913402388555,,7263003967563,,Wild Turkey Straight Bourbon 101,1L,wild-turkey-kentucky-straight-bourbon-101,ACTIVE,,721059891004,2026-07-18 17:36:52,,,,,,,1,variant_audit_2026-07-22,2026-07-22
42913402421323,,7263003967563,,Wild Turkey Straight Bourbon 101,1.75L,wild-turkey-kentucky-straight-bourbon-101,ACTIVE,,721059891752,2026-07-18 17:36:52,,,,,,,1,variant_audit_2026-07-22,2026-07-22
42913402519627,,7263003934795,,Wild Turkey Bourbon 81,750ML,wild-turkey-bourbon-81,ACTIVE,,721059847506,2026-07-18 17:36:52,,,,,,,1,variant_audit_2026-07-22,2026-07-22
42913402585163,,7263003902027,,Wild Turkey American Honey Liqueur,1.75L,wild-turkey-american-honey-liqueur,ACTIVE,,721059811750,2026-07-18 17:36:53,,,,,,,1,variant_audit_2026-07-22,2026-07-22
42913402814539,gid://shopify/ProductVariant/42913402814539,7263003574347,,Tito's Handmade Vodka,200ML,titos-handmade-vodka,ACTIVE,,619947000044,2026-07-18 17:36:56,7.99,5.52,,,Southern Glazers,Vodka,1,variant_audit_2026-07-22,2026-08-07_top50_refresh
42913402847307,gid://shopify/ProductVariant/42913402847307,7263003574347,,Tito's Handmade Vodka,375ML,titos-handmade-vodka,ACTIVE,,619947000051,2026-07-18 17:36:56,11.99,9.04,,,Southern Glazers,Vodka,1,variant_audit_2026-07-22,2026-08-07_top50_refresh
42913402880075,gid://shopify/ProductVariant/42913402880075,7263003574347,,Tito's Handmade Vodka,750ML,titos-handmade-vodka,ACTIVE,,619947000020,2026-07-18 17:36:56,21.99,16.53,,,Southern Glazers,Vodka,1,variant_audit_2026-07-22,2026-08-07_top50_refresh
42913402912843,gid://shopify/ProductVariant/42913402912843,7263003574347,,Tito's Handmade Vodka,1L,titos-handmade-vodka,ACTIVE,,619947000013,2026-07-18 17:36:56,27.99,21.93,,,Southern Glazers,Vodka,1,variant_audit_2026-07-22,2026-08-07_top50_refresh
42913402945611,gid://shopify/ProductVariant/42913402945611,7263003574347,,Tito's Handmade Vodka,1.75L,titos-handmade-vodka,ACTIVE,,619947000037,2026-07-18 17:36:56,36.99,30.43,,,Southern Glazers,Vodka,1,variant_audit_2026-07-22,2026-08-07_top50_refresh
42913403109451,,7263003410507,,Ten High Bourbon,1.75L,ten-high-bourbon,ACTIVE,,080660203010,2026-07-18 17:36:59,,,,,,,1,variant_audit_2026-07-22,2026-07-22
42913403142219,,7263003410507,,Ten High Bourbon,750ML,ten-high-bourbon,ACTIVE,,080660203058,2026-07-18 17:36:59,,,,,,,1,variant_audit_2026-07-22,2026-07-22
42913403174987,,7263003410507,,Ten High Bourbon,200ML,ten-high-bourbon,ACTIVE,,080660203089,2026-07-18 17:36:59,,,,,,,1,variant_audit_2026-07-22,2026-07-22
42913403240523,gid://shopify/ProductVariant/42913403240523,7263003377739,,Svedka Vodka,375ML,svedka-vodka,ACTIVE,,088004071233,2026-07-18 17:36:59,7.99,4.99,,,Southern Glazers,Vodka,1,variant_audit_2026-07-22,2026-08-07_top50_refresh
42913403273291,gid://shopify/ProductVariant/42913403273291,7263003377739,,Svedka Vodka,1L,svedka-vodka,ACTIVE,,088004070915,2026-07-18 17:36:59,16.99,10.4,,,Southern Glazers,Vodka,1,variant_audit_2026-07-22,2026-08-07_top50_refresh
42913403306059,gid://shopify/ProductVariant/42913403306059,7263003377739,,Svedka Vodka,1.75L,svedka-vodka,ACTIVE,,088004070946,2026-07-18 17:36:59,22.99,17.69,,,Southern Glazers,Vodka,1,variant_audit_2026-07-22,2026-08-07_top50_refresh
42913403437131,,7263003344971,,Svedka Strawberry Lemonade,1L,svedka-strawberry-lemonade,ACTIVE,,617768141106,2026-07-18 17:37:01,,,,,,,1,variant_audit_2026-07-22,2026-07-22
42913403502667,,7263003312203,,Svedka Mango Pineapple,1L,svedka-mango-pineapple,ACTIVE,,617768151105,2026-07-18 17:37:02,,,,,,,1,variant_audit_2026-07-22,2026-07-22
42913403568203,,7263003246667,,Svedka Cherry Limeade,1L,svedka-cherry-limeade,ACTIVE,,617768291108,2026-07-18 17:37:03,,,,,,,1,variant_audit_2026-07-22,2026-07-22
42913403666507,,7263003213899,,Svedka Blue Raspberry,1.75L,svedka-blue-raspberry,ACTIVE,,617768201176,2026-07-18 17:37:04,,,,,,,1,variant_audit_2026-07-22,2026-07-22
42913403797579,,7263003017291,,Smirnoff Watermelon,50ML,smirnoff-watermelon,ACTIVE,,08211604,2026-07-18 17:37:07,,,,,,,1,variant_audit_2026-07-22,2026-07-22
42913403863115,,7263002984523,,Smirnoff Vanilla Vodka 60 Proof,50ML,smirnoff-vanilla-vodka-60-proof,ACTIVE,,08240509,2026-07-18 17:37:08,,,,,,,1,variant_audit_2026-07-22,2026-07-22
42913403961419,,7263002951755,,Smirnoff Strawberry,50ML,smirnoff-strawberry,ACTIVE,,082000729327,2026-07-18 17:37:08,,,,,,,1,variant_audit_2026-07-22,2026-07-22
42913404059723,,7263002820683,,Smirnoff Peppermint Twist,50ML,smirnoff-peppermint-twist,ACTIVE,,08251408,2026-07-18 17:37:10,,,,,,,1,variant_audit_2026-07-22,2026-07-22
42913404158027,,7263002787915,,Smirnoff Peach,50ML,smirnoff-peach-lemonade,ACTIVE,,08228109,2026-07-18 17:37:11,,,,,,,1,variant_audit_2026-07-22,2026-07-22
42913404223563,,7263002755147,,Smirnoff Orange,750ML,smirnoff-orange-vodka-60-proof,ACTIVE,,082000003861,2026-07-18 17:37:12,,,,,,,1,variant_audit_2026-07-22,2026-07-22
42913404289099,gid://shopify/ProductVariant/42913404289099,7263002722379,,Smirnoff No. 21 Vodka,200ML,smirnoff-no-21-vodka,ACTIVE,,08200802,2026-07-18 17:37:13,5.49,3.94,,,Southern Glazers,Vodka,1,variant_audit_2026-07-22,2026-08-07_top50_refresh
42913404321867,gid://shopify/ProductVariant/42913404321867,7263002722379,,Smirnoff No. 21 Vodka,375ML,smirnoff-no-21-vodka,ACTIVE,,08256102,2026-07-18 17:37:13,7.99,5.76,,,Southern Glazers,Vodka,1,variant_audit_2026-07-22,2026-08-07_top50_refresh
42913404354635,gid://shopify/ProductVariant/42913404354635,7263002722379,,Smirnoff No. 21 Vodka,750ML,smirnoff-no-21-vodka,ACTIVE,,082000000068,2026-07-18 17:37:13,14.99,11.6,,,Southern Glazers,Vodka,1,variant_audit_2026-07-22,2026-08-07_top50_refresh
42913404387403,gid://shopify/ProductVariant/42913404387403,7263002722379,,Smirnoff No. 21 Vodka,1L,smirnoff-no-21-vodka,ACTIVE,,082000000051,2026-07-18 17:37:13,18.99,13.33,,,Southern Glazers,Vodka,1,variant_audit_2026-07-22,2026-08-07_top50_refresh
42913404420171,gid://shopify/ProductVariant/42913404420171,7263002722379,,Smirnoff No. 21 Vodka,1.75L,smirnoff-no-21-vodka,ACTIVE,,082000727606,2026-07-18 17:37:13,22.99,20.83,,,Southern Glazers,Vodka,1,variant_audit_2026-07-22,2026-08-07_top50_refresh
42913404518475,,7263002689611,,Smirnoff Kissed Caramel,50ML,smirnoff-kissed-caramel,ACTIVE,,08233703,2026-07-18 17:37:14,,,,,,,1,variant_audit_2026-07-22,2026-07-22
42913404584011,,7263002656843,,Smirnoff Citrus,750ML,smirnoff-citrus-vodka-60-proof,ACTIVE,,082000003915,2026-07-18 17:37:14,,,,,,,1,variant_audit_2026-07-22,2026-07-22
42913404649547,,7263002591307,,Smirnoff Blue Raspberry Lemonade,50ML,smirnoff-blue-raspberry-lemonade-vodka,ACTIVE,,08269504,2026-07-18 17:37:16,,,,,,,1,variant_audit_2026-07-22,2026-07-22
42913404715083,gid://shopify/ProductVariant/42913404715083,7263002558539,,Skyy Vodka,200ML,skyy-vodka,ACTIVE,,721059002004,2026-07-18 17:37:16,6.99,3.7,,,Southern Glazers,Vodka,1,variant_audit_2026-07-22,2026-08-07_top50_refresh
42913404747851,gid://shopify/ProductVariant/42913404747851,7263002558539,,Skyy Vodka,375ML,skyy-vodka,ACTIVE,,721059003759,2026-07-18 17:37:16,9.99,5.9,,,Southern Glazers,Vodka,1,variant_audit_2026-07-22,2026-08-07_top50_refresh
42913404780619,gid://shopify/ProductVariant/42913404780619,7263002558539,,Skyy Vodka,750ML,skyy-vodka,ACTIVE,,721059007504,2026-07-18 17:37:16,14.99,10.4,,,Southern Glazers,Vodka,1,variant_audit_2026-07-22,2026-08-07_top50_refresh
42913404813387,gid://shopify/ProductVariant/42913404813387,7263002558539,,Skyy Vodka,1L,skyy-vodka,ACTIVE,,721059010009,2026-07-18 17:37:16,16.99,12.8,,,Southern Glazers,Vodka,1,variant_audit_2026-07-22,2026-08-07_top50_refresh
42913404846155,gid://shopify/ProductVariant/42913404846155,7263002558539,,Skyy Vodka,1.75L,skyy-vodka,ACTIVE,,721059017503,2026-07-18 17:37:16,22.99,20.8,,,Southern Glazers,Vodka,1,variant_audit_2026-07-22,2026-08-07_top50_refresh
42913404944459,,7263002525771,,Skrewball Peanut Butter Whiskey,200ML,skrewball-peanut-butter-whiskey,ACTIVE,,860265002474,2026-07-18 17:37:17,,,,,,,1,variant_audit_2026-07-22,2026-07-22
42913404977227,,7263002525771,,Skrewball Peanut Butter Whiskey,375ML,skrewball-peanut-butter-whiskey,ACTIVE,,860265002450,2026-07-18 17:37:17,,,,,,,1,variant_audit_2026-07-22,2026-07-22
42913405009995,,7263002525771,,Skrewball Peanut Butter Whiskey,750ML,skrewball-peanut-butter-whiskey,ACTIVE,,860265002405,2026-07-18 17:37:17,,,,,,,1,variant_audit_2026-07-22,2026-07-22
42913405042763,,7263002525771,,Skrewball Peanut Butter Whiskey,1L,skrewball-peanut-butter-whiskey,ACTIVE,,860265002443,2026-07-18 17:37:17,,,,,,,1,variant_audit_2026-07-22,2026-07-22
42913405141067,,7263002493003,,Seagrams Extra Dry Gin,1.75L,seagrams-extra-dry-gin,ACTIVE,,080432401262,2026-07-18 17:37:18,,,,,,,1,variant_audit_2026-07-22,2026-07-22
42913405173835,,7263002493003,,Seagrams Extra Dry Gin,750ML,seagrams-extra-dry-gin,ACTIVE,,080432401231,2026-07-18 17:37:18,,,,,,,1,variant_audit_2026-07-22,2026-07-22
42913405206603,,7263002493003,,Seagrams Extra Dry Gin,375ML,seagrams-extra-dry-gin,ACTIVE,,080432401224,2026-07-18 17:37:18,,,,,,,1,variant_audit_2026-07-22,2026-07-22
42913405239371,,7263002493003,,Seagrams Extra Dry Gin,1L,seagrams-extra-dry-gin,ACTIVE,,080432401255,2026-07-18 17:37:18,,,,,,,1,variant_audit_2026-07-22,2026-07-22
42913405304907,,7263002427467,,Seagram's 7 Crown American Blended Whiskey,200ML,seagrams-7-crown,ACTIVE,,08773502,2026-07-18 17:37:19,,,,,,,1,variant_audit_2026-07-22,2026-07-22
42913405337675,,7263002427467,,Seagram's 7 Crown American Blended Whiskey,375ML,seagrams-7-crown,ACTIVE,,08776509,2026-07-18 17:37:19,,,,,,,1,variant_audit_2026-07-22,2026-07-22
42913405370443,,7263002427467,,Seagram's 7 Crown American Blended Whiskey,750ML,seagrams-7-crown,ACTIVE,,087000007338,2026-07-18 17:37:19,,,,,,,1,variant_audit_2026-07-22,2026-07-22
42913405403211,,7263002427467,,Seagram's 7 Crown American Blended Whiskey,1L,seagrams-7-crown,ACTIVE,,087000007321,2026-07-18 17:37:19,,,,,,,1,variant_audit_2026-07-22,2026-07-22
42913405435979,,7263002427467,,Seagram's 7 Crown American Blended Whiskey,1.75L,seagrams-7-crown,ACTIVE,,087000700703,2026-07-18 17:37:19,,,,,,,1,variant_audit_2026-07-22,2026-07-22
42913405599819,,7263002099787,,Remy Martin VSOP Cognac,375ML,remy-martin-vsop,ACTIVE,,087236001247,2026-07-18 17:37:22,,,,,,,1,variant_audit_2026-07-22,2026-07-22
42913405665355,,7263002067019,,Paul Masson Grande Amber 80 Proof,750ML,paul-masson-grande-amber-80-proof,ACTIVE,,088004045777,2026-07-18 17:37:23,,,,,,,1,variant_audit_2026-07-22,2026-07-22
42913405698123,,7263002067019,,Paul Masson Grande Amber 80 Proof,200ML,paul-masson-grande-amber-80-proof,ACTIVE,,088004045807,2026-07-18 17:37:23,,,,,,,1,variant_audit_2026-07-22,2026-07-22
42913405796427,,7263002001483,,Patron Silver Tequila,375ML,patron-silver,ACTIVE,,721733000944,2026-07-18 17:37:24,,,,,,,1,variant_audit_2026-07-22,2026-07-22
42913405829195,,7263002001483,,Patron Silver Tequila,750ML,patron-silver,ACTIVE,,721733000029,2026-07-18 17:37:24,,,,,,,1,variant_audit_2026-07-22,2026-07-22
42913406156875,,7263001542731,,Master of Mixes Strawberry Daiquiri Margarita,1L,master-of-mixes-strawberry-daiquiri-margarita,ACTIVE,,070491021266,2026-07-18 17:37:29,,,,,,,1,variant_audit_2026-07-22,2026-07-22
42913406255179,,7263001509963,,Master of Mixes Pina Colada,1L,master-of-mixes-pina-colada,ACTIVE,,070491021167,2026-07-18 17:37:30,,,,,,,1,variant_audit_2026-07-22,2026-07-22
42913406320715,,7263001444427,,Master of Mixes Margarita,1L,master-of-mixes-handcrafted-margarita-mixer,ACTIVE,,070491021068,2026-07-18 17:37:31,,,,,,,1,variant_audit_2026-07-22,2026-07-22
42913406419019,,7263001411659,,Maker's Mark Bourbon Whisky,1L,makers-mark-bourbon-whisky,ACTIVE,,085246503072,2026-07-18 17:37:32,,,,,,,1,variant_audit_2026-07-22,2026-07-22
42913406451787,,7263001411659,,Maker's Mark Bourbon Whisky,375ML,makers-mark-bourbon-whisky,ACTIVE,,085246185001,2026-07-18 17:37:32,,,,,,,1,variant_audit_2026-07-22,2026-07-22
42913406484555,,7263001411659,,Maker's Mark Bourbon Whisky,50ML,makers-mark-bourbon-whisky,ACTIVE,,085246171561,2026-07-18 17:37:32,,,,,,,1,variant_audit_2026-07-22,2026-07-22
42913406517323,,7263001411659,,Maker's Mark Bourbon Whisky,750ML,makers-mark-bourbon-whisky,ACTIVE,,085246139431,2026-07-18 17:37:32,,,,,,,1,variant_audit_2026-07-22,2026-07-22
42913406582859,,7263001378891,,Maker's Mark 46 Bourbon Whisky,750ML,makers-mark-46-bourbon-whisky,ACTIVE,,085246500101,2026-07-18 17:37:33,,,,,,,1,variant_audit_2026-07-22,2026-07-22
42913406845003,,7263001051211,,Knob Creek Kentucky Straight Bourbon,750ML,knob-creek-kentucky-straight-bourbon-whiskey,ACTIVE,,080686016762,2026-07-18 17:37:36,,,,,,,1,variant_audit_2026-07-22,2026-07-22
42913406877771,,7263001051211,,Knob Creek Kentucky Straight Bourbon,1L,knob-creek-kentucky-straight-bourbon-whiskey,ACTIVE,,080686016878,2026-07-18 17:37:36,,,,,,,1,variant_audit_2026-07-22,2026-07-22
42913407008843,,7263000887371,,Ketel One Vodka,750ML,ketel-one-vodka,ACTIVE,,085156515417,2026-07-18 17:37:39,,,,,,,1,variant_audit_2026-07-22,2026-07-22
42913407041611,,7263000887371,,Ketel One Vodka,1L,ketel-one-vodka,ACTIVE,,085156610419,2026-07-18 17:37:39,,,,,,,1,variant_audit_2026-07-22,2026-07-22
42913407074379,,7263000887371,,Ketel One Vodka,1.75L,ketel-one-vodka,ACTIVE,,085156803682,2026-07-18 17:37:39,,,,,,,1,variant_audit_2026-07-22,2026-07-22
42913407238219,,7263000789067,,Kamchatka Vodka,375ML,kamchatka-vodka,ACTIVE,,080686160601,2026-07-18 17:37:40,,,,,,,1,variant_audit_2026-07-22,2026-07-22
42913407467595,,7263000494155,,Johnnie Walker Red Label,1.75L,johnnie-walker-red-label,ACTIVE,,088076163164,2026-07-18 17:37:44,,,,,,,1,variant_audit_2026-07-22,2026-07-22
42913407500363,,7263000494155,,Johnnie Walker Red Label,750ML,johnnie-walker-red-label,ACTIVE,,088110021306,2026-07-18 17:37:44,,,,,,,1,variant_audit_2026-07-22,2026-07-22
42913407533131,,7263000494155,,Johnnie Walker Red Label,200ML,johnnie-walker-red-label,ACTIVE,,088110021139,2026-07-18 17:37:44,,,,,,,1,variant_audit_2026-07-22,2026-07-22
42913407565899,,7263000494155,,Johnnie Walker Red Label,375ML,johnnie-walker-red-label,ACTIVE,,088110021191,2026-07-18 17:37:44,,,,,,,1,variant_audit_2026-07-22,2026-07-22
42913407664203,,7263000395851,,Johnnie Walker Black Label,750ML,johnnie-walker-black-label,ACTIVE,,088110011307,2026-07-18 17:37:45,,,,,,,1,variant_audit_2026-07-22,2026-07-22
42913407696971,,7263000395851,,Johnnie Walker Black Label,375ML,johnnie-walker-black-label,ACTIVE,,088110011192,2026-07-18 17:37:45,,,,,,,1,variant_audit_2026-07-22,2026-07-22
42913407729739,,7263000395851,,Johnnie Walker Black Label,1L,johnnie-walker-black-label,ACTIVE,,088110011406,2026-07-18 17:37:45,,,,,,,1,variant_audit_2026-07-22,2026-07-22
42913407828043,,7263000363083,,Jim Beam Vanilla Bourbon Whiskey 70 Proof,750ML,jim-beam-vanilla-bourbon-whiskey-70-proof,ACTIVE,,080686006855,2026-07-18 17:37:46,,,,,,,1,variant_audit_2026-07-22,2026-07-22
42913407926347,,7263000330315,,Jim Beam Red Stag Bourbon Whiskey,375ML,jim-beam-red-stag-black-cherry-bourbon-whiskey,ACTIVE,,080686001058,2026-07-18 17:37:47,,,,,,,1,variant_audit_2026-07-22,2026-07-22
42913407959115,,7263000330315,,Jim Beam Red Stag Bourbon Whiskey,750ML,jim-beam-red-stag-black-cherry-bourbon-whiskey,ACTIVE,,080686001027,2026-07-18 17:37:47,,,,,,,1,variant_audit_2026-07-22,2026-07-22
42913407991883,,7263000330315,,Jim Beam Red Stag Bourbon Whiskey,1L,jim-beam-red-stag-black-cherry-bourbon-whiskey,ACTIVE,,080686001034,2026-07-18 17:37:47,,,,,,,1,variant_audit_2026-07-22,2026-07-22
42913408024651,,7263000330315,,Jim Beam Red Stag Bourbon Whiskey,1.75L,jim-beam-red-stag-black-cherry-bourbon-whiskey,ACTIVE,948526,080686001072,2026-07-18 17:37:47,,,,,,,1,variant_audit_2026-07-22,2026-07-22
42913408057419,,7263000297547,,Jim Beam Peach Bourbon Whiskey,50ML,jim-beam-peach-bourbon-whiskey,ACTIVE,,080686021179,2026-07-18 17:37:48,,,,,,,1,variant_audit_2026-07-22,2026-07-22
42913408122955,,7263000232011,,Jim Beam Fire Kentucky Straight Bourbon,50ML,jim-beam-kentucky-fire-cinnamon-infused-kentucky-straight-bourbon-whiskey-65-proof,ACTIVE,,080686006367,2026-07-18 17:37:48,,,,,,,1,variant_audit_2026-07-22,2026-07-22
42913408155723,,7263000199243,,Jim Beam Honey Bourbon Whiskey,50ML,jim-beam-honey-bourbon-whiskey,ACTIVE,,080686006091,2026-07-18 17:37:49,,,,,,,1,variant_audit_2026-07-22,2026-07-22
42913408221259,,7263000068171,,Jim Beam Bourbon Whiskey,375ML,jim-beam-bourbon-whiskey,ACTIVE,,080686001607,2026-07-18 17:37:51,,,,,,,1,variant_audit_2026-07-22,2026-07-22
42913408254027,,7263000068171,,Jim Beam Bourbon Whiskey,750ML,jim-beam-bourbon-whiskey,ACTIVE,,080686001409,2026-07-18 17:37:51,,,,,,,1,variant_audit_2026-07-22,2026-07-22
42913408286795,,7263000068171,,Jim Beam Bourbon Whiskey,1L,jim-beam-bourbon-whiskey,ACTIVE,,080686001201,2026-07-18 17:37:51,,,,,,,1,variant_audit_2026-07-22,2026-07-22
42913408319563,,7263000068171,,Jim Beam Bourbon Whiskey,1.75L,jim-beam-bourbon-whiskey,ACTIVE,,080686001102,2026-07-18 17:37:51,,,,,,,1,variant_audit_2026-07-22,2026-07-22
42913408385099,,7263000035403,,Jim Beam Apple Bourbon Whiskey Proof 70,50ML,jim-beam-apple-bourbon-whiskey-proof-70,ACTIVE,,080686006589,2026-07-18 17:37:52,,,,,,,1,variant_audit_2026-07-22,2026-07-22
42913408483403,,7263000002635,,Jim Beam 7Yrs Black Straight,750ML,jim-beam-7-years-old-black-kentucky-straight-bourbon-whiskey,ACTIVE,,080686007333,2026-07-18 17:37:53,,,,,,,1,variant_audit_2026-07-22,2026-07-22
42913408548939,,7262999937099,,Jefferson's Bourbon Whiskey,750ML,jeffersons-very-small-batch-bourbon-whiskey,ACTIVE,,655709000303,2026-07-18 17:37:54,,,,,,,1,variant_audit_2026-07-22,2026-07-22
42913408680011,,7262999838795,,Jameson Orange,1.75L,jameson-orange,ACTIVE,,080432117446,2026-07-18 17:37:55,,,,,,,1,variant_audit_2026-07-22,2026-07-22
42913408745547,,7262999806027,,Jameson Irish Whiskey,750ML,jameson-irish-whiskey,ACTIVE,5934,080432500170,2026-07-18 17:37:56,,,,,,,1,variant_audit_2026-07-22,2026-07-22
42913408778315,,7262999806027,,Jameson Irish Whiskey,1L,jameson-irish-whiskey,ACTIVE,5900,080432500118,2026-07-18 17:37:56,,,,,,,1,variant_audit_2026-07-22,2026-07-22
42913408811083,,7262999806027,,Jameson Irish Whiskey,1.75L,jameson-irish-whiskey,ACTIVE,,080432500187,2026-07-18 17:37:56,,,,,,,1,variant_audit_2026-07-22,2026-07-22
42913408942155,,7262999740491,,Jagermeister Herbal Liqueur,750ML,jagermeister,ACTIVE,,083089000390,2026-07-18 17:37:57,,,,,,,1,variant_audit_2026-07-22,2026-07-22
42913408974923,,7262999740491,,Jagermeister Herbal Liqueur,1L,jagermeister,ACTIVE,,083089660150,2026-07-18 17:37:57,,,,,,,1,variant_audit_2026-07-22,2026-07-22
42913409073227,,7262999609419,,High West Bourbon Whiskey,375ML,high-west-bourbon-whiskey,ACTIVE,,854396005251,2026-07-18 17:37:59,,,,,,,1,variant_audit_2026-07-22,2026-07-22
42913409204299,,7262999380043,,Grey Goose Vodka,200ML,grey-goose-vodka,ACTIVE,,080480280048,2026-07-18 17:38:01,,,,,,,1,variant_audit_2026-07-22,2026-07-22
42913409237067,,7262999380043,,Grey Goose Vodka,375ML,grey-goose-vodka,ACTIVE,,080480280031,2026-07-18 17:38:01,,,,,,,1,variant_audit_2026-07-22,2026-07-22
42913409269835,,7262999380043,,Grey Goose Vodka,750ML,grey-goose-vodka,ACTIVE,,080480280024,2026-07-18 17:38:01,,,,,,,1,variant_audit_2026-07-22,2026-07-22
42913409302603,,7262999380043,,Grey Goose Vodka,1.75L,grey-goose-vodka,ACTIVE,,080480280000,2026-07-18 17:38:01,,,,,,,1,variant_audit_2026-07-22,2026-07-22
42913409531979,gid://shopify/ProductVariant/42913409531979,7262998986827,,Fireball Cinnamon Whisky,200ML,fireball-cinnamon-whisky,ACTIVE,,088004144739,2026-07-18 17:38:05,5.99,4.04,,,Southern Glazers,Liqueur,1,variant_audit_2026-07-22,2026-08-07_top50_refresh
42913409564747,gid://shopify/ProductVariant/42913409564747,7262998986827,,Fireball Cinnamon Whisky,375ML,fireball-cinnamon-whisky,ACTIVE,,088004144722,2026-07-18 17:38:05,9.99,6.66,,,Southern Glazers,Liqueur,1,variant_audit_2026-07-22,2026-08-07_top50_refresh
42913409597515,gid://shopify/ProductVariant/42913409597515,7262998986827,,Fireball Cinnamon Whisky,750ML,fireball-cinnamon-whisky,ACTIVE,83137,088004146689,2026-07-18 17:38:05,18.99,13.59,,,Southern Glazers,Liqueur,1,variant_audit_2026-07-22,2026-08-07_top50_refresh
42913409630283,gid://shopify/ProductVariant/42913409630283,7262998986827,,Fireball Cinnamon Whisky,1L,fireball-cinnamon-whisky,ACTIVE,74630,088004144678,2026-07-18 17:38:05,21.99,17.2,,,Southern Glazers,Liqueur,1,variant_audit_2026-07-22,2026-08-07_top50_refresh
42913409663051,gid://shopify/ProductVariant/42913409663051,7262998986827,,Fireball Cinnamon Whisky,1.75L,fireball-cinnamon-whisky,ACTIVE,,088004026172,2026-07-18 17:38:05,31.99,26.39,,,Southern Glazers,Liqueur,1,variant_audit_2026-07-22,2026-08-07_top50_refresh
42913409761355,,7262998921291,,Evan Williams Honey,50ML,evan-williams-honey,ACTIVE,,096749021796,2026-07-18 17:38:07,,,,,,,1,variant_audit_2026-07-22,2026-07-22
42913409892427,,7262998822987,,Evan Williams Cherry Liqueur,750ML,evan-williams-cherry-reserve-kentucky-liqueur,ACTIVE,,096749021857,2026-07-18 17:38:09,,,,,,,1,variant_audit_2026-07-22,2026-07-22
42913409957963,,7262998757451,,Evan Williams Black Label Bourbon,750ML,evan-williams-black-label,ACTIVE,,096749021345,2026-07-18 17:38:10,,,,,,,1,variant_audit_2026-07-22,2026-07-22
42913409990731,,7262998757451,,Evan Williams Black Label Bourbon,1L,evan-williams-black-label,ACTIVE,,096749021246,2026-07-18 17:38:10,,,,,,,1,variant_audit_2026-07-22,2026-07-22
42913410023499,,7262998757451,,Evan Williams Black Label Bourbon,1.75L,evan-williams-black-label,ACTIVE,,096749021147,2026-07-18 17:38:10,,,,,,,1,variant_audit_2026-07-22,2026-07-22
42913410121803,,7262998724683,,Evan Williams Apple Liqueur,50ML,evan-williams-apple-liqueur-65-proof,ACTIVE,,096749001088,2026-07-18 17:38:10,,,,,,,1,variant_audit_2026-07-22,2026-07-22
42913410252875,,7262998626379,,Espolon Tequila Blanco,750ML,espolon-tequila-blanco,ACTIVE,,721059707503,2026-07-18 17:38:12,,,,,,,1,variant_audit_2026-07-22,2026-07-22
42913410285643,,7262998626379,,Espolon Tequila Blanco,1L,espolon-tequila-blanco,ACTIVE,,721059701006,2026-07-18 17:38:12,,,,,,,1,variant_audit_2026-07-22,2026-07-22
42913410318411,,7262998626379,,Espolon Tequila Blanco,1.75L,espolon-tequila-blanco,ACTIVE,,664804001351,2026-07-18 17:38:12,,,,,,,1,variant_audit_2026-07-22,2026-07-22
42913410449483,,7262998528075,,Elijah Craig Small Batch,375ML,elijah-craig-small-batch,ACTIVE,,096749001873,2026-07-18 17:38:13,,,,,,,1,variant_audit_2026-07-22,2026-07-22
42913410482251,,7262998528075,,Elijah Craig Small Batch,750ML,elijah-craig-small-batch,ACTIVE,,096749000067,2026-07-18 17:38:13,,,,,,,1,variant_audit_2026-07-22,2026-07-22
42913410547787,,7262998462539,,Early Times Whisky,375ML,early-times-whiskey,ACTIVE,,088004048136,2026-07-18 17:38:15,,,,,,,1,variant_audit_2026-07-22,2026-07-22
42913410580555,,7262998462539,,Early Times Whisky,1L,early-times-whiskey,ACTIVE,,088004048105,2026-07-18 17:38:15,,,,,,,1,variant_audit_2026-07-22,2026-07-22
42913410678859,,7262998429771,,Don Julio Reposado,375ML,don-julio-reposado,ACTIVE,,674545000605,2026-07-18 17:38:15,,,,,,,1,variant_audit_2026-07-22,2026-07-22
42913410711627,,7262998429771,,Don Julio Reposado,750ML,don-julio-reposado,ACTIVE,,674545000414,2026-07-18 17:38:15,,,,,,,1,variant_audit_2026-07-22,2026-07-22
42913410744395,,7262998429771,,Don Julio Reposado,1.75L,don-julio-reposado,ACTIVE,,674545000636,2026-07-18 17:38:15,,,,,,,1,variant_audit_2026-07-22,2026-07-22
42913410842699,,7262998364235,,Don Julio Blanco Tequila,750ML,don-julio-blanco,ACTIVE,,674545000001,2026-07-18 17:38:16,,,,,,,1,variant_audit_2026-07-22,2026-07-22
42913410875467,,7262998364235,,Don Julio Blanco Tequila,1.75L,don-julio-blanco,ACTIVE,,674545000629,2026-07-18 17:38:16,,,,,,,1,variant_audit_2026-07-22,2026-07-22
42913410908235,,7262998331467,,Don Julio Anejo,750ML,don-julio-anejo,ACTIVE,,674545000063,2026-07-18 17:38:17,,,,,,,1,variant_audit_2026-07-22,2026-07-22
42913411072075,,7262998233163,,Dewar's White Label,1L,dewars-white-label,ACTIVE,,080480230012,2026-07-18 17:38:19,,,,,,,1,variant_audit_2026-07-22,2026-07-22
42913411104843,,7262998233163,,Dewar's White Label,375ML,dewars-white-label,ACTIVE,,080480230036,2026-07-18 17:38:19,,,,,,,1,variant_audit_2026-07-22,2026-07-22
42913411170379,,7262998069323,,D'Usse VSOP,750ML,dusse-vsop,ACTIVE,,080480002923,2026-07-18 17:38:20,,,,,,,1,variant_audit_2026-07-22,2026-07-22
42913411203147,,7262998069323,,D'Usse VSOP,200ML,dusse-vsop,ACTIVE,,080480983192,2026-07-18 17:38:20,,,,,,,1,variant_audit_2026-07-22,2026-07-22
42913411334219,,7262997938251,,Crown Royal Regal Apple Flavored Whisky,750ML,crown-royal-regal-apple,ACTIVE,,082000771562,2026-07-18 17:38:21,,,,,,,1,variant_audit_2026-07-22,2026-07-22
42913411366987,,7262997938251,,Crown Royal Regal Apple Flavored Whisky,1L,crown-royal-regal-apple,ACTIVE,,082000771586,2026-07-18 17:38:21,,,,,,,1,variant_audit_2026-07-22,2026-07-22
42913411399755,,7262997938251,,Crown Royal Regal Apple Flavored Whisky,1.75L,crown-royal-regal-apple,ACTIVE,,082000771593,2026-07-18 17:38:21,,,,,,,1,variant_audit_2026-07-22,2026-07-22
42913411498059,,7262997905483,,Crown Royal Peach,1L,crown-royal-peach,ACTIVE,,082000795377,2026-07-18 17:38:22,,,,,,,1,variant_audit_2026-07-22,2026-07-22
42913411530827,,7262997905483,,Crown Royal Peach,1.75L,crown-royal-peach,ACTIVE,,082000795360,2026-07-18 17:38:22,,,,,,,1,variant_audit_2026-07-22,2026-07-22
42913411727435,,7262997807179,,Crown Royal Canadian Whisky,375ML,crown-royal-canadian-whisky,ACTIVE,99755,,2026-07-18 17:38:23,,,,,,,1,variant_audit_2026-07-22,2026-07-22
42913411760203,,7262997807179,,Crown Royal Canadian Whisky,750ML,crown-royal-canadian-whisky,ACTIVE,76131,082000807247,2026-07-18 17:38:23,,,,,,,1,variant_audit_2026-07-22,2026-07-22
42913411792971,,7262997807179,,Crown Royal Canadian Whisky,1L,crown-royal-canadian-whisky,ACTIVE,,,2026-07-18 17:38:23,,,,,,,1,variant_audit_2026-07-22,2026-07-22
42913411825739,,7262997807179,,Crown Royal Canadian Whisky,1.75L,crown-royal-canadian-whisky,ACTIVE,,087000700604,2026-07-18 17:38:23,,,,,,,1,variant_audit_2026-07-22,2026-07-22
42913411891275,,7262997545035,,CIROC Ultra-Premium Vodka,750ML,ciroc-ultra-premium-vodka,ACTIVE,,088076161863,2026-07-18 17:38:26,,,,,,,1,variant_audit_2026-07-22,2026-07-22
42913411989579,,7262997446731,,CIROC Peach,50ML,ciroc-peach,ACTIVE,,08230803,2026-07-18 17:38:28,,,,,,,1,variant_audit_2026-07-22,2026-07-22
42913412022347,,7262997381195,,Ciroc Passion Vodka,50ML,ciroc-passion-vodka,ACTIVE,,08269407,2026-07-18 17:38:29,,,,,,,1,variant_audit_2026-07-22,2026-07-22
42913412120651,,7262997282891,,Christian Brothers VS Brandy,375ML,christian-brothers-vs-brandy,ACTIVE,,,2026-07-18 17:38:32,,,,,,,1,variant_audit_2026-07-22,2026-07-22
42913412153419,,7262997250123,,Christian Brothers V.S.O.P Brandy,375ML,christian-brothers-v-s-o-p-brandy,ACTIVE,,,2026-07-18 17:38:32,,,,,,,1,variant_audit_2026-07-22,2026-07-22
42913412251723,,7262997184587,,Christian Brothers  Honey Brandy,750ML,christian-brothers-christian-brothers-honey-flavored-brandy-60-proofh,ACTIVE,,086036862775,2026-07-18 17:38:33,,,,,,,1,variant_audit_2026-07-22,2026-07-22
42913412317259,,7262997151819,,Casamigos Reposado,50ML,casamigos-reposado,ACTIVE,,856724006237,2026-07-18 17:38:34,,,,,,,1,variant_audit_2026-07-22,2026-07-22
42913412350027,,7262997151819,,Casamigos Reposado,750ML,casamigos-reposado,ACTIVE,,856724006213,2026-07-18 17:38:34,,,,,,,1,variant_audit_2026-07-22,2026-07-22
42913412448331,,7262997053515,,Casamigos Blanco Tequila,375ML,casamigos-blanco,ACTIVE,,856724006121,2026-07-18 17:38:36,,,,,,,1,variant_audit_2026-07-22,2026-07-22
42913412481099,,7262997053515,,Casamigos Blanco Tequila,750ML,casamigos-blanco,ACTIVE,,856724006114,2026-07-18 17:38:36,,,,,,,1,variant_audit_2026-07-22,2026-07-22
42913412513867,,7262996987979,,Captain Morgan Original Spiced Rum,1.75L,captain-morgan-original-spiced-rum,ACTIVE,,087000201156,2026-07-18 17:38:37,,,,,,,1,variant_audit_2026-07-22,2026-07-22
42913412546635,,7262996987979,,Captain Morgan Original Spiced Rum,1L,captain-morgan-original-spiced-rum,ACTIVE,,087000002708,2026-07-18 17:38:37,,,,,,,1,variant_audit_2026-07-22,2026-07-22
42913412579403,,7262996987979,,Captain Morgan Original Spiced Rum,200ML,captain-morgan-original-spiced-rum,ACTIVE,,08727309,2026-07-18 17:38:37,,,,,,,1,variant_audit_2026-07-22,2026-07-22
42913412612171,,7262996987979,,Captain Morgan Original Spiced Rum,375ML,captain-morgan-original-spiced-rum,ACTIVE,,08727707,2026-07-18 17:38:37,,,,,,,1,variant_audit_2026-07-22,2026-07-22
42913412644939,,7262996987979,,Captain Morgan Original Spiced Rum,50ML,captain-morgan-original-spiced-rum,ACTIVE,,08731409,2026-07-18 17:38:37,,,,,,,1,variant_audit_2026-07-22,2026-07-22
42913412776011,,7262996463691,,Bulleit Bourbon,750ML,bulleit-bourbon,ACTIVE,,087000005525,2026-07-18 17:38:42,,,,,,,1,variant_audit_2026-07-22,2026-07-22
42913412808779,,7262996463691,,Bulleit Bourbon,1L,bulleit-bourbon,ACTIVE,,087000005549,2026-07-18 17:38:42,,,,,,,1,variant_audit_2026-07-22,2026-07-22
42913412841547,,7262996463691,,Bulleit Bourbon,1.75L,bulleit-bourbon,ACTIVE,,087000004047,2026-07-18 17:38:42,,,,,,,1,variant_audit_2026-07-22,2026-07-22
42913412907083,,7262996430923,,Bombay Sapphire Gin,1L,bombay-sapphire-gin,ACTIVE,,080480301019,2026-07-18 17:38:43,,,,,,,1,variant_audit_2026-07-22,2026-07-22
42913412939851,,7262996430923,,Bombay Sapphire Gin,750ML,bombay-sapphire-gin,ACTIVE,,,2026-07-18 17:38:43,,,,,,,1,variant_audit_2026-07-22,2026-07-22
42913412972619,,7262996430923,,Bombay Sapphire Gin,1.75L,bombay-sapphire-gin,ACTIVE,,080480301002,2026-07-18 17:38:43,,,,,,,1,variant_audit_2026-07-22,2026-07-22
42913413234763,,7262996299851,,Basil Hayden Bourbon Whiskey,750ML,basil-hayden-bourbon-whiskey,ACTIVE,,080686012405,2026-07-18 17:38:45,,,,,,,1,variant_audit_2026-07-22,2026-07-22
42913413267531,,7262996299851,,Basil Hayden Bourbon Whiskey,1L,basil-hayden-bourbon-whiskey,ACTIVE,,080686012139,2026-07-18 17:38:45,,,,,,,1,variant_audit_2026-07-22,2026-07-22
42913413300299,,7262996234315,,Baileys Original Irish Cream,1.75L,baileys-original-irish-cream,ACTIVE,,086767210029,2026-07-18 17:38:46,,,,,,,1,variant_audit_2026-07-22,2026-07-22
42913413333067,,7262996234315,,Baileys Original Irish Cream,1L,baileys-original-irish-cream,ACTIVE,,086767210043,2026-07-18 17:38:46,,,,,,,1,variant_audit_2026-07-22,2026-07-22
42913413365835,,7262996234315,,Baileys Original Irish Cream,200ML,baileys-original-irish-cream,ACTIVE,,086767210104,2026-07-18 17:38:46,,,,,,,1,variant_audit_2026-07-22,2026-07-22
42913413398603,,7262996234315,,Baileys Original Irish Cream,750ML,baileys-original-irish-cream,ACTIVE,,086767210067,2026-07-18 17:38:46,,,,,,,1,variant_audit_2026-07-22,2026-07-22
42913413431371,,7262996234315,,Baileys Original Irish Cream,50ML,baileys-original-irish-cream,ACTIVE,,086767210128,2026-07-18 17:38:46,,,,,,,1,variant_audit_2026-07-22,2026-07-22
42913413464139,,7262996201547,,Baileys Cinnamon Churros Irish Cream Liqueur,50ML,baileys-cinnamon-churros-irish-cream-liqueur,ACTIVE,,086767705501,2026-07-18 17:38:47,,,,,,,1,variant_audit_2026-07-22,2026-07-22
42913413562443,gid://shopify/ProductVariant/42913413562443,7262996136011,,Bacardi Superior Rum,750ML,bacardi-superior-rum,ACTIVE,,080480015404,2026-07-18 17:38:48,16.99,13.15,,,Southern Glazers,Rum,1,variant_audit_2026-07-22,2026-08-07_top50_refresh
42913413595211,gid://shopify/ProductVariant/42913413595211,7262996136011,,Bacardi Superior Rum,375ML,bacardi-superior-rum,ACTIVE,,080480015602,2026-07-18 17:38:48,9.99,6.45,,,Southern Glazers,Rum,1,variant_audit_2026-07-22,2026-08-07_top50_refresh
42913413627979,gid://shopify/ProductVariant/42913413627979,7262996136011,,Bacardi Superior Rum,100ML,bacardi-superior-rum,ACTIVE,,080480015800,2026-07-18 17:38:48,2.99,2.0,,,Southern Glazers,Rum,1,variant_audit_2026-07-22,2026-08-07_top50_refresh
42913413660747,gid://shopify/ProductVariant/42913413660747,7262996136011,,Bacardi Superior Rum,200ML,bacardi-superior-rum,ACTIVE,,080480015701,2026-07-18 17:38:48,5.99,3.78,,,Southern Glazers,Rum,1,variant_audit_2026-07-22,2026-08-07_top50_refresh
42913413693515,gid://shopify/ProductVariant/42913413693515,7262996136011,,Bacardi Superior Rum,50ML,bacardi-superior-rum,ACTIVE,,080480016210,2026-07-18 17:38:48,1.99,0.99,,,Southern Glazers,Rum,1,variant_audit_2026-07-22,2026-08-07_top50_refresh
42913414217803,,7262996103243,,Bacardi Spiced Rum,750ML,bacardi-spiced-rum,ACTIVE,,080480001520,2026-07-18 17:38:49,,,,,,,1,variant_audit_2026-07-22,2026-07-22
42913414250571,,7262996103243,,Bacardi Spiced Rum,1.75L,bacardi-spiced-rum,ACTIVE,,080480001506,2026-07-18 17:38:49,,,,,,,1,variant_audit_2026-07-22,2026-07-22
42913414283339,,7262996070475,,Bacardi Raspberry,1L,bacardi-raspberry,ACTIVE,,080480006754,2026-07-18 17:38:50,,,,,,,1,variant_audit_2026-07-22,2026-07-22
42913414316107,,7262996037707,,Bacardi Pineapple,1L,bacardi-pineapple,ACTIVE,,080480003821,2026-07-18 17:38:51,,,,,,,1,variant_audit_2026-07-22,2026-07-22
42913414348875,,7262996004939,,Bacardi Limon,1L,bacardi-limon,ACTIVE,,080480355302,2026-07-18 17:38:52,,,,,,,1,variant_audit_2026-07-22,2026-07-22
42913414414411,,7262995972171,,Bacardi Lime,1.75L,bacardi-lime,ACTIVE,,080480983666,2026-07-18 17:38:53,,,,,,,1,variant_audit_2026-07-22,2026-07-22
42913414447179,,7262995906635,,Bacardi Gold,100ML,bacardi-gold,ACTIVE,,080480025809,2026-07-18 17:38:54,,,,,,,1,variant_audit_2026-07-22,2026-07-22
42913414479947,,7262995906635,,Bacardi Gold,200ML,bacardi-gold,ACTIVE,12670,080480025700,2026-07-18 17:38:54,,,,,,,1,variant_audit_2026-07-22,2026-07-22
42913414512715,,7262995906635,,Bacardi Gold,375ML,bacardi-gold,ACTIVE,95776,080480025601,2026-07-18 17:38:54,,,,,,,1,variant_audit_2026-07-22,2026-07-22
42913414545483,,7262995906635,,Bacardi Gold,750ML,bacardi-gold,ACTIVE,21974,080480025403,2026-07-18 17:38:54,,,,,,,1,variant_audit_2026-07-22,2026-07-22
42913414578251,,7262995906635,,Bacardi Gold,1L,bacardi-gold,ACTIVE,,080480025304,2026-07-18 17:38:54,,,,,,,1,variant_audit_2026-07-22,2026-07-22
42913414611019,,7262995906635,,Bacardi Gold,1.75L,bacardi-gold,ACTIVE,10199,080480025205,2026-07-18 17:38:54,,,,,,,1,variant_audit_2026-07-22,2026-07-22
42913414643787,,7262995316811,,Bacardi Dragonberry,1L,bacardi-dragonberry,ACTIVE,,080480000264,2026-07-18 17:38:54,,,,,,,1,variant_audit_2026-07-22,2026-07-22
42913414676555,,7262995284043,,Bacardi Coconut,1L,bacardi-coconut,ACTIVE,,080480400620,2026-07-18 17:38:55,,,,,,,1,variant_audit_2026-07-22,2026-07-22
42913414709323,,7262995251275,,Bacardi Black Rum,1.75L,bacardi-black,ACTIVE,,080480005245,2026-07-18 17:38:56,,,,,,,1,variant_audit_2026-07-22,2026-07-22
42913414742091,,7262995218507,,Aperol Aperitivo,375ML,aperol-aperitivo,ACTIVE,,887341340060,2026-07-18 17:38:57,,,,,,,1,variant_audit_2026-07-22,2026-07-22
42913414807627,,7262995185739,,Angel's Envy Bourbon Whiskey,375ML,angels-envy-bourbon-whiskey,ACTIVE,,080480987787,2026-07-18 17:38:58,,,,,,,1,variant_audit_2026-07-22,2026-07-22
42913414840395,,7262995152971,,Absolut Wild Berri,1L,absolut-wild-berri,ACTIVE,,835229011076,2026-07-18 17:38:58,,,,,,,1,variant_audit_2026-07-22,2026-07-22
42913414873163,,7262995087435,,Absolut Vodka,200ML,absolut-vodka,ACTIVE,,835229000100,2026-07-18 17:38:59,,,,,,,1,variant_audit_2026-07-22,2026-07-22
42913414905931,,7262995087435,,Absolut Vodka,375ML,absolut-vodka,ACTIVE,53512,835229000209,2026-07-18 17:38:59,,,,,,,1,variant_audit_2026-07-22,2026-07-22
42913414938699,,7262995087435,,Absolut Vodka,1L,absolut-vodka,ACTIVE,9308,835229000407,2026-07-18 17:38:59,,,,,,,1,variant_audit_2026-07-22,2026-07-22
42913414971467,,7262994890827,,Absolut Citron,50ML,absolut-citron,ACTIVE,60509,835229001008,2026-07-18 17:39:02,,,,,,,1,variant_audit_2026-07-22,2026-07-22
42913415004235,,7262994694219,,21 Seeds Tequila Valencia Orange,50ML,21-seeds-tequila-valencia-orange,ACTIVE,,08270801,2026-07-18 17:39:04,,,,,,,1,variant_audit_2026-07-22,2026-07-22
42913415037003,,7262994661451,,21 Seeds Tequila Grapefruit Hibiscus,50ML,21-seeds-tequila-grapefruit-hibiscus,ACTIVE,,08270704,2026-07-18 17:39:05,,,,,,,1,variant_audit_2026-07-22,2026-07-22
42913415069771,gid://shopify/ProductVariant/42913415069771,7262862770251,,Schmitt Sohne Relax Riesling,1.5L,schmitt-sohne-relax-riesling,ACTIVE,,088474007459,2026-07-18 17:39:16,21.99,17.33,,,Empire Merchants North,White Wine,1,variant_audit_2026-07-22,2026-08-07_top50_refresh
42913415102539,gid://shopify/ProductVariant/42913415102539,7262862770251,,Schmitt Sohne Relax Riesling,3L,schmitt-sohne-relax-riesling,ACTIVE,,088474007763,2026-07-18 17:39:16,32.99,20.0,,,Empire Merchants North,White Wine,1,variant_audit_2026-07-22,2026-08-07_top50_refresh
42913415135307,,7262862704715,,Roscato Rosso Dolce,1.5L,roscato-rosso-dolce,ACTIVE,,086785390505,2026-07-18 17:39:18,,,,,,,1,variant_audit_2026-07-22,2026-07-22
42913415168075,,7262862278731,,Nue Vodka Original,1L,nue-vodka-original,ACTIVE,,793573618535,2026-07-18 17:39:22,,,,,,,1,variant_audit_2026-07-22,2026-07-22
42913415233611,,7262861885515,,Merrys Irish Cream,1.75L,merrys-irish-cream,ACTIVE,,665203200628,2026-07-18 17:39:25,,,,,,,1,variant_audit_2026-07-22,2026-07-22
42913415266379,,7262861426763,,Gozio Amaretto,750ML,gozio-amaretto,ACTIVE,,814794010417,2026-07-18 17:39:31,,,,,,,1,variant_audit_2026-07-22,2026-07-22
42913415299147,,7262861131851,,Four Roses Small Batch Select Bourbon,50ML,four-roses-small-batch-select-bourbon,ACTIVE,,040232498299,2026-07-18 17:39:35,,,,,,,1,variant_audit_2026-07-22,2026-07-22
42913415331915,,7262861099083,,Four Roses Kentucky Straight Bourbon,750ML,four-roses-small-batch-kentucky-straight-bourbon-whisky-with-ice-molds,ACTIVE,,040063400409,2026-07-18 17:39:36,,,,,,,1,variant_audit_2026-07-22,2026-07-22
42913415364683,,7262861099083,,Four Roses Kentucky Straight Bourbon,1.75L,four-roses-small-batch-kentucky-straight-bourbon-whisky-with-ice-molds,ACTIVE,,040063400430,2026-07-18 17:39:36,,,,,,,1,variant_audit_2026-07-22,2026-07-22
42913415397451,,7262861033547,,Four Roses Small Batch Bourbon,750ML,four-roses-small-batch-bourbon,ACTIVE,,040063400317,2026-07-18 17:39:37,,,,,,,1,variant_audit_2026-07-22,2026-07-22
42913415430219,,7262860804171,,Drumshanbo Gunpowder Sardinian Gin,750ML,drumshanbo-gunpowder-sardinian-citrus-irish-gin,ACTIVE,,086785091105,2026-07-18 17:39:40,,,,,,,1,variant_audit_2026-07-22,2026-07-22
42913415462987,,7262860771403,,Drumshanbo Gunpowder Orange Citrus Gin,750ML,drumshanbo-gunpowder-orange-citrus-irish-gin,ACTIVE,,086785091167,2026-07-18 17:39:41,,,,,,,1,variant_audit_2026-07-22,2026-07-22
42913415495755,,7262860247115,,Cavit Pinot Grigio,1.5L,cavit-pinot-grigio-delle-venezie-doc,ACTIVE,,086785000039,2026-07-18 17:39:46,,,,,,,1,variant_audit_2026-07-22,2026-07-22
42913415528523,gid://shopify/ProductVariant/42913415528523,7262859526219,,Bota Box Sauvignon Blanc,3L,bota-box-sauvignon-blanc,ACTIVE,,082242012935,2026-07-18 17:39:53,19.99,15.33,,,Empire Merchants North,White Wine,1,variant_audit_2026-07-22,2026-08-07_top50_refresh
42913415561291,,7262859460683,,Bota Box Redvolution,3L,bota-box-redvolution,ACTIVE,,082242016056,2026-07-18 17:39:55,,,,,,,1,variant_audit_2026-07-22,2026-07-22
42913415594059,gid://shopify/ProductVariant/42913415594059,7262859395147,,Bota Box Pinot Grigio,3L,bota-box-pinot-grigio,ACTIVE,,082242013253,2026-07-18 17:39:56,19.99,15.33,,,Empire Merchants North,White Wine,1,variant_audit_2026-07-22,2026-08-07_top50_refresh
42913415659595,,7262859100235,,Bota Box Chardonnay,3L,bota-box-chardonnay,ACTIVE,,082242011051,2026-07-18 17:40:00,,,,,,,1,variant_audit_2026-07-22,2026-07-22
42913415725131,,7262202626123,,Windsor Blended,375ML,windsor-blended,ACTIVE,153037,084279005751,2026-07-18 17:40:06,,,,,,,1,variant_audit_2026-07-22,2026-07-22
42913415757899,,7262202429515,,Recipe 21 Premium Vodka,375ML,recipe-21-premium-vodka,ACTIVE,170965,088004058470,2026-07-18 17:40:08,,,,,,,1,variant_audit_2026-07-22,2026-07-22
42913415790667,,7262202429515,,Recipe 21 Premium Vodka,1L,recipe-21-premium-vodka,ACTIVE,170960,088004058487,2026-07-18 17:40:08,,,,,,,1,variant_audit_2026-07-22,2026-07-22
42913415823435,,7262202429515,,Recipe 21 Premium Vodka,1.75L,recipe-21-premium-vodka,ACTIVE,170970,088004058494,2026-07-18 17:40:08,,,,,,,1,variant_audit_2026-07-22,2026-07-22
42913415888971,,7262202363979,,Recipe 21 Raspberry Vodka,1L,recipe-21-premium-raspberry-flavored-vodka,ACTIVE,170968,088004058913,2026-07-18 17:40:09,,,,,,,1,variant_audit_2026-07-22,2026-07-22
42913415921739,,7262202298443,,Recipe 21 Orange Vodka,1L,recipe-21-orange-flavored-vodka,ACTIVE,170980,088004058524,2026-07-18 17:40:10,,,,,,,1,variant_audit_2026-07-22,2026-07-22
42913415954507,,7262202265675,,Recipe 21 Grape,1L,recipe21-grape,ACTIVE,170975,088004059194,2026-07-18 17:40:11,,,,,,,1,variant_audit_2026-07-22,2026-07-22
42913415987275,,7262202232907,,Recipe 21 Cherry Vodka,1L,recipe-21-premium-cherry-flavored-vodka,ACTIVE,170979,088004059217,2026-07-18 17:40:12,,,,,,,1,variant_audit_2026-07-22,2026-07-22
42913416052811,,7262202200139,,Recipe 21 Blended Whiskey,1L,recipe-21-blended-whiskey,ACTIVE,170982,088004058944,2026-07-18 17:40:12,,,,,,,1,variant_audit_2026-07-22,2026-07-22
42913416085579,,7262202200139,,Recipe 21 Blended Whiskey,375ML,recipe-21-blended-whiskey,ACTIVE,170986,088004058937,2026-07-18 17:40:12,,,,,,,1,variant_audit_2026-07-22,2026-07-22
42913416118347,,7262202167371,,O'Reilly'S Irish Cream,750ML,oreillys-irish-cream,ACTIVE,153044,084279971759,2026-07-18 17:40:13,,,,,,,1,variant_audit_2026-07-22,2026-07-22
42913416151115,,7262202036299,,Merritt Estate Winery Bella Rosa,750ML,merritt-estate-winery-bella-rosa,ACTIVE,145003,719226750124,2026-07-18 17:40:15,,,,,,,1,variant_audit_2026-07-22,2026-07-22
42913416183883,,7262201970763,,Mano's Wine Bills Mafia Juice Rose,750ML,manos-wine-bills-mafia-juice-rose,ACTIVE,202236,850020431137,2026-07-18 17:40:16,,,,,,,1,variant_audit_2026-07-22,2026-07-22
42913416249419,,7262199971915,,Molly's Irish Cream,50ML,mollys-irish-cream,ACTIVE,18635,736040000495,2026-07-18 17:40:25,,,,,,,1,variant_audit_2026-07-22,2026-07-22
42913416282187,,7262199971915,,Molly's Irish Cream,1.75L,mollys-irish-cream,ACTIVE,7054,736040000471,2026-07-18 17:40:25,,,,,,,1,variant_audit_2026-07-22,2026-07-22
42913416314955,,7262199382091,,Bar Water Vodka Original,375ML,bar-water-vodka-original,ACTIVE,19383,854572005136,2026-07-18 17:40:31,,,,,,,1,variant_audit_2026-07-22,2026-07-22
42913416347723,,7262199382091,,Bar Water Vodka Original,1.75L,bar-water-vodka-original,ACTIVE,19382,854572005754,2026-07-18 17:40:31,,,,,,,1,variant_audit_2026-07-22,2026-07-22
42913416380491,gid://shopify/ProductVariant/42913416380491,7262191681611,,Whispering Angel Rose,750ML,chateau-desclans-cotes-de-provence-whispering-angel-rose,ACTIVE,3014931,081753833916,2026-07-18 17:40:37,24.99,19.5,,,Empire Merchants North,Rosé Wine,1,variant_audit_2026-07-22,2026-08-07_top50_refresh
42913416413259,,7262191321163,,Moet & Chandon Imperial,187ML,moet-chandon-brut-imperial,ACTIVE,9034139,088110551025,2026-07-18 17:40:40,,,,,,,1,variant_audit_2026-07-22,2026-07-22
42913416446027,,7262190796875,,Belvedere Organic Vodka,1L,belvedere-organic-vodka,ACTIVE,3012512,081753837815,2026-07-18 17:40:45,,,,,,,1,variant_audit_2026-07-22,2026-07-22
42913416478795,,7262190796875,,Belvedere Organic Vodka,1.75L,belvedere-organic-vodka,ACTIVE,3012513,081753837808,2026-07-18 17:40:45,,,,,,,1,variant_audit_2026-07-22,2026-07-22
42913592377419,,7894023536715,,Owls Brew Rum Mojito,4pk-12oz Cans,owls-brew-rum-mojito,ACTIVE,,858187003938,2026-07-18 19:03:27,,,,,,,1,variant_audit_2026-07-22,2026-07-22
42921060073547,,8007004749899,,Prophecy Pinot Noir,750ML,prophecy-pinot-noir,ACTIVE,,https://qr.learn-more.net/TfMIwa,2026-07-20 22:43:12,,,,,,,1,variant_audit_2026-07-22,2026-07-22
42921080389707,,8007020642379,,Deep Eddy Espresso Vodka,1L,deep-eddy-espresso-vodka,ACTIVE,,096749007097,2026-07-20 23:13:46,,,,,,,1,variant_audit_2026-07-22,2026-07-22
42921080422475,,8007020642379,,Deep Eddy Espresso Vodka,50ML,deep-eddy-espresso-vodka,ACTIVE,,096749007073,2026-07-20 23:13:46,,,,,,,1,variant_audit_2026-07-22,2026-07-22
42921095397451,,7273141960779,,Di Amore Sambuca,1L,di-amore-sambuca,ACTIVE,,082928399862,2026-07-20 23:38:17,,,,,,,1,variant_audit_2026-07-22,2026-07-22
42922357981259,,8007046365259,,Unshackled Sauvignon Blanc,750ML,unshackled-sauvignon-blanc,ACTIVE,,086003255173,2026-07-21 00:20:43,,,,,,,1,variant_audit_2026-07-22,2026-07-22
42922362241099,,8007047217227,,Unshackled Chardonnay,750ML,unshackled-chardonnay,ACTIVE,,086003255210,2026-07-21 00:22:48,,,,,,,1,variant_audit_2026-07-22,2026-07-22
42922365780043,,8007050657867,,Josh Cellars Prosecco,750ML,josh-cellars-prosecco,ACTIVE,,031259003726,2026-07-21 00:29:36,,,,,,,1,variant_audit_2026-07-22,2026-07-22
